timestamp,section_id,sensor_id,raw_value,R0,GF,BF,thermal_coeff,rated_capacity_kN,temperature_C,validity_flag,converted_load_kN
2026-08-20 00:00:00,A,A1,8193.0,7000.0,0.1,1.0,0.0,200.0,24.79,VALID,119.3
2026-08-20 00:00:00,A,A2,8219.0,7000.0,0.1,1.0,0.0,200.0,25.19,VALID,121.9
2026-08-20 00:00:00,A,A3,8182.0,7000.0,0.1,1.0,0.0,200.0,24.74,VALID,118.2
2026-08-20 00:00:00,B,B1,8023.0,7000.0,0.1,1.0,0.0,200.0,24.94,VALID,102.3
2026-08-20 00:00:00,B,B2,8037.0,7000.0,0.1,1.0,0.0,200.0,24.83,VALID,103.7
2026-08-20 00:00:00,B,B3,8038.0,7000.0,0.1,1.0,0.0,200.0,25.16,VALID,103.8
2026-08-20 00:00:00,C,C1,8361.0,7000.0,0.1,1.0,0.0,200.0,25.23,VALID,136.1
2026-08-20 00:00:00,C,C2,8406.0,7000.0,0.1,1.0,0.0,200.0,24.83,VALID,140.6
2026-08-20 00:00:00,C,C3,8383.0,7000.0,0.1,1.0,0.0,200.0,24.81,VALID,138.3
2026-08-20 00:00:00,D,D1,7958.0,7000.0,0.1,1.0,0.0,200.0,24.99,VALID,95.8
2026-08-20 00:00:00,D,D2,7966.0,7000.0,0.1,1.0,0.0,200.0,24.86,VALID,96.6
2026-08-20 00:00:00,D,D3,7971.0,7000.0,0.1,1.0,0.0,200.0,24.97,VALID,97.1
2026-08-20 00:15:00,A,A1,8188.0,7000.0,0.1,1.0,0.0,200.0,25.13,VALID,118.8
2026-08-20 00:15:00,A,A2,8219.0,7000.0,0.1,1.0,0.0,200.0,25.27,VALID,121.9
2026-08-20 00:15:00,A,A3,8206.0,7000.0,0.1,1.0,0.0,200.0,25.28,VALID,120.6
2026-08-20 00:15:00,B,B1,8043.0,7000.0,0.1,1.0,0.0,200.0,25.11,VALID,104.3
2026-08-20 00:15:00,B,B2,8035.0,7000.0,0.1,1.0,0.0,200.0,25.03,VALID,103.5
2026-08-20 00:15:00,B,B3,8038.0,7000.0,0.1,1.0,0.0,200.0,25.42,VALID,103.8
2026-08-20 00:15:00,C,C1,8361.0,7000.0,0.1,1.0,0.0,200.0,25.03,VALID,136.1
2026-08-20 00:15:00,C,C2,8397.0,7000.0,0.1,1.0,0.0,200.0,25.33,VALID,139.7
2026-08-20 00:15:00,C,C3,8389.0,7000.0,0.1,1.0,0.0,200.0,25.3,VALID,138.9
2026-08-20 00:15:00,D,D1,7946.0,7000.0,0.1,1.0,0.0,200.0,25.24,VALID,94.6
2026-08-20 00:15:00,D,D2,7971.0,7000.0,0.1,1.0,0.0,200.0,25.24,VALID,97.1
2026-08-20 00:15:00,D,D3,7970.0,7000.0,0.1,1.0,0.0,200.0,25.24,VALID,97.0
2026-08-20 00:30:00,A,A1,8200.0,7000.0,0.1,1.0,0.0,200.0,25.41,VALID,120.0
2026-08-20 00:30:00,A,A2,8219.0,7000.0,0.1,1.0,0.0,200.0,25.52,VALID,121.9
2026-08-20 00:30:00,A,A3,8191.0,7000.0,0.1,1.0,0.0,200.0,25.33,VALID,119.1
2026-08-20 00:30:00,B,B1,8022.0,7000.0,0.1,1.0,0.0,200.0,25.26,VALID,102.2
2026-08-20 00:30:00,B,B2,8039.0,7000.0,0.1,1.0,0.0,200.0,25.69,VALID,103.9
2026-08-20 00:30:00,B,B3,8027.0,7000.0,0.1,1.0,0.0,200.0,25.59,VALID,102.7
2026-08-20 00:30:00,C,C1,8349.0,7000.0,0.1,1.0,0.0,200.0,25.32,VALID,134.9
2026-08-20 00:30:00,C,C2,8408.0,7000.0,0.1,1.0,0.0,200.0,25.51,VALID,140.8
2026-08-20 00:30:00,C,C3,8391.0,7000.0,0.1,1.0,0.0,200.0,25.55,VALID,139.1
2026-08-20 00:30:00,D,D1,7951.0,7000.0,0.1,1.0,0.0,200.0,25.3,VALID,95.1
2026-08-20 00:30:00,D,D2,7980.0,7000.0,0.1,1.0,0.0,200.0,25.35,VALID,98.0
2026-08-20 00:30:00,D,D3,7953.0,7000.0,0.1,1.0,0.0,200.0,25.16,VALID,95.3
2026-08-20 00:45:00,A,A1,8188.0,7000.0,0.1,1.0,0.0,200.0,25.68,VALID,118.8
2026-08-20 00:45:00,A,A2,8220.0,7000.0,0.1,1.0,0.0,200.0,25.72,VALID,122.0
2026-08-20 00:45:00,A,A3,8203.0,7000.0,0.1,1.0,0.0,200.0,25.62,VALID,120.3
2026-08-20 00:45:00,B,B1,8034.0,7000.0,0.1,1.0,0.0,200.0,25.52,VALID,103.4
2026-08-20 00:45:00,B,B2,8048.0,7000.0,0.1,1.0,0.0,200.0,25.45,VALID,104.8
2026-08-20 00:45:00,B,B3,8033.0,7000.0,0.1,1.0,0.0,200.0,25.51,VALID,103.3
2026-08-20 00:45:00,C,C1,8356.0,7000.0,0.1,1.0,0.0,200.0,25.68,VALID,135.6
2026-08-20 00:45:00,C,C2,8404.0,7000.0,0.1,1.0,0.0,200.0,25.59,VALID,140.4
2026-08-20 00:45:00,C,C3,8391.0,7000.0,0.1,1.0,0.0,200.0,25.67,VALID,139.1
2026-08-20 00:45:00,D,D1,7962.0,7000.0,0.1,1.0,0.0,200.0,25.57,VALID,96.2
2026-08-20 00:45:00,D,D2,7971.0,7000.0,0.1,1.0,0.0,200.0,25.57,VALID,97.1
2026-08-20 00:45:00,D,D3,7951.0,7000.0,0.1,1.0,0.0,200.0,25.3,VALID,95.1
2026-08-20 01:00:00,A,A1,8187.0,7000.0,0.1,1.0,0.0,200.0,25.58,VALID,118.7
2026-08-20 01:00:00,A,A2,8224.0,7000.0,0.1,1.0,0.0,200.0,25.6,VALID,122.4
2026-08-20 01:00:00,A,A3,8205.0,7000.0,0.1,1.0,0.0,200.0,26.04,VALID,120.5
2026-08-20 01:00:00,B,B1,8027.0,7000.0,0.1,1.0,0.0,200.0,25.92,VALID,102.7
2026-08-20 01:00:00,B,B2,8037.0,7000.0,0.1,1.0,0.0,200.0,25.74,VALID,103.7
2026-08-20 01:00:00,B,B3,8030.0,7000.0,0.1,1.0,0.0,200.0,25.71,VALID,103.0
2026-08-20 01:00:00,C,C1,8376.0,7000.0,0.1,1.0,0.0,200.0,25.43,VALID,137.6
2026-08-20 01:00:00,C,C2,8414.0,7000.0,0.1,1.0,0.0,200.0,25.82,VALID,141.4
2026-08-20 01:00:00,C,C3,8383.0,7000.0,0.1,1.0,0.0,200.0,25.49,VALID,138.3
2026-08-20 01:00:00,D,D1,7959.0,7000.0,0.1,1.0,0.0,200.0,25.67,VALID,95.9
2026-08-20 01:00:00,D,D2,7979.0,7000.0,0.1,1.0,0.0,200.0,25.78,VALID,97.9
2026-08-20 01:00:00,D,D3,7983.0,7000.0,0.1,1.0,0.0,200.0,25.73,VALID,98.3
2026-08-20 01:15:00,A,A1,8191.0,7000.0,0.1,1.0,0.0,200.0,26.0,VALID,119.1
2026-08-20 01:15:00,A,A2,6850.0,7000.0,0.1,1.0,0.0,200.0,26.24,VALID,-15.0
2026-08-20 01:15:00,A,A3,8218.0,7000.0,0.1,1.0,0.0,200.0,26.04,VALID,121.8
2026-08-20 01:15:00,B,B1,8046.0,7000.0,0.1,1.0,0.0,200.0,25.73,VALID,104.6
2026-08-20 01:15:00,B,B2,8042.0,7000.0,0.1,1.0,0.0,200.0,25.78,VALID,104.2
2026-08-20 01:15:00,B,B3,8037.0,7000.0,0.1,1.0,0.0,200.0,25.69,VALID,103.7
2026-08-20 01:15:00,C,C1,8376.0,7000.0,0.1,1.0,0.0,200.0,25.92,VALID,137.6
2026-08-20 01:15:00,C,C2,8399.0,7000.0,0.1,1.0,0.0,200.0,25.76,VALID,139.9
2026-08-20 01:15:00,C,C3,8393.0,7000.0,0.1,1.0,0.0,200.0,26.13,VALID,139.3
2026-08-20 01:15:00,D,D1,7979.0,7000.0,0.1,1.0,0.0,200.0,26.55,VALID,97.9
2026-08-20 01:15:00,D,D2,7982.0,7000.0,0.1,1.0,0.0,200.0,25.77,VALID,98.2
2026-08-20 01:15:00,D,D3,7951.0,7000.0,0.1,1.0,0.0,200.0,26.02,VALID,95.1
2026-08-20 01:30:00,A,A1,8195.0,7000.0,0.1,1.0,0.0,200.0,26.06,VALID,119.5
2026-08-20 01:30:00,A,A2,6850.0,7000.0,0.1,1.0,0.0,200.0,26.12,VALID,-15.0
2026-08-20 01:30:00,A,A3,8222.0,7000.0,0.1,1.0,0.0,200.0,26.18,VALID,122.2
2026-08-20 01:30:00,B,B1,8033.0,7000.0,0.1,1.0,0.0,200.0,25.94,VALID,103.3
2026-08-20 01:30:00,B,B2,8035.0,7000.0,0.1,1.0,0.0,200.0,26.05,VALID,103.5
2026-08-20 01:30:00,B,B3,8042.0,7000.0,0.1,1.0,0.0,200.0,26.5,VALID,104.2
2026-08-20 01:30:00,C,C1,8374.0,7000.0,0.1,1.0,0.0,200.0,26.34,VALID,137.4
2026-08-20 01:30:00,C,C2,8410.0,7000.0,0.1,1.0,0.0,200.0,25.91,VALID,141.0
2026-08-20 01:30:00,C,C3,8384.0,7000.0,0.1,1.0,0.0,200.0,26.0,VALID,138.4
2026-08-20 01:30:00,D,D1,7982.0,7000.0,0.1,1.0,0.0,200.0,25.98,VALID,98.2
2026-08-20 01:30:00,D,D2,7988.0,7000.0,0.1,1.0,0.0,200.0,25.97,VALID,98.8
2026-08-20 01:30:00,D,D3,7981.0,7000.0,0.1,1.0,0.0,200.0,26.23,VALID,98.1
2026-08-20 01:45:00,A,A1,8203.0,7000.0,0.1,1.0,0.0,200.0,26.32,VALID,120.3
2026-08-20 01:45:00,A,A2,6850.0,7000.0,0.1,1.0,0.0,200.0,26.42,VALID,-15.0
2026-08-20 01:45:00,A,A3,8211.0,7000.0,0.1,1.0,0.0,200.0,26.08,VALID,121.1
2026-08-20 01:45:00,B,B1,8025.0,7000.0,0.1,1.0,0.0,200.0,26.36,VALID,102.5
2026-08-20 01:45:00,B,B2,8066.0,7000.0,0.1,1.0,0.0,200.0,26.36,VALID,106.6
2026-08-20 01:45:00,B,B3,8044.0,7000.0,0.1,1.0,0.0,200.0,26.38,VALID,104.4
2026-08-20 01:45:00,C,C1,8386.0,7000.0,0.1,1.0,0.0,200.0,26.37,VALID,138.6
2026-08-20 01:45:00,C,C2,8413.0,7000.0,0.1,1.0,0.0,200.0,26.55,VALID,141.3
2026-08-20 01:45:00,C,C3,8398.0,7000.0,0.1,1.0,0.0,200.0,26.63,VALID,139.8
2026-08-20 01:45:00,D,D1,7966.0,7000.0,0.1,1.0,0.0,200.0,26.08,VALID,96.6
2026-08-20 01:45:00,D,D2,7970.0,7000.0,0.1,1.0,0.0,200.0,26.66,VALID,97.0
2026-08-20 01:45:00,D,D3,7990.0,7000.0,0.1,1.0,0.0,200.0,26.29,VALID,99.0
2026-08-20 02:00:00,A,A1,8203.0,7000.0,0.1,1.0,0.0,200.0,26.79,VALID,120.3
2026-08-20 02:00:00,A,A2,6850.0,7000.0,0.1,1.0,0.0,200.0,26.32,VALID,-15.0
2026-08-20 02:00:00,A,A3,8222.0,7000.0,0.1,1.0,0.0,200.0,26.42,VALID,122.2
2026-08-20 02:00:00,B,B1,8039.0,7000.0,0.1,1.0,0.0,200.0,26.47,VALID,103.9
2026-08-20 02:00:00,B,B2,8057.0,7000.0,0.1,1.0,0.0,200.0,26.78,VALID,105.7
2026-08-20 02:00:00,B,B3,8047.0,7000.0,0.1,1.0,0.0,200.0,26.63,VALID,104.7
2026-08-20 02:00:00,C,C1,8358.0,7000.0,0.1,1.0,0.0,200.0,26.49,VALID,135.8
2026-08-20 02:00:00,C,C2,8411.0,7000.0,0.1,1.0,0.0,200.0,26.26,VALID,141.1
2026-08-20 02:00:00,C,C3,8389.0,7000.0,0.1,1.0,0.0,200.0,26.43,VALID,138.9
2026-08-20 02:00:00,D,D1,7975.0,7000.0,0.1,1.0,0.0,200.0,26.23,VALID,97.5
2026-08-20 02:00:00,D,D2,7985.0,7000.0,0.1,1.0,0.0,200.0,26.4,VALID,98.5
2026-08-20 02:00:00,D,D3,7974.0,7000.0,0.1,1.0,0.0,200.0,26.7,VALID,97.4
2026-08-20 02:15:00,A,A1,8213.0,7000.0,0.1,1.0,0.0,200.0,26.93,VALID,121.3
2026-08-20 02:15:00,A,A2,6850.0,7000.0,0.1,1.0,0.0,200.0,26.53,VALID,-15.0
2026-08-20 02:15:00,A,A3,8216.0,7000.0,0.1,1.0,0.0,200.0,26.72,VALID,121.6
2026-08-20 02:15:00,B,B1,8042.0,7000.0,0.1,1.0,0.0,200.0,26.45,VALID,104.2
2026-08-20 02:15:00,B,B2,8056.0,7000.0,0.1,1.0,0.0,200.0,26.71,VALID,105.6
2026-08-20 02:15:00,B,B3,8071.0,7000.0,0.1,1.0,0.0,200.0,27.04,VALID,107.1
2026-08-20 02:15:00,C,C1,8371.0,7000.0,0.1,1.0,0.0,200.0,26.61,VALID,137.1
2026-08-20 02:15:00,C,C2,8407.0,7000.0,0.1,1.0,0.0,200.0,26.55,VALID,140.7
2026-08-20 02:15:00,C,C3,8401.0,7000.0,0.1,1.0,0.0,200.0,26.91,VALID,140.1
2026-08-20 02:15:00,D,D1,7962.0,7000.0,0.1,1.0,0.0,200.0,26.54,VALID,96.2
2026-08-20 02:15:00,D,D2,7967.0,7000.0,0.1,1.0,0.0,200.0,26.63,VALID,96.7
2026-08-20 02:15:00,D,D3,7969.0,7000.0,0.1,1.0,0.0,200.0,26.56,VALID,96.9
2026-08-20 02:30:00,A,A1,8202.0,7000.0,0.1,1.0,0.0,200.0,26.81,VALID,120.2
2026-08-20 02:30:00,A,A2,6850.0,7000.0,0.1,1.0,0.0,200.0,26.53,VALID,-15.0
2026-08-20 02:30:00,A,A3,8239.0,7000.0,0.1,1.0,0.0,200.0,26.57,VALID,123.9
2026-08-20 02:30:00,B,B1,8032.0,7000.0,0.1,1.0,0.0,200.0,27.19,VALID,103.2
2026-08-20 02:30:00,B,B2,8083.0,7000.0,0.1,1.0,0.0,200.0,26.59,VALID,108.3
2026-08-20 02:30:00,B,B3,8047.0,7000.0,0.1,1.0,0.0,200.0,26.89,VALID,104.7
2026-08-20 02:30:00,C,C1,8396.0,7000.0,0.1,1.0,0.0,200.0,26.63,VALID,139.6
2026-08-20 02:30:00,C,C2,8420.0,7000.0,0.1,1.0,0.0,200.0,26.98,VALID,142.0
2026-08-20 02:30:00,C,C3,8404.0,7000.0,0.1,1.0,0.0,200.0,26.75,VALID,140.4
2026-08-20 02:30:00,D,D1,7969.0,7000.0,0.1,1.0,0.0,200.0,26.55,VALID,96.9
2026-08-20 02:30:00,D,D2,7986.0,7000.0,0.1,1.0,0.0,200.0,26.77,VALID,98.6
2026-08-20 02:30:00,D,D3,7982.0,7000.0,0.1,1.0,0.0,200.0,26.72,VALID,98.2
2026-08-20 02:45:00,A,A1,8216.0,7000.0,0.1,1.0,0.0,200.0,27.18,VALID,121.6
2026-08-20 02:45:00,A,A2,6850.0,7000.0,0.1,1.0,0.0,200.0,27.05,VALID,-15.0
2026-08-20 02:45:00,A,A3,8222.0,7000.0,0.1,1.0,0.0,200.0,26.98,VALID,122.2
2026-08-20 02:45:00,B,B1,8037.0,7000.0,0.1,1.0,0.0,200.0,27.04,VALID,103.7
2026-08-20 02:45:00,B,B2,8058.0,7000.0,0.1,1.0,0.0,200.0,27.4,VALID,105.8
2026-08-20 02:45:00,B,B3,8066.0,7000.0,0.1,1.0,0.0,200.0,27.06,VALID,106.6
2026-08-20 02:45:00,C,C1,8375.0,7000.0,0.1,1.0,0.0,200.0,26.76,VALID,137.5
2026-08-20 02:45:00,C,C2,8435.0,7000.0,0.1,1.0,0.0,200.0,27.03,VALID,143.5
2026-08-20 02:45:00,C,C3,8406.0,7000.0,0.1,1.0,0.0,200.0,26.63,VALID,140.6
2026-08-20 02:45:00,D,D1,7980.0,7000.0,0.1,1.0,0.0,200.0,27.07,VALID,98.0
2026-08-20 02:45:00,D,D2,7980.0,7000.0,0.1,1.0,0.0,200.0,26.88,VALID,98.0
2026-08-20 02:45:00,D,D3,7984.0,7000.0,0.1,1.0,0.0,200.0,26.99,VALID,98.4
2026-08-20 03:00:00,A,A1,8211.0,7000.0,0.1,1.0,0.0,200.0,27.1,VALID,121.1
2026-08-20 03:00:00,A,A2,6850.0,7000.0,0.1,1.0,0.0,200.0,27.15,VALID,-15.0
2026-08-20 03:00:00,A,A3,8237.0,7000.0,0.1,1.0,0.0,200.0,26.61,VALID,123.7
2026-08-20 03:00:00,B,B1,8043.0,7000.0,0.1,1.0,0.0,200.0,27.16,VALID,104.3
2026-08-20 03:00:00,B,B2,8063.0,7000.0,0.1,1.0,0.0,200.0,27.05,VALID,106.3
2026-08-20 03:00:00,B,B3,8038.0,7000.0,0.1,1.0,0.0,200.0,27.19,VALID,103.8
2026-08-20 03:00:00,C,C1,8399.0,7000.0,0.1,1.0,0.0,200.0,26.81,VALID,139.9
2026-08-20 03:00:00,C,C2,8433.0,7000.0,0.1,1.0,0.0,200.0,27.06,VALID,143.3
2026-08-20 03:00:00,C,C3,8403.0,7000.0,0.1,1.0,0.0,200.0,26.91,VALID,140.3
2026-08-20 03:00:00,D,D1,7971.0,7000.0,0.1,1.0,0.0,200.0,27.38,VALID,97.1
2026-08-20 03:00:00,D,D2,7997.0,7000.0,0.1,1.0,0.0,200.0,27.47,VALID,99.7
2026-08-20 03:00:00,D,D3,7994.0,7000.0,0.1,1.0,0.0,200.0,27.21,VALID,99.4
2026-08-20 03:15:00,A,A1,8231.0,7000.0,0.1,1.0,0.0,200.0,27.34,VALID,123.1
2026-08-20 03:15:00,A,A2,6850.0,7000.0,0.1,1.0,0.0,200.0,27.2,VALID,-15.0
2026-08-20 03:15:00,A,A3,8226.0,7000.0,0.1,1.0,0.0,200.0,27.12,VALID,122.6
2026-08-20 03:15:00,B,B1,8056.0,7000.0,0.1,1.0,0.0,200.0,27.02,VALID,105.6
2026-08-20 03:15:00,B,B2,8069.0,7000.0,0.1,1.0,0.0,200.0,27.22,VALID,106.9
2026-08-20 03:15:00,B,B3,8066.0,7000.0,0.1,1.0,0.0,200.0,27.41,VALID,106.6
2026-08-20 03:15:00,C,C1,8401.0,7000.0,0.1,1.0,0.0,200.0,27.4,VALID,140.1
2026-08-20 03:15:00,C,C2,8413.0,7000.0,0.1,1.0,0.0,200.0,27.24,VALID,141.3
2026-08-20 03:15:00,C,C3,8395.0,7000.0,0.1,1.0,0.0,200.0,27.15,VALID,139.5
2026-08-20 03:15:00,D,D1,7989.0,7000.0,0.1,1.0,0.0,200.0,27.38,VALID,98.9
2026-08-20 03:15:00,D,D2,7987.0,7000.0,0.1,1.0,0.0,200.0,27.05,VALID,98.7
2026-08-20 03:15:00,D,D3,7985.0,7000.0,0.1,1.0,0.0,200.0,27.01,VALID,98.5
2026-08-20 03:30:00,A,A1,8210.0,7000.0,0.1,1.0,0.0,200.0,27.44,VALID,121.0
2026-08-20 03:30:00,A,A2,6850.0,7000.0,0.1,1.0,0.0,200.0,27.5,VALID,-15.0
2026-08-20 03:30:00,A,A3,8206.0,7000.0,0.1,1.0,0.0,200.0,27.44,VALID,120.6
2026-08-20 03:30:00,B,B1,8049.0,7000.0,0.1,1.0,0.0,200.0,27.46,VALID,104.9
2026-08-20 03:30:00,B,B2,8078.0,7000.0,0.1,1.0,0.0,200.0,26.97,VALID,107.8
2026-08-20 03:30:00,B,B3,8051.0,7000.0,0.1,1.0,0.0,200.0,27.5,VALID,105.1
2026-08-20 03:30:00,C,C1,8372.0,7000.0,0.1,1.0,0.0,200.0,27.68,VALID,137.2
2026-08-20 03:30:00,C,C2,8432.0,7000.0,0.1,1.0,0.0,200.0,27.55,VALID,143.2
2026-08-20 03:30:00,C,C3,8401.0,7000.0,0.1,1.0,0.0,200.0,27.54,VALID,140.1
2026-08-20 03:30:00,D,D1,7986.0,7000.0,0.1,1.0,0.0,200.0,27.43,VALID,98.6
2026-08-20 03:30:00,D,D2,7997.0,7000.0,0.1,1.0,0.0,200.0,27.43,VALID,99.7
2026-08-20 03:30:00,D,D3,7979.0,7000.0,0.1,1.0,0.0,200.0,27.35,VALID,97.9
2026-08-20 03:45:00,A,A1,8216.0,7000.0,0.1,1.0,0.0,200.0,27.57,VALID,121.6
2026-08-20 03:45:00,A,A2,6850.0,7000.0,0.1,1.0,0.0,200.0,27.28,VALID,-15.0
2026-08-20 03:45:00,A,A3,8227.0,7000.0,0.1,1.0,0.0,200.0,27.79,VALID,122.7
2026-08-20 03:45:00,B,B1,8043.0,7000.0,0.1,1.0,0.0,200.0,27.33,VALID,104.3
2026-08-20 03:45:00,B,B2,8067.0,7000.0,0.1,1.0,0.0,200.0,27.66,VALID,106.7
2026-08-20 03:45:00,B,B3,8058.0,7000.0,0.1,1.0,0.0,200.0,27.76,VALID,105.8
2026-08-20 03:45:00,C,C1,8396.0,7000.0,0.1,1.0,0.0,200.0,27.66,VALID,139.6
2026-08-20 03:45:00,C,C2,8435.0,7000.0,0.1,1.0,0.0,200.0,27.96,VALID,143.5
2026-08-20 03:45:00,C,C3,8406.0,7000.0,0.1,1.0,0.0,200.0,27.09,VALID,140.6
2026-08-20 03:45:00,D,D1,7992.0,7000.0,0.1,1.0,0.0,200.0,27.4,VALID,99.2
2026-08-20 03:45:00,D,D2,7997.0,7000.0,0.1,1.0,0.0,200.0,27.76,VALID,99.7
2026-08-20 03:45:00,D,D3,7973.0,7000.0,0.1,1.0,0.0,200.0,27.24,VALID,97.3
2026-08-20 04:00:00,A,A1,8205.0,7000.0,0.1,1.0,0.0,200.0,27.44,VALID,120.5
2026-08-20 04:00:00,A,A2,8245.0,7000.0,0.1,1.0,0.0,200.0,27.7,VALID,124.5
2026-08-20 04:00:00,A,A3,8232.0,7000.0,0.1,1.0,0.0,200.0,27.32,VALID,123.2
2026-08-20 04:00:00,B,B1,8030.0,7000.0,0.1,1.0,0.0,200.0,27.61,VALID,103.0
2026-08-20 04:00:00,B,B2,8062.0,7000.0,0.1,1.0,0.0,200.0,27.69,VALID,106.2
2026-08-20 04:00:00,B,B3,8065.0,7000.0,0.1,1.0,0.0,200.0,27.63,VALID,106.5
2026-08-20 04:00:00,C,C1,8396.0,7000.0,0.1,1.0,0.0,200.0,27.64,VALID,139.6
2026-08-20 04:00:00,C,C2,8436.0,7000.0,0.1,1.0,0.0,200.0,27.46,VALID,143.6
2026-08-20 04:00:00,C,C3,8407.0,7000.0,0.1,1.0,0.0,200.0,27.64,VALID,140.7
2026-08-20 04:00:00,D,D1,7986.0,7000.0,0.1,1.0,0.0,200.0,27.52,VALID,98.6
2026-08-20 04:00:00,D,D2,8002.0,7000.0,0.1,1.0,0.0,200.0,27.54,VALID,100.2
2026-08-20 04:00:00,D,D3,7988.0,7000.0,0.1,1.0,0.0,200.0,27.76,VALID,98.8
2026-08-20 04:15:00,A,A1,8202.0,7000.0,0.1,1.0,0.0,200.0,27.43,VALID,120.2
2026-08-20 04:15:00,A,A2,8229.0,7000.0,0.1,1.0,0.0,200.0,27.22,VALID,122.9
2026-08-20 04:15:00,A,A3,8224.0,7000.0,0.1,1.0,0.0,200.0,27.84,VALID,122.4
2026-08-20 04:15:00,B,B1,8050.0,7000.0,0.1,1.0,0.0,200.0,27.73,VALID,105.0
2026-08-20 04:15:00,B,B2,8077.0,7000.0,0.1,1.0,0.0,200.0,27.96,VALID,107.7
2026-08-20 04:15:00,B,B3,8060.0,7000.0,0.1,1.0,0.0,200.0,27.96,VALID,106.0
2026-08-20 04:15:00,C,C1,8391.0,7000.0,0.1,1.0,0.0,200.0,27.52,VALID,139.1
2026-08-20 04:15:00,C,C2,8427.0,7000.0,0.1,1.0,0.0,200.0,27.39,VALID,142.7
2026-08-20 04:15:00,C,C3,8402.0,7000.0,0.1,1.0,0.0,200.0,27.62,VALID,140.2
2026-08-20 04:15:00,D,D1,7987.0,7000.0,0.1,1.0,0.0,200.0,28.03,VALID,98.7
2026-08-20 04:15:00,D,D2,7986.0,7000.0,0.1,1.0,0.0,200.0,27.77,VALID,98.6
2026-08-20 04:15:00,D,D3,7981.0,7000.0,0.1,1.0,0.0,200.0,27.79,VALID,98.1
2026-08-20 04:30:00,A,A1,8220.0,7000.0,0.1,1.0,0.0,200.0,27.41,VALID,122.0
2026-08-20 04:30:00,A,A2,8252.0,7000.0,0.1,1.0,0.0,200.0,27.65,VALID,125.2
2026-08-20 04:30:00,A,A3,8226.0,7000.0,0.1,1.0,0.0,200.0,27.56,VALID,122.6
2026-08-20 04:30:00,B,B1,8047.0,7000.0,0.1,1.0,0.0,200.0,27.86,VALID,104.7
2026-08-20 04:30:00,B,B2,8067.0,7000.0,0.1,1.0,0.0,200.0,27.84,VALID,106.7
2026-08-20 04:30:00,B,B3,8064.0,7000.0,0.1,1.0,0.0,200.0,28.04,VALID,106.4
2026-08-20 04:30:00,C,C1,8388.0,7000.0,0.1,1.0,0.0,200.0,27.48,VALID,138.8
2026-08-20 04:30:00,C,C2,8443.0,7000.0,0.1,1.0,0.0,200.0,27.71,VALID,144.3
2026-08-20 04:30:00,C,C3,8421.0,7000.0,0.1,1.0,0.0,200.0,27.85,VALID,142.1
2026-08-20 04:30:00,D,D1,7980.0,7000.0,0.1,1.0,0.0,200.0,27.84,VALID,98.0
2026-08-20 04:30:00,D,D2,8017.0,7000.0,0.1,1.0,0.0,200.0,28.19,VALID,101.7
2026-08-20 04:30:00,D,D3,7992.0,7000.0,0.1,1.0,0.0,200.0,27.8,VALID,99.2
2026-08-20 04:45:00,A,A1,8232.0,7000.0,0.1,1.0,0.0,200.0,27.67,VALID,123.2
2026-08-20 04:45:00,A,A2,8247.0,7000.0,0.1,1.0,0.0,200.0,27.84,VALID,124.7
2026-08-20 04:45:00,A,A3,8235.0,7000.0,0.1,1.0,0.0,200.0,27.67,VALID,123.5
2026-08-20 04:45:00,B,B1,8040.0,7000.0,0.1,1.0,0.0,200.0,27.43,VALID,104.0
2026-08-20 04:45:00,B,B2,8059.0,7000.0,0.1,1.0,0.0,200.0,27.75,VALID,105.9
2026-08-20 04:45:00,B,B3,8059.0,7000.0,0.1,1.0,0.0,200.0,28.23,VALID,105.9
2026-08-20 04:45:00,C,C1,8402.0,7000.0,0.1,1.0,0.0,200.0,27.65,VALID,140.2
2026-08-20 04:45:00,C,C2,8437.0,7000.0,0.1,1.0,0.0,200.0,27.76,VALID,143.7
2026-08-20 04:45:00,C,C3,8410.0,7000.0,0.1,1.0,0.0,200.0,27.88,VALID,141.0
2026-08-20 04:45:00,D,D1,7988.0,7000.0,0.1,1.0,0.0,200.0,27.77,VALID,98.8
2026-08-20 04:45:00,D,D2,8010.0,7000.0,0.1,1.0,0.0,200.0,27.61,VALID,101.0
2026-08-20 04:45:00,D,D3,7992.0,7000.0,0.1,1.0,0.0,200.0,28.36,VALID,99.2
2026-08-20 05:00:00,A,A1,8225.0,7000.0,0.1,1.0,0.0,200.0,28.18,VALID,122.5
2026-08-20 05:00:00,A,A2,8246.0,7000.0,0.1,1.0,0.0,200.0,28.01,VALID,124.6
2026-08-20 05:00:00,A,A3,8232.0,7000.0,0.1,1.0,0.0,200.0,27.86,VALID,123.2
2026-08-20 05:00:00,B,B1,8048.0,7000.0,0.1,1.0,0.0,200.0,27.98,VALID,104.8
2026-08-20 05:00:00,B,B2,8062.0,7000.0,0.1,1.0,0.0,200.0,28.03,VALID,106.2
2026-08-20 05:00:00,B,B3,8073.0,7000.0,0.1,1.0,0.0,200.0,27.97,VALID,107.3
2026-08-20 05:00:00,C,C1,8390.0,7000.0,0.1,1.0,0.0,200.0,27.99,VALID,139.0
2026-08-20 05:00:00,C,C2,8432.0,7000.0,0.1,1.0,0.0,200.0,28.08,VALID,143.2
2026-08-20 05:00:00,C,C3,8396.0,7000.0,0.1,1.0,0.0,200.0,27.83,VALID,139.6
2026-08-20 05:00:00,D,D1,7965.0,7000.0,0.1,1.0,0.0,200.0,27.6,VALID,96.5
2026-08-20 05:00:00,D,D2,8013.0,7000.0,0.1,1.0,0.0,200.0,28.08,VALID,101.3
2026-08-20 05:00:00,D,D3,7986.0,7000.0,0.1,1.0,0.0,200.0,27.6,VALID,98.6
2026-08-20 05:15:00,A,A1,8197.0,7000.0,0.1,1.0,0.0,200.0,27.83,VALID,119.7
2026-08-20 05:15:00,A,A2,8267.0,7000.0,0.1,1.0,0.0,200.0,28.03,VALID,126.7
2026-08-20 05:15:00,A,A3,8228.0,7000.0,0.1,1.0,0.0,200.0,28.04,VALID,122.8
2026-08-20 05:15:00,B,B1,8041.0,7000.0,0.1,1.0,0.0,200.0,27.88,VALID,104.1
2026-08-20 05:15:00,B,B2,8071.0,7000.0,0.1,1.0,0.0,200.0,27.93,VALID,107.1
2026-08-20 05:15:00,B,B3,8071.0,7000.0,0.1,1.0,0.0,200.0,28.01,VALID,107.1
2026-08-20 05:15:00,C,C1,8400.0,7000.0,0.1,1.0,0.0,200.0,27.8,VALID,140.0
2026-08-20 05:15:00,C,C2,8444.0,7000.0,0.1,1.0,0.0,200.0,28.27,VALID,144.4
2026-08-20 05:15:00,C,C3,8405.0,7000.0,0.1,1.0,0.0,200.0,27.76,VALID,140.5
2026-08-20 05:15:00,D,D1,7996.0,7000.0,0.1,1.0,0.0,200.0,27.9,VALID,99.6
2026-08-20 05:15:00,D,D2,8014.0,7000.0,0.1,1.0,0.0,200.0,27.85,VALID,101.4
2026-08-20 05:15:00,D,D3,8007.0,7000.0,0.1,1.0,0.0,200.0,27.97,VALID,100.7
2026-08-20 05:30:00,A,A1,8226.0,7000.0,0.1,1.0,0.0,200.0,28.29,VALID,122.6
2026-08-20 05:30:00,A,A2,8243.0,7000.0,0.1,1.0,0.0,200.0,27.79,VALID,124.3
2026-08-20 05:30:00,A,A3,8230.0,7000.0,0.1,1.0,0.0,200.0,28.06,VALID,123.0
2026-08-20 05:30:00,B,B1,8042.0,7000.0,0.1,1.0,0.0,200.0,28.1,VALID,104.2
2026-08-20 05:30:00,B,B2,8066.0,7000.0,0.1,1.0,0.0,200.0,28.2,VALID,106.6
2026-08-20 05:30:00,B,B3,8042.0,7000.0,0.1,1.0,0.0,200.0,27.82,VALID,104.2
2026-08-20 05:30:00,C,C1,8379.0,7000.0,0.1,1.0,0.0,200.0,27.81,VALID,137.9
2026-08-20 05:30:00,C,C2,8438.0,7000.0,0.1,1.0,0.0,200.0,27.94,VALID,143.8
2026-08-20 05:30:00,C,C3,8412.0,7000.0,0.1,1.0,0.0,200.0,27.94,VALID,141.2
2026-08-20 05:30:00,D,D1,7986.0,7000.0,0.1,1.0,0.0,200.0,27.77,VALID,98.6
2026-08-20 05:30:00,D,D2,8008.0,7000.0,0.1,1.0,0.0,200.0,28.11,VALID,100.8
2026-08-20 05:30:00,D,D3,7997.0,7000.0,0.1,1.0,0.0,200.0,28.09,VALID,99.7
2026-08-20 05:45:00,A,A1,8227.0,7000.0,0.1,1.0,0.0,200.0,28.4,VALID,122.7
2026-08-20 05:45:00,A,A2,8246.0,7000.0,0.1,1.0,0.0,200.0,27.93,VALID,124.6
2026-08-20 05:45:00,A,A3,8228.0,7000.0,0.1,1.0,0.0,200.0,27.79,VALID,122.8
2026-08-20 05:45:00,B,B1,8045.0,7000.0,0.1,1.0,0.0,200.0,27.82,VALID,104.5
2026-08-20 05:45:00,B,B2,8071.0,7000.0,0.1,1.0,0.0,200.0,28.06,VALID,107.1
2026-08-20 05:45:00,B,B3,8065.0,7000.0,0.1,1.0,0.0,200.0,27.84,VALID,106.5
2026-08-20 05:45:00,C,C1,8402.0,7000.0,0.1,1.0,0.0,200.0,28.14,VALID,140.2
2026-08-20 05:45:00,C,C2,8435.0,7000.0,0.1,1.0,0.0,200.0,27.86,VALID,143.5
2026-08-20 05:45:00,C,C3,8419.0,7000.0,0.1,1.0,0.0,200.0,28.03,VALID,141.9
2026-08-20 05:45:00,D,D1,7971.0,7000.0,0.1,1.0,0.0,200.0,27.98,VALID,97.1
2026-08-20 05:45:00,D,D2,8005.0,7000.0,0.1,1.0,0.0,200.0,27.81,VALID,100.5
2026-08-20 05:45:00,D,D3,7996.0,7000.0,0.1,1.0,0.0,200.0,27.7,VALID,99.6
2026-08-20 06:00:00,A,A1,8237.0,7000.0,0.1,1.0,0.0,200.0,28.25,VALID,123.7
2026-08-20 06:00:00,A,A2,8244.0,7000.0,0.1,1.0,0.0,200.0,28.07,VALID,124.4
2026-08-20 06:00:00,A,A3,8213.0,7000.0,0.1,1.0,0.0,200.0,27.77,VALID,121.3
2026-08-20 06:00:00,B,B1,8054.0,7000.0,0.1,1.0,0.0,200.0,27.79,VALID,105.4
2026-08-20 06:00:00,B,B2,8078.0,7000.0,0.1,1.0,0.0,200.0,28.4,VALID,107.8
2026-08-20 06:00:00,B,B3,8054.0,7000.0,0.1,1.0,0.0,200.0,27.83,VALID,105.4
2026-08-20 06:00:00,C,C1,8397.0,7000.0,0.1,1.0,0.0,200.0,28.32,VALID,139.7
2026-08-20 06:00:00,C,C2,8426.0,7000.0,0.1,1.0,0.0,200.0,28.05,VALID,142.6
2026-08-20 06:00:00,C,C3,8431.0,7000.0,0.1,1.0,0.0,200.0,27.67,VALID,143.1
2026-08-20 06:00:00,D,D1,7973.0,7000.0,0.1,1.0,0.0,200.0,27.92,VALID,97.3
2026-08-20 06:00:00,D,D2,7998.0,7000.0,0.1,1.0,0.0,200.0,28.16,VALID,99.8
2026-08-20 06:00:00,D,D3,7997.0,7000.0,0.1,1.0,0.0,200.0,27.65,VALID,99.7
2026-08-20 06:15:00,A,A1,8229.0,7000.0,0.1,1.0,0.0,200.0,27.88,VALID,122.9
2026-08-20 06:15:00,A,A2,8258.0,7000.0,0.1,1.0,0.0,200.0,27.87,VALID,125.8
2026-08-20 06:15:00,A,A3,8229.0,7000.0,0.1,1.0,0.0,200.0,28.1,VALID,122.9
2026-08-20 06:15:00,B,B1,6800.0,7000.0,0.1,1.0,0.0,200.0,28.08,VALID,-20.0
2026-08-20 06:15:00,B,B2,8057.0,7000.0,0.1,1.0,0.0,200.0,28.1,VALID,105.7
2026-08-20 06:15:00,B,B3,8055.0,7000.0,0.1,1.0,0.0,200.0,28.04,VALID,105.5
2026-08-20 06:15:00,C,C1,8382.0,7000.0,0.1,1.0,0.0,200.0,28.08,VALID,138.2
2026-08-20 06:15:00,C,C2,8429.0,7000.0,0.1,1.0,0.0,200.0,27.74,VALID,142.9
2026-08-20 06:15:00,C,C3,8421.0,7000.0,0.1,1.0,0.0,200.0,28.04,VALID,142.1
2026-08-20 06:15:00,D,D1,7979.0,7000.0,0.1,1.0,0.0,200.0,28.28,VALID,97.9
2026-08-20 06:15:00,D,D2,7999.0,7000.0,0.1,1.0,0.0,200.0,28.0,VALID,99.9
2026-08-20 06:15:00,D,D3,7997.0,7000.0,0.1,1.0,0.0,200.0,27.87,VALID,99.7
2026-08-20 06:30:00,A,A1,8229.0,7000.0,0.1,1.0,0.0,200.0,27.87,VALID,122.9
2026-08-20 06:30:00,A,A2,8243.0,7000.0,0.1,1.0,0.0,200.0,28.25,VALID,124.3
2026-08-20 06:30:00,A,A3,8225.0,7000.0,0.1,1.0,0.0,200.0,27.49,VALID,122.5
2026-08-20 06:30:00,B,B1,6800.0,7000.0,0.1,1.0,0.0,200.0,28.48,VALID,-20.0
2026-08-20 06:30:00,B,B2,8068.0,7000.0,0.1,1.0,0.0,200.0,27.59,VALID,106.8
2026-08-20 06:30:00,B,B3,8062.0,7000.0,0.1,1.0,0.0,200.0,27.92,VALID,106.2
2026-08-20 06:30:00,C,C1,8393.0,7000.0,0.1,1.0,0.0,200.0,27.75,VALID,139.3
2026-08-20 06:30:00,C,C2,8442.0,7000.0,0.1,1.0,0.0,200.0,28.08,VALID,144.2
2026-08-20 06:30:00,C,C3,8401.0,7000.0,0.1,1.0,0.0,200.0,28.11,VALID,140.1
2026-08-20 06:30:00,D,D1,8003.0,7000.0,0.1,1.0,0.0,200.0,28.01,VALID,100.3
2026-08-20 06:30:00,D,D2,8000.0,7000.0,0.1,1.0,0.0,200.0,27.95,VALID,100.0
2026-08-20 06:30:00,D,D3,8000.0,7000.0,0.1,1.0,0.0,200.0,27.63,VALID,100.0
2026-08-20 06:45:00,A,A1,8226.0,7000.0,0.1,1.0,0.0,200.0,27.86,VALID,122.6
2026-08-20 06:45:00,A,A2,8263.0,7000.0,0.1,1.0,0.0,200.0,27.91,VALID,126.3
2026-08-20 06:45:00,A,A3,8250.0,7000.0,0.1,1.0,0.0,200.0,27.72,VALID,125.0
2026-08-20 06:45:00,B,B1,6800.0,7000.0,0.1,1.0,0.0,200.0,28.01,VALID,-20.0
2026-08-20 06:45:00,B,B2,8064.0,7000.0,0.1,1.0,0.0,200.0,27.98,VALID,106.4
2026-08-20 06:45:00,B,B3,8076.0,7000.0,0.1,1.0,0.0,200.0,27.88,VALID,107.6
2026-08-20 06:45:00,C,C1,8379.0,7000.0,0.1,1.0,0.0,200.0,27.94,VALID,137.9
2026-08-20 06:45:00,C,C2,8428.0,7000.0,0.1,1.0,0.0,200.0,27.87,VALID,142.8
2026-08-20 06:45:00,C,C3,8414.0,7000.0,0.1,1.0,0.0,200.0,27.6,VALID,141.4
2026-08-20 06:45:00,D,D1,7970.0,7000.0,0.1,1.0,0.0,200.0,28.04,VALID,97.0
2026-08-20 06:45:00,D,D2,7998.0,7000.0,0.1,1.0,0.0,200.0,27.43,VALID,99.8
2026-08-20 06:45:00,D,D3,8002.0,7000.0,0.1,1.0,0.0,200.0,28.0,VALID,100.2
2026-08-20 07:00:00,A,A1,8218.0,7000.0,0.1,1.0,0.0,200.0,27.63,VALID,121.8
2026-08-20 07:00:00,A,A2,8254.0,7000.0,0.1,1.0,0.0,200.0,27.97,VALID,125.4
2026-08-20 07:00:00,A,A3,8256.0,7000.0,0.1,1.0,0.0,200.0,27.98,VALID,125.6
2026-08-20 07:00:00,B,B1,6800.0,7000.0,0.1,1.0,0.0,200.0,27.86,VALID,-20.0
2026-08-20 07:00:00,B,B2,8079.0,7000.0,0.1,1.0,0.0,200.0,28.02,VALID,107.9
2026-08-20 07:00:00,B,B3,8076.0,7000.0,0.1,1.0,0.0,200.0,27.79,VALID,107.6
2026-08-20 07:00:00,C,C1,8390.0,7000.0,0.1,1.0,0.0,200.0,27.8,VALID,139.0
2026-08-20 07:00:00,C,C2,8443.0,7000.0,0.1,1.0,0.0,200.0,28.2,VALID,144.3
2026-08-20 07:00:00,C,C3,8410.0,7000.0,0.1,1.0,0.0,200.0,27.81,VALID,141.0
2026-08-20 07:00:00,D,D1,7987.0,7000.0,0.1,1.0,0.0,200.0,27.85,VALID,98.7
2026-08-20 07:00:00,D,D2,8011.0,7000.0,0.1,1.0,0.0,200.0,27.45,VALID,101.1
2026-08-20 07:00:00,D,D3,7987.0,7000.0,0.1,1.0,0.0,200.0,27.74,VALID,98.7
2026-08-20 07:15:00,A,A1,8203.0,7000.0,0.1,1.0,0.0,200.0,27.65,VALID,120.3
2026-08-20 07:15:00,A,A2,8238.0,7000.0,0.1,1.0,0.0,200.0,27.8,VALID,123.8
2026-08-20 07:15:00,A,A3,8244.0,7000.0,0.1,1.0,0.0,200.0,27.79,VALID,124.4
2026-08-20 07:15:00,B,B1,6800.0,7000.0,0.1,1.0,0.0,200.0,27.83,VALID,-20.0
2026-08-20 07:15:00,B,B2,8080.0,7000.0,0.1,1.0,0.0,200.0,27.65,VALID,108.0
2026-08-20 07:15:00,B,B3,8056.0,7000.0,0.1,1.0,0.0,200.0,27.95,VALID,105.6
2026-08-20 07:15:00,C,C1,8392.0,7000.0,0.1,1.0,0.0,200.0,27.97,VALID,139.2
2026-08-20 07:15:00,C,C2,8436.0,7000.0,0.1,1.0,0.0,200.0,27.98,VALID,143.6
2026-08-20 07:15:00,C,C3,8405.0,7000.0,0.1,1.0,0.0,200.0,27.84,VALID,140.5
2026-08-20 07:15:00,D,D1,7982.0,7000.0,0.1,1.0,0.0,200.0,27.6,VALID,98.2
2026-08-20 07:15:00,D,D2,7988.0,7000.0,0.1,1.0,0.0,200.0,27.98,VALID,98.8
2026-08-20 07:15:00,D,D3,7991.0,7000.0,0.1,1.0,0.0,200.0,27.64,VALID,99.1
2026-08-20 07:30:00,A,A1,8223.0,7000.0,0.1,1.0,0.0,200.0,28.0,VALID,122.3
2026-08-20 07:30:00,A,A2,8225.0,7000.0,0.1,1.0,0.0,200.0,27.47,VALID,122.5
2026-08-20 07:30:00,A,A3,8225.0,7000.0,0.1,1.0,0.0,200.0,28.06,VALID,122.5
2026-08-20 07:30:00,B,B1,6800.0,7000.0,0.1,1.0,0.0,200.0,27.93,VALID,-20.0
2026-08-20 07:30:00,B,B2,8060.0,7000.0,0.1,1.0,0.0,200.0,27.55,VALID,106.0
2026-08-20 07:30:00,B,B3,8067.0,7000.0,0.1,1.0,0.0,200.0,27.78,VALID,106.7
2026-08-20 07:30:00,C,C1,8398.0,7000.0,0.1,1.0,0.0,200.0,27.73,VALID,139.8
2026-08-20 07:30:00,C,C2,8438.0,7000.0,0.1,1.0,0.0,200.0,27.8,VALID,143.8
2026-08-20 07:30:00,C,C3,8420.0,7000.0,0.1,1.0,0.0,200.0,27.93,VALID,142.0
2026-08-20 07:30:00,D,D1,7969.0,7000.0,0.1,1.0,0.0,200.0,27.32,VALID,96.9
2026-08-20 07:30:00,D,D2,8010.0,7000.0,0.1,1.0,0.0,200.0,28.01,VALID,101.0
2026-08-20 07:30:00,D,D3,7984.0,7000.0,0.1,1.0,0.0,200.0,27.4,VALID,98.4
2026-08-20 07:45:00,A,A1,8224.0,7000.0,0.1,1.0,0.0,200.0,27.88,VALID,122.4
2026-08-20 07:45:00,A,A2,8261.0,7000.0,0.1,1.0,0.0,200.0,27.79,VALID,126.1
2026-08-20 07:45:00,A,A3,8229.0,7000.0,0.1,1.0,0.0,200.0,27.51,VALID,122.9
2026-08-20 07:45:00,B,B1,6800.0,7000.0,0.1,1.0,0.0,200.0,27.63,VALID,-20.0
2026-08-20 07:45:00,B,B2,8061.0,7000.0,0.1,1.0,0.0,200.0,28.1,VALID,106.1
2026-08-20 07:45:00,B,B3,8079.0,7000.0,0.1,1.0,0.0,200.0,27.92,VALID,107.9
2026-08-20 07:45:00,C,C1,8385.0,7000.0,0.1,1.0,0.0,200.0,27.86,VALID,138.5
2026-08-20 07:45:00,C,C2,8441.0,7000.0,0.1,1.0,0.0,200.0,27.78,VALID,144.1
2026-08-20 07:45:00,C,C3,8424.0,7000.0,0.1,1.0,0.0,200.0,27.82,VALID,142.4
2026-08-20 07:45:00,D,D1,7989.0,7000.0,0.1,1.0,0.0,200.0,27.82,VALID,98.9
2026-08-20 07:45:00,D,D2,8004.0,7000.0,0.1,1.0,0.0,200.0,27.33,VALID,100.4
2026-08-20 07:45:00,D,D3,7994.0,7000.0,0.1,1.0,0.0,200.0,27.58,VALID,99.4
2026-08-20 08:00:00,A,A1,8211.0,7000.0,0.1,1.0,0.0,200.0,27.93,VALID,121.1
2026-08-20 08:00:00,A,A2,8260.0,7000.0,0.1,1.0,0.0,200.0,27.87,VALID,126.0
2026-08-20 08:00:00,A,A3,8234.0,7000.0,0.1,1.0,0.0,200.0,27.87,VALID,123.4
2026-08-20 08:00:00,B,B1,6800.0,7000.0,0.1,1.0,0.0,200.0,27.64,VALID,-20.0
2026-08-20 08:00:00,B,B2,8059.0,7000.0,0.1,1.0,0.0,200.0,27.68,VALID,105.9
2026-08-20 08:00:00,B,B3,8063.0,7000.0,0.1,1.0,0.0,200.0,27.34,VALID,106.3
2026-08-20 08:00:00,C,C1,8392.0,7000.0,0.1,1.0,0.0,200.0,27.58,VALID,139.2
2026-08-20 08:00:00,C,C2,8450.0,7000.0,0.1,1.0,0.0,200.0,27.78,VALID,145.0
2026-08-20 08:00:00,C,C3,8412.0,7000.0,0.1,1.0,0.0,200.0,27.65,VALID,141.2
2026-08-20 08:00:00,D,D1,7982.0,7000.0,0.1,1.0,0.0,200.0,27.56,VALID,98.2
2026-08-20 08:00:00,D,D2,7990.0,7000.0,0.1,1.0,0.0,200.0,27.57,VALID,99.0
2026-08-20 08:00:00,D,D3,7985.0,7000.0,0.1,1.0,0.0,200.0,27.35,VALID,98.5
2026-08-20 08:15:00,A,A1,8226.0,7000.0,0.1,1.0,0.0,200.0,27.57,VALID,122.6
2026-08-20 08:15:00,A,A2,8227.0,7000.0,0.1,1.0,0.0,200.0,27.47,VALID,122.7
2026-08-20 08:15:00,A,A3,8240.0,7000.0,0.1,1.0,0.0,200.0,27.71,VALID,124.0
2026-08-20 08:15:00,B,B1,6800.0,7000.0,0.1,1.0,0.0,200.0,27.5,VALID,-20.0
2026-08-20 08:15:00,B,B2,8061.0,7000.0,0.1,1.0,0.0,200.0,27.28,VALID,106.1
2026-08-20 08:15:00,B,B3,8064.0,7000.0,0.1,1.0,0.0,200.0,27.57,VALID,106.4
2026-08-20 08:15:00,C,C1,8403.0,7000.0,0.1,1.0,0.0,200.0,27.71,VALID,140.3
2026-08-20 08:15:00,C,C2,8432.0,7000.0,0.1,1.0,0.0,200.0,27.25,VALID,143.2
2026-08-20 08:15:00,C,C3,8408.0,7000.0,0.1,1.0,0.0,200.0,27.54,VALID,140.8
2026-08-20 08:15:00,D,D1,7979.0,7000.0,0.1,1.0,0.0,200.0,27.38,VALID,97.9
2026-08-20 08:15:00,D,D2,8001.0,7000.0,0.1,1.0,0.0,200.0,27.39,VALID,100.1
2026-08-20 08:15:00,D,D3,7986.0,7000.0,0.1,1.0,0.0,200.0,27.56,VALID,98.6
2026-08-20 08:30:00,A,A1,8217.0,7000.0,0.1,1.0,0.0,200.0,27.43,VALID,121.7
2026-08-20 08:30:00,A,A2,8245.0,7000.0,0.1,1.0,0.0,200.0,27.15,VALID,124.5
2026-08-20 08:30:00,A,A3,8226.0,7000.0,0.1,1.0,0.0,200.0,27.67,VALID,122.6
2026-08-20 08:30:00,B,B1,6800.0,7000.0,0.1,1.0,0.0,200.0,26.96,VALID,-20.0
2026-08-20 08:30:00,B,B2,8051.0,7000.0,0.1,1.0,0.0,200.0,27.39,VALID,105.1
2026-08-20 08:30:00,B,B3,8061.0,7000.0,0.1,1.0,0.0,200.0,27.36,VALID,106.1
2026-08-20 08:30:00,C,C1,8401.0,7000.0,0.1,1.0,0.0,200.0,26.85,VALID,140.1
2026-08-20 08:30:00,C,C2,8436.0,7000.0,0.1,1.0,0.0,200.0,27.69,VALID,143.6
2026-08-20 08:30:00,C,C3,8400.0,7000.0,0.1,1.0,0.0,200.0,27.3,VALID,140.0
2026-08-20 08:30:00,D,D1,7973.0,7000.0,0.1,1.0,0.0,200.0,27.2,VALID,97.3
2026-08-20 08:30:00,D,D2,7995.0,7000.0,0.1,1.0,0.0,200.0,27.67,VALID,99.5
2026-08-20 08:30:00,D,D3,8007.0,7000.0,0.1,1.0,0.0,200.0,27.31,VALID,100.7
2026-08-20 08:45:00,A,A1,8236.0,7000.0,0.1,1.0,0.0,200.0,27.26,VALID,123.6
2026-08-20 08:45:00,A,A2,8257.0,7000.0,0.1,1.0,0.0,200.0,27.24,VALID,125.7
2026-08-20 08:45:00,A,A3,8230.0,7000.0,0.1,1.0,0.0,200.0,27.33,VALID,123.0
2026-08-20 08:45:00,B,B1,6800.0,7000.0,0.1,1.0,0.0,200.0,27.43,VALID,-20.0
2026-08-20 08:45:00,B,B2,8060.0,7000.0,0.1,1.0,0.0,200.0,27.45,VALID,106.0
2026-08-20 08:45:00,B,B3,8056.0,7000.0,0.1,1.0,0.0,200.0,27.16,VALID,105.6
2026-08-20 08:45:00,C,C1,8397.0,7000.0,0.1,1.0,0.0,200.0,27.26,VALID,139.7
2026-08-20 08:45:00,C,C2,8434.0,7000.0,0.1,1.0,0.0,200.0,27.26,VALID,143.4
2026-08-20 08:45:00,C,C3,8412.0,7000.0,0.1,1.0,0.0,200.0,27.34,VALID,141.2
2026-08-20 08:45:00,D,D1,7962.0,7000.0,0.1,1.0,0.0,200.0,27.39,VALID,96.2
2026-08-20 08:45:00,D,D2,7988.0,7000.0,0.1,1.0,0.0,200.0,26.97,VALID,98.8
2026-08-20 08:45:00,D,D3,7989.0,7000.0,0.1,1.0,0.0,200.0,27.27,VALID,98.9
2026-08-20 09:00:00,A,A1,8212.0,7000.0,0.1,1.0,0.0,200.0,27.29,VALID,121.2
2026-08-20 09:00:00,A,A2,8228.0,7000.0,0.1,1.0,0.0,200.0,27.04,VALID,122.8
2026-08-20 09:00:00,A,A3,8223.0,7000.0,0.1,1.0,0.0,200.0,27.11,VALID,122.3
2026-08-20 09:00:00,B,B1,8053.0,7000.0,0.1,1.0,0.0,200.0,26.92,VALID,105.3
2026-08-20 09:00:00,B,B2,8072.0,7000.0,0.1,1.0,0.0,200.0,27.13,VALID,107.2
2026-08-20 09:00:00,B,B3,8041.0,7000.0,0.1,1.0,0.0,200.0,26.73,VALID,104.1
2026-08-20 09:00:00,C,C1,8388.0,7000.0,0.1,1.0,0.0,200.0,27.08,VALID,138.8
2026-08-20 09:00:00,C,C2,8429.0,7000.0,0.1,1.0,0.0,200.0,27.12,VALID,142.9
2026-08-20 09:00:00,C,C3,8410.0,7000.0,0.1,1.0,0.0,200.0,27.31,VALID,141.0
2026-08-20 09:00:00,D,D1,7968.0,7000.0,0.1,1.0,0.0,200.0,26.89,VALID,96.8
2026-08-20 09:00:00,D,D2,7986.0,7000.0,0.1,1.0,0.0,200.0,27.18,VALID,98.6
2026-08-20 09:00:00,D,D3,7999.0,7000.0,0.1,1.0,0.0,200.0,27.04,VALID,99.9
2026-08-20 09:15:00,A,A1,8194.0,7000.0,0.1,1.0,0.0,200.0,26.64,VALID,119.4
2026-08-20 09:15:00,A,A2,8231.0,7000.0,0.1,1.0,0.0,200.0,26.87,VALID,123.1
2026-08-20 09:15:00,A,A3,8223.0,7000.0,0.1,1.0,0.0,200.0,26.99,VALID,122.3
2026-08-20 09:15:00,B,B1,8046.0,7000.0,0.1,1.0,0.0,200.0,27.19,VALID,104.6
2026-08-20 09:15:00,B,B2,8058.0,7000.0,0.1,1.0,0.0,200.0,26.81,VALID,105.8
2026-08-20 09:15:00,B,B3,8061.0,7000.0,0.1,1.0,0.0,200.0,26.67,VALID,106.1
2026-08-20 09:15:00,C,C1,8390.0,7000.0,0.1,1.0,0.0,200.0,27.0,VALID,139.0
2026-08-20 09:15:00,C,C2,8427.0,7000.0,0.1,1.0,0.0,200.0,27.3,VALID,142.7
2026-08-20 09:15:00,C,C3,8401.0,7000.0,0.1,1.0,0.0,200.0,27.39,VALID,140.1
2026-08-20 09:15:00,D,D1,7975.0,7000.0,0.1,1.0,0.0,200.0,26.72,VALID,97.5
2026-08-20 09:15:00,D,D2,7995.0,7000.0,0.1,1.0,0.0,200.0,26.76,VALID,99.5
2026-08-20 09:15:00,D,D3,7980.0,7000.0,0.1,1.0,0.0,200.0,27.06,VALID,98.0
2026-08-20 09:30:00,A,A1,8220.0,7000.0,0.1,1.0,0.0,200.0,26.7,VALID,122.0
2026-08-20 09:30:00,A,A2,8246.0,7000.0,0.1,1.0,0.0,200.0,27.06,VALID,124.6
2026-08-20 09:30:00,A,A3,8238.0,7000.0,0.1,1.0,0.0,200.0,26.93,VALID,123.8
2026-08-20 09:30:00,B,B1,8060.0,7000.0,0.1,1.0,0.0,200.0,26.45,VALID,106.0
2026-08-20 09:30:00,B,B2,8060.0,7000.0,0.1,1.0,0.0,200.0,26.65,VALID,106.0
2026-08-20 09:30:00,B,B3,8056.0,7000.0,0.1,1.0,0.0,200.0,26.71,VALID,105.6
2026-08-20 09:30:00,C,C1,8384.0,7000.0,0.1,1.0,0.0,200.0,27.2,VALID,138.4
2026-08-20 09:30:00,C,C2,8426.0,7000.0,0.1,1.0,0.0,200.0,26.91,VALID,142.6
2026-08-20 09:30:00,C,C3,8403.0,7000.0,0.1,1.0,0.0,200.0,26.84,VALID,140.3
2026-08-20 09:30:00,D,D1,7975.0,7000.0,0.1,1.0,0.0,200.0,26.92,VALID,97.5
2026-08-20 09:30:00,D,D2,8004.0,7000.0,0.1,1.0,0.0,200.0,27.16,VALID,100.4
2026-08-20 09:30:00,D,D3,7988.0,7000.0,0.1,1.0,0.0,200.0,26.94,VALID,98.8
2026-08-20 09:45:00,A,A1,8204.0,7000.0,0.1,1.0,0.0,200.0,26.65,VALID,120.4
2026-08-20 09:45:00,A,A2,8244.0,7000.0,0.1,1.0,0.0,200.0,26.84,VALID,124.4
2026-08-20 09:45:00,A,A3,8226.0,7000.0,0.1,1.0,0.0,200.0,26.84,VALID,122.6
2026-08-20 09:45:00,B,B1,8050.0,7000.0,0.1,1.0,0.0,200.0,26.91,VALID,105.0
2026-08-20 09:45:00,B,B2,8064.0,7000.0,0.1,1.0,0.0,200.0,26.6,VALID,106.4
2026-08-20 09:45:00,B,B3,8057.0,7000.0,0.1,1.0,0.0,200.0,26.08,VALID,105.7
2026-08-20 09:45:00,C,C1,8387.0,7000.0,0.1,1.0,0.0,200.0,25.94,VALID,138.7
2026-08-20 09:45:00,C,C2,8410.0,7000.0,0.1,1.0,0.0,200.0,26.76,VALID,141.0
2026-08-20 09:45:00,C,C3,8408.0,7000.0,0.1,1.0,0.0,200.0,26.43,VALID,140.8
2026-08-20 09:45:00,D,D1,7968.0,7000.0,0.1,1.0,0.0,200.0,26.94,VALID,96.8
2026-08-20 09:45:00,D,D2,7988.0,7000.0,0.1,1.0,0.0,200.0,27.12,VALID,98.8
2026-08-20 09:45:00,D,D3,7984.0,7000.0,0.1,1.0,0.0,200.0,26.75,VALID,98.4
2026-08-20 10:00:00,A,A1,8227.0,7000.0,0.1,1.0,0.0,200.0,26.53,VALID,122.7
2026-08-20 10:00:00,A,A2,8225.0,7000.0,0.1,1.0,0.0,200.0,26.48,VALID,122.5
2026-08-20 10:00:00,A,A3,8222.0,7000.0,0.1,1.0,0.0,200.0,26.23,VALID,122.2
2026-08-20 10:00:00,B,B1,8042.0,7000.0,0.1,1.0,0.0,200.0,26.35,VALID,104.2
2026-08-20 10:00:00,B,B2,8068.0,7000.0,0.1,1.0,0.0,200.0,26.51,VALID,106.8
2026-08-20 10:00:00,B,B3,8050.0,7000.0,0.1,1.0,0.0,200.0,26.48,VALID,105.0
2026-08-20 10:00:00,C,C1,8385.0,7000.0,0.1,1.0,0.0,200.0,26.62,VALID,138.5
2026-08-20 10:00:00,C,C2,8416.0,7000.0,0.1,1.0,0.0,200.0,26.29,VALID,141.6
2026-08-20 10:00:00,C,C3,8412.0,7000.0,0.1,1.0,0.0,200.0,26.42,VALID,141.2
2026-08-20 10:00:00,D,D1,7960.0,7000.0,0.1,1.0,0.0,200.0,26.59,VALID,96.0
2026-08-20 10:00:00,D,D2,7995.0,7000.0,0.1,1.0,0.0,200.0,26.19,VALID,99.5
2026-08-20 10:00:00,D,D3,7985.0,7000.0,0.1,1.0,0.0,200.0,26.65,VALID,98.5
2026-08-20 10:15:00,A,A1,8214.0,7000.0,0.1,1.0,0.0,200.0,26.45,VALID,121.4
2026-08-20 10:15:00,A,A2,8220.0,7000.0,0.1,1.0,0.0,200.0,26.39,VALID,122.0
2026-08-20 10:15:00,A,A3,8218.0,7000.0,0.1,1.0,0.0,200.0,26.23,VALID,121.8
2026-08-20 10:15:00,B,B1,8051.0,7000.0,0.1,1.0,0.0,200.0,26.62,VALID,105.1
2026-08-20 10:15:00,B,B2,8074.0,7000.0,0.1,1.0,0.0,200.0,26.59,VALID,107.4
2026-08-20 10:15:00,B,B3,8050.0,7000.0,0.1,1.0,0.0,200.0,26.4,VALID,105.0
2026-08-20 10:15:00,C,C1,8388.0,7000.0,0.1,1.0,0.0,200.0,26.35,VALID,138.8
2026-08-20 10:15:00,C,C2,8424.0,7000.0,0.1,1.0,0.0,200.0,26.49,VALID,142.4
2026-08-20 10:15:00,C,C3,8400.0,7000.0,0.1,1.0,0.0,200.0,26.18,VALID,140.0
2026-08-20 10:15:00,D,D1,7967.0,7000.0,0.1,1.0,0.0,200.0,26.45,VALID,96.7
2026-08-20 10:15:00,D,D2,7989.0,7000.0,0.1,1.0,0.0,200.0,26.39,VALID,98.9
2026-08-20 10:15:00,D,D3,7987.0,7000.0,0.1,1.0,0.0,200.0,26.25,VALID,98.7
2026-08-20 10:30:00,A,A1,8216.0,7000.0,0.1,1.0,0.0,200.0,26.22,VALID,121.6
2026-08-20 10:30:00,A,A2,8220.0,7000.0,0.1,1.0,0.0,200.0,26.44,VALID,122.0
2026-08-20 10:30:00,A,A3,8215.0,7000.0,0.1,1.0,0.0,200.0,25.82,VALID,121.5
2026-08-20 10:30:00,B,B1,8032.0,7000.0,0.1,1.0,0.0,200.0,25.94,VALID,103.2
2026-08-20 10:30:00,B,B2,8057.0,7000.0,0.1,1.0,0.0,200.0,26.09,VALID,105.7
2026-08-20 10:30:00,B,B3,8046.0,7000.0,0.1,1.0,0.0,200.0,26.27,VALID,104.6
2026-08-20 10:30:00,C,C1,8382.0,7000.0,0.1,1.0,0.0,200.0,26.21,VALID,138.2
2026-08-20 10:30:00,C,C2,8425.0,7000.0,0.1,1.0,0.0,200.0,26.27,VALID,142.5
2026-08-20 10:30:00,C,C3,8380.0,7000.0,0.1,1.0,0.0,200.0,26.08,VALID,138.0
2026-08-20 10:30:00,D,D1,7950.0,7000.0,0.1,1.0,0.0,200.0,26.16,VALID,95.0
2026-08-20 10:30:00,D,D2,7987.0,7000.0,0.1,1.0,0.0,200.0,26.36,VALID,98.7
2026-08-20 10:30:00,D,D3,7990.0,7000.0,0.1,1.0,0.0,200.0,26.19,VALID,99.0
2026-08-20 10:45:00,A,A1,8203.0,7000.0,0.1,1.0,0.0,200.0,26.06,VALID,120.3
2026-08-20 10:45:00,A,A2,8225.0,7000.0,0.1,1.0,0.0,200.0,25.96,VALID,122.5
2026-08-20 10:45:00,A,A3,8227.0,7000.0,0.1,1.0,0.0,200.0,25.85,VALID,122.7
2026-08-20 10:45:00,B,B1,8047.0,7000.0,0.1,1.0,0.0,200.0,26.1,VALID,104.7
2026-08-20 10:45:00,B,B2,8046.0,7000.0,0.1,1.0,0.0,200.0,26.16,VALID,104.6
2026-08-20 10:45:00,B,B3,8054.0,7000.0,0.1,1.0,0.0,200.0,25.98,VALID,105.4
2026-08-20 10:45:00,C,C1,8371.0,7000.0,0.1,1.0,0.0,200.0,25.79,VALID,137.1
2026-08-20 10:45:00,C,C2,8415.0,7000.0,0.1,1.0,0.0,200.0,26.07,VALID,141.5
2026-08-20 10:45:00,C,C3,8389.0,7000.0,0.1,1.0,0.0,200.0,26.05,VALID,138.9
2026-08-20 10:45:00,D,D1,7956.0,7000.0,0.1,1.0,0.0,200.0,25.92,VALID,95.6
2026-08-20 10:45:00,D,D2,7987.0,7000.0,0.1,1.0,0.0,200.0,26.45,VALID,98.7
2026-08-20 10:45:00,D,D3,7965.0,7000.0,0.1,1.0,0.0,200.0,26.26,VALID,96.5
2026-08-20 11:00:00,A,A1,8207.0,7000.0,0.1,1.0,0.0,200.0,25.86,VALID,120.7
2026-08-20 11:00:00,A,A2,8229.0,7000.0,0.1,1.0,0.0,200.0,25.87,VALID,122.9
2026-08-20 11:00:00,A,A3,8215.0,7000.0,0.1,1.0,0.0,200.0,26.07,VALID,121.5
2026-08-20 11:00:00,B,B1,8034.0,7000.0,0.1,1.0,0.0,200.0,26.0,VALID,103.4
2026-08-20 11:00:00,B,B2,8047.0,7000.0,0.1,1.0,0.0,200.0,25.76,VALID,104.7
2026-08-20 11:00:00,B,B3,8036.0,7000.0,0.1,1.0,0.0,200.0,25.87,VALID,103.6
2026-08-20 11:00:00,C,C1,8389.0,7000.0,0.1,1.0,0.0,200.0,25.76,VALID,138.9
2026-08-20 11:00:00,C,C2,8416.0,7000.0,0.1,1.0,0.0,200.0,25.55,VALID,141.6
2026-08-20 11:00:00,C,C3,8394.0,7000.0,0.1,1.0,0.0,200.0,25.46,VALID,139.4
2026-08-20 11:00:00,D,D1,7958.0,7000.0,0.1,1.0,0.0,200.0,25.82,VALID,95.8
2026-08-20 11:00:00,D,D2,7996.0,7000.0,0.1,1.0,0.0,200.0,26.34,VALID,99.6
2026-08-20 11:00:00,D,D3,7971.0,7000.0,0.1,1.0,0.0,200.0,26.06,VALID,97.1
2026-08-20 11:15:00,A,A1,8206.0,7000.0,0.1,1.0,0.0,200.0,25.56,VALID,120.6
2026-08-20 11:15:00,A,A2,8230.0,7000.0,0.1,1.0,0.0,200.0,25.6,VALID,123.0
2026-08-20 11:15:00,A,A3,8215.0,7000.0,0.1,1.0,0.0,200.0,25.5,VALID,121.5
2026-08-20 11:15:00,B,B1,8024.0,7000.0,0.1,1.0,0.0,200.0,25.28,VALID,102.4
2026-08-20 11:15:00,B,B2,8057.0,7000.0,0.1,1.0,0.0,200.0,25.53,VALID,105.7
2026-08-20 11:15:00,B,B3,8039.0,7000.0,0.1,1.0,0.0,200.0,25.59,VALID,103.9
2026-08-20 11:15:00,C,C1,8381.0,7000.0,0.1,1.0,0.0,200.0,25.62,VALID,138.1
2026-08-20 11:15:00,C,C2,8410.0,7000.0,0.1,1.0,0.0,200.0,25.83,VALID,141.0
2026-08-20 11:15:00,C,C3,10500.0,7000.0,0.1,1.0,0.0,200.0,25.68,VALID,350.0
2026-08-20 11:15:00,D,D1,7973.0,7000.0,0.1,1.0,0.0,200.0,25.83,VALID,97.3
2026-08-20 11:15:00,D,D2,7992.0,7000.0,0.1,1.0,0.0,200.0,25.71,VALID,99.2
2026-08-20 11:15:00,D,D3,7980.0,7000.0,0.1,1.0,0.0,200.0,25.69,VALID,98.0
2026-08-20 11:30:00,A,A1,8193.0,7000.0,0.1,1.0,0.0,200.0,25.53,VALID,119.3
2026-08-20 11:30:00,A,A2,8212.0,7000.0,0.1,1.0,0.0,200.0,25.23,VALID,121.2
2026-08-20 11:30:00,A,A3,8224.0,7000.0,0.1,1.0,0.0,200.0,25.56,VALID,122.4
2026-08-20 11:30:00,B,B1,8048.0,7000.0,0.1,1.0,0.0,200.0,25.34,VALID,104.8
2026-08-20 11:30:00,B,B2,8039.0,7000.0,0.1,1.0,0.0,200.0,25.34,VALID,103.9
2026-08-20 11:30:00,B,B3,8043.0,7000.0,0.1,1.0,0.0,200.0,25.41,VALID,104.3
2026-08-20 11:30:00,C,C1,8383.0,7000.0,0.1,1.0,0.0,200.0,25.32,VALID,138.3
2026-08-20 11:30:00,C,C2,8418.0,7000.0,0.1,1.0,0.0,200.0,25.19,VALID,141.8
2026-08-20 11:30:00,C,C3,10500.0,7000.0,0.1,1.0,0.0,200.0,25.39,VALID,350.0
2026-08-20 11:30:00,D,D1,7956.0,7000.0,0.1,1.0,0.0,200.0,25.34,VALID,95.6
2026-08-20 11:30:00,D,D2,7979.0,7000.0,0.1,1.0,0.0,200.0,25.34,VALID,97.9
2026-08-20 11:30:00,D,D3,7988.0,7000.0,0.1,1.0,0.0,200.0,25.37,VALID,98.8
2026-08-20 11:45:00,A,A1,8198.0,7000.0,0.1,1.0,0.0,200.0,24.78,VALID,119.8
2026-08-20 11:45:00,A,A2,8215.0,7000.0,0.1,1.0,0.0,200.0,25.14,VALID,121.5
2026-08-20 11:45:00,A,A3,8204.0,7000.0,0.1,1.0,0.0,200.0,25.47,VALID,120.4
2026-08-20 11:45:00,B,B1,8031.0,7000.0,0.1,1.0,0.0,200.0,25.45,VALID,103.1
2026-08-20 11:45:00,B,B2,8048.0,7000.0,0.1,1.0,0.0,200.0,25.2,VALID,104.8
2026-08-20 11:45:00,B,B3,8040.0,7000.0,0.1,1.0,0.0,200.0,25.2,VALID,104.0
2026-08-20 11:45:00,C,C1,8386.0,7000.0,0.1,1.0,0.0,200.0,24.73,VALID,138.6
2026-08-20 11:45:00,C,C2,8395.0,7000.0,0.1,1.0,0.0,200.0,25.09,VALID,139.5
2026-08-20 11:45:00,C,C3,10500.0,7000.0,0.1,1.0,0.0,200.0,25.33,VALID,350.0
2026-08-20 11:45:00,D,D1,7965.0,7000.0,0.1,1.0,0.0,200.0,25.12,VALID,96.5
2026-08-20 11:45:00,D,D2,7988.0,7000.0,0.1,1.0,0.0,200.0,25.4,VALID,98.8
2026-08-20 11:45:00,D,D3,7972.0,7000.0,0.1,1.0,0.0,200.0,25.39,VALID,97.2
2026-08-20 12:00:00,A,A1,8201.0,7000.0,0.1,1.0,0.0,200.0,24.89,VALID,120.1
2026-08-20 12:00:00,A,A2,8227.0,7000.0,0.1,1.0,0.0,200.0,25.02,VALID,122.7
2026-08-20 12:00:00,A,A3,8209.0,7000.0,0.1,1.0,0.0,200.0,25.29,VALID,120.9
2026-08-20 12:00:00,B,B1,8009.0,7000.0,0.1,1.0,0.0,200.0,24.72,VALID,100.9
2026-08-20 12:00:00,B,B2,8035.0,7000.0,0.1,1.0,0.0,200.0,24.93,VALID,103.5
2026-08-20 12:00:00,B,B3,8037.0,7000.0,0.1,1.0,0.0,200.0,24.7,VALID,103.7
2026-08-20 12:00:00,C,C1,8360.0,7000.0,0.1,1.0,0.0,200.0,24.83,VALID,136.0
2026-08-20 12:00:00,C,C2,8433.0,7000.0,0.1,1.0,0.0,200.0,25.36,VALID,143.3
2026-08-20 12:00:00,C,C3,10500.0,7000.0,0.1,1.0,0.0,200.0,24.93,VALID,350.0
2026-08-20 12:00:00,D,D1,7948.0,7000.0,0.1,1.0,0.0,200.0,24.62,VALID,94.8
2026-08-20 12:00:00,D,D2,7976.0,7000.0,0.1,1.0,0.0,200.0,24.8,VALID,97.6
2026-08-20 12:00:00,D,D3,7968.0,7000.0,0.1,1.0,0.0,200.0,24.68,VALID,96.8
2026-08-20 12:15:00,A,A1,8190.0,7000.0,0.1,1.0,0.0,200.0,24.83,VALID,119.0
2026-08-20 12:15:00,A,A2,8222.0,7000.0,0.1,1.0,0.0,200.0,24.89,VALID,122.2
2026-08-20 12:15:00,A,A3,8195.0,7000.0,0.1,1.0,0.0,200.0,24.97,VALID,119.5
2026-08-20 12:15:00,B,B1,8022.0,7000.0,0.1,1.0,0.0,200.0,24.93,VALID,102.2
2026-08-20 12:15:00,B,B2,8044.0,7000.0,0.1,1.0,0.0,200.0,24.53,VALID,104.4
2026-08-20 12:15:00,B,B3,8034.0,7000.0,0.1,1.0,0.0,200.0,24.88,VALID,103.4
2026-08-20 12:15:00,C,C1,8373.0,7000.0,0.1,1.0,0.0,200.0,24.78,VALID,137.3
2026-08-20 12:15:00,C,C2,8423.0,7000.0,0.1,1.0,0.0,200.0,25.01,VALID,142.3
2026-08-20 12:15:00,C,C3,10500.0,7000.0,0.1,1.0,0.0,200.0,24.95,VALID,350.0
2026-08-20 12:15:00,D,D1,7974.0,7000.0,0.1,1.0,0.0,200.0,25.2,VALID,97.4
2026-08-20 12:15:00,D,D2,7964.0,7000.0,0.1,1.0,0.0,200.0,24.62,VALID,96.4
2026-08-20 12:15:00,D,D3,7980.0,7000.0,0.1,1.0,0.0,200.0,24.59,VALID,98.0
2026-08-20 12:30:00,A,A1,8183.0,7000.0,0.1,1.0,0.0,200.0,24.51,VALID,118.3
2026-08-20 12:30:00,A,A2,8221.0,7000.0,0.1,1.0,0.0,200.0,24.59,VALID,122.1
2026-08-20 12:30:00,A,A3,8199.0,7000.0,0.1,1.0,0.0,200.0,24.47,VALID,119.9
2026-08-20 12:30:00,B,B1,8021.0,7000.0,0.1,1.0,0.0,200.0,24.43,VALID,102.1
2026-08-20 12:30:00,B,B2,8063.0,7000.0,0.1,1.0,0.0,200.0,24.67,VALID,106.3
2026-08-20 12:30:00,B,B3,8043.0,7000.0,0.1,1.0,0.0,200.0,24.51,VALID,104.3
2026-08-20 12:30:00,C,C1,8364.0,7000.0,0.1,1.0,0.0,200.0,24.47,VALID,136.4
2026-08-20 12:30:00,C,C2,8383.0,7000.0,0.1,1.0,0.0,200.0,24.33,VALID,138.3
2026-08-20 12:30:00,C,C3,10500.0,7000.0,0.1,1.0,0.0,200.0,24.16,VALID,350.0
2026-08-20 12:30:00,D,D1,7944.0,7000.0,0.1,1.0,0.0,200.0,24.87,VALID,94.4
2026-08-20 12:30:00,D,D2,7973.0,7000.0,0.1,1.0,0.0,200.0,24.87,VALID,97.3
2026-08-20 12:30:00,D,D3,7969.0,7000.0,0.1,1.0,0.0,200.0,24.76,VALID,96.9
2026-08-20 12:45:00,A,A1,8185.0,7000.0,0.1,1.0,0.0,200.0,24.52,VALID,118.5
2026-08-20 12:45:00,A,A2,8222.0,7000.0,0.1,1.0,0.0,200.0,24.3,VALID,122.2
2026-08-20 12:45:00,A,A3,8208.0,7000.0,0.1,1.0,0.0,200.0,24.53,VALID,120.8
2026-08-20 12:45:00,B,B1,8020.0,7000.0,0.1,1.0,0.0,200.0,24.19,VALID,102.0
2026-08-20 12:45:00,B,B2,8030.0,7000.0,0.1,1.0,0.0,200.0,24.43,VALID,103.0
2026-08-20 12:45:00,B,B3,8036.0,7000.0,0.1,1.0,0.0,200.0,24.26,VALID,103.6
2026-08-20 12:45:00,C,C1,8364.0,7000.0,0.1,1.0,0.0,200.0,24.53,VALID,136.4
2026-08-20 12:45:00,C,C2,8411.0,7000.0,0.1,1.0,0.0,200.0,24.73,VALID,141.1
2026-08-20 12:45:00,C,C3,6000.0,7000.0,0.1,1.0,0.0,200.0,24.21,VALID,-100.0
2026-08-20 12:45:00,D,D1,7969.0,7000.0,0.1,1.0,0.0,200.0,24.31,VALID,96.9
2026-08-20 12:45:00,D,D2,7981.0,7000.0,0.1,1.0,0.0,200.0,24.43,VALID,98.1
2026-08-20 12:45:00,D,D3,7960.0,7000.0,0.1,1.0,0.0,200.0,24.05,VALID,96.0
2026-08-20 13:00:00,A,A1,8190.0,7000.0,0.1,1.0,0.0,200.0,23.91,VALID,119.0
2026-08-20 13:00:00,A,A2,8222.0,7000.0,0.1,1.0,0.0,200.0,24.53,VALID,122.2
2026-08-20 13:00:00,A,A3,8195.0,7000.0,0.1,1.0,0.0,200.0,24.28,VALID,119.5
2026-08-20 13:00:00,B,B1,8017.0,7000.0,0.1,1.0,0.0,200.0,24.1,VALID,101.7
2026-08-20 13:00:00,B,B2,8046.0,7000.0,0.1,1.0,0.0,200.0,24.22,VALID,104.6
2026-08-20 13:00:00,B,B3,8047.0,7000.0,0.1,1.0,0.0,200.0,24.13,VALID,104.7
2026-08-20 13:00:00,C,C1,8371.0,7000.0,0.1,1.0,0.0,200.0,24.24,VALID,137.1
2026-08-20 13:00:00,C,C2,8411.0,7000.0,0.1,1.0,0.0,200.0,24.13,VALID,141.1
2026-08-20 13:00:00,C,C3,6000.0,7000.0,0.1,1.0,0.0,200.0,24.2,VALID,-100.0
2026-08-20 13:00:00,D,D1,7944.0,7000.0,0.1,1.0,0.0,200.0,24.36,VALID,94.4
2026-08-20 13:00:00,D,D2,7976.0,7000.0,0.1,1.0,0.0,200.0,24.34,VALID,97.6
2026-08-20 13:00:00,D,D3,7976.0,7000.0,0.1,1.0,0.0,200.0,24.51,VALID,97.6
2026-08-20 13:15:00,A,A1,8187.0,7000.0,0.1,1.0,0.0,200.0,24.11,VALID,118.7
2026-08-20 13:15:00,A,A2,8206.0,7000.0,0.1,1.0,0.0,200.0,24.04,VALID,120.6
2026-08-20 13:15:00,A,A3,8195.0,7000.0,0.1,1.0,0.0,200.0,24.36,VALID,119.5
2026-08-20 13:15:00,B,B1,8025.0,7000.0,0.1,1.0,0.0,200.0,23.99,VALID,102.5
2026-08-20 13:15:00,B,B2,8048.0,7000.0,0.1,1.0,0.0,200.0,23.6,VALID,104.8
2026-08-20 13:15:00,B,B3,8012.0,7000.0,0.1,1.0,0.0,200.0,24.19,VALID,101.2
2026-08-20 13:15:00,C,C1,8360.0,7000.0,0.1,1.0,0.0,200.0,24.09,VALID,136.0
2026-08-20 13:15:00,C,C2,8390.0,7000.0,0.1,1.0,0.0,200.0,24.03,VALID,139.0
2026-08-20 13:15:00,C,C3,6000.0,7000.0,0.1,1.0,0.0,200.0,24.2,VALID,-100.0
2026-08-20 13:15:00,D,D1,7951.0,7000.0,0.1,1.0,0.0,200.0,23.95,VALID,95.1
2026-08-20 13:15:00,D,D2,7964.0,7000.0,0.1,1.0,0.0,200.0,23.61,VALID,96.4
2026-08-20 13:15:00,D,D3,7962.0,7000.0,0.1,1.0,0.0,200.0,24.2,VALID,96.2
2026-08-20 13:30:00,A,A1,8174.0,7000.0,0.1,1.0,0.0,200.0,23.72,VALID,117.4
2026-08-20 13:30:00,A,A2,8200.0,7000.0,0.1,1.0,0.0,200.0,23.66,VALID,120.0
2026-08-20 13:30:00,A,A3,8199.0,7000.0,0.1,1.0,0.0,200.0,23.44,VALID,119.9
2026-08-20 13:30:00,B,B1,8026.0,7000.0,0.1,1.0,0.0,200.0,24.0,VALID,102.6
2026-08-20 13:30:00,B,B2,8033.0,7000.0,0.1,1.0,0.0,200.0,23.36,VALID,103.3
2026-08-20 13:30:00,B,B3,8019.0,7000.0,0.1,1.0,0.0,200.0,24.1,VALID,101.9
2026-08-20 13:30:00,C,C1,8333.0,7000.0,0.1,1.0,0.0,200.0,23.78,VALID,133.3
2026-08-20 13:30:00,C,C2,8390.0,7000.0,0.1,1.0,0.0,200.0,24.01,VALID,139.0
2026-08-20 13:30:00,C,C3,6000.0,7000.0,0.1,1.0,0.0,200.0,23.93,VALID,-100.0
2026-08-20 13:30:00,D,D1,7953.0,7000.0,0.1,1.0,0.0,200.0,24.22,VALID,95.3
2026-08-20 13:30:00,D,D2,7964.0,7000.0,0.1,1.0,0.0,200.0,23.93,VALID,96.4
2026-08-20 13:30:00,D,D3,7945.0,7000.0,0.1,1.0,0.0,200.0,24.09,VALID,94.5
2026-08-20 13:45:00,A,A1,8180.0,7000.0,0.1,1.0,0.0,200.0,23.56,VALID,118.0
2026-08-20 13:45:00,A,A2,8208.0,7000.0,0.1,1.0,0.0,200.0,23.36,VALID,120.8
2026-08-20 13:45:00,A,A3,8199.0,7000.0,0.1,1.0,0.0,200.0,23.87,VALID,119.9
2026-08-20 13:45:00,B,B1,8021.0,7000.0,0.1,1.0,0.0,200.0,23.36,VALID,102.1
2026-08-20 13:45:00,B,B2,8033.0,7000.0,0.1,1.0,0.0,200.0,23.82,VALID,103.3
2026-08-20 13:45:00,B,B3,8010.0,7000.0,0.1,1.0,0.0,200.0,23.46,VALID,101.0
2026-08-20 13:45:00,C,C1,8365.0,7000.0,0.1,1.0,0.0,200.0,23.73,VALID,136.5
2026-08-20 13:45:00,C,C2,8402.0,7000.0,0.1,1.0,0.0,200.0,24.05,VALID,140.2
2026-08-20 13:45:00,C,C3,6000.0,7000.0,0.1,1.0,0.0,200.0,23.8,VALID,-100.0
2026-08-20 13:45:00,D,D1,7971.0,7000.0,0.1,1.0,0.0,200.0,23.63,VALID,97.1
2026-08-20 13:45:00,D,D2,7957.0,7000.0,0.1,1.0,0.0,200.0,23.76,VALID,95.7
2026-08-20 13:45:00,D,D3,7961.0,7000.0,0.1,1.0,0.0,200.0,23.57,VALID,96.1
2026-08-20 14:00:00,A,A1,8176.0,7000.0,0.1,1.0,0.0,200.0,23.96,VALID,117.6
2026-08-20 14:00:00,A,A2,8210.0,7000.0,0.1,1.0,0.0,200.0,23.35,VALID,121.0
2026-08-20 14:00:00,A,A3,8203.0,7000.0,0.1,1.0,0.0,200.0,23.48,VALID,120.3
2026-08-20 14:00:00,B,B1,8015.0,7000.0,0.1,1.0,0.0,200.0,23.61,VALID,101.5
2026-08-20 14:00:00,B,B2,8020.0,7000.0,0.1,1.0,0.0,200.0,23.57,VALID,102.0
2026-08-20 14:00:00,B,B3,8042.0,7000.0,0.1,1.0,0.0,200.0,23.59,VALID,104.2
2026-08-20 14:00:00,C,C1,8352.0,7000.0,0.1,1.0,0.0,200.0,23.4,VALID,135.2
2026-08-20 14:00:00,C,C2,8393.0,7000.0,0.1,1.0,0.0,200.0,23.45,VALID,139.3
2026-08-20 14:00:00,C,C3,8372.0,7000.0,0.1,1.0,0.0,200.0,23.68,VALID,137.2
2026-08-20 14:00:00,D,D1,7929.0,7000.0,0.1,1.0,0.0,200.0,23.67,VALID,92.9
2026-08-20 14:00:00,D,D2,7960.0,7000.0,0.1,1.0,0.0,200.0,23.58,VALID,96.0
2026-08-20 14:00:00,D,D3,7945.0,7000.0,0.1,1.0,0.0,200.0,23.77,VALID,94.5
2026-08-20 14:15:00,A,A1,8195.0,7000.0,0.1,1.0,0.0,200.0,23.53,VALID,119.5
2026-08-20 14:15:00,A,A2,8192.0,7000.0,0.1,1.0,0.0,200.0,23.5,VALID,119.2
2026-08-20 14:15:00,A,A3,8197.0,7000.0,0.1,1.0,0.0,200.0,23.01,VALID,119.7
2026-08-20 14:15:00,B,B1,8015.0,7000.0,0.1,1.0,0.0,200.0,23.41,VALID,101.5
2026-08-20 14:15:00,B,B2,8036.0,7000.0,0.1,1.0,0.0,200.0,23.37,VALID,103.6
2026-08-20 14:15:00,B,B3,8026.0,7000.0,0.1,1.0,0.0,200.0,23.63,VALID,102.6
2026-08-20 14:15:00,C,C1,8365.0,7000.0,0.1,1.0,0.0,200.0,22.76,VALID,136.5
2026-08-20 14:15:00,C,C2,8393.0,7000.0,0.1,1.0,0.0,200.0,23.3,VALID,139.3
2026-08-20 14:15:00,C,C3,8358.0,7000.0,0.1,1.0,0.0,200.0,23.35,VALID,135.8
2026-08-20 14:15:00,D,D1,7955.0,7000.0,0.1,1.0,0.0,200.0,23.12,VALID,95.5
2026-08-20 14:15:00,D,D2,7965.0,7000.0,0.1,1.0,0.0,200.0,23.15,VALID,96.5
2026-08-20 14:15:00,D,D3,7947.0,7000.0,0.1,1.0,0.0,200.0,23.63,VALID,94.7
2026-08-20 14:30:00,A,A1,8177.0,7000.0,0.1,1.0,0.0,200.0,23.27,VALID,117.7
2026-08-20 14:30:00,A,A2,8187.0,7000.0,0.1,1.0,0.0,200.0,23.55,VALID,118.7
2026-08-20 14:30:00,A,A3,8197.0,7000.0,0.1,1.0,0.0,200.0,23.14,VALID,119.7
2026-08-20 14:30:00,B,B1,8019.0,7000.0,0.1,1.0,0.0,200.0,22.89,VALID,101.9
2026-08-20 14:30:00,B,B2,8040.0,7000.0,0.1,1.0,0.0,200.0,23.11,VALID,104.0
2026-08-20 14:30:00,B,B3,8020.0,7000.0,0.1,1.0,0.0,200.0,23.08,VALID,102.0
2026-08-20 14:30:00,C,C1,8347.0,7000.0,0.1,1.0,0.0,200.0,23.31,VALID,134.7
2026-08-20 14:30:00,C,C2,8396.0,7000.0,0.1,1.0,0.0,200.0,23.3,VALID,139.6
2026-08-20 14:30:00,C,C3,8372.0,7000.0,0.1,1.0,0.0,200.0,23.28,VALID,137.2
2026-08-20 14:30:00,D,D1,7938.0,7000.0,0.1,1.0,0.0,200.0,23.62,VALID,93.8
2026-08-20 14:30:00,D,D2,7946.0,7000.0,0.1,1.0,0.0,200.0,23.43,VALID,94.6
2026-08-20 14:30:00,D,D3,7964.0,7000.0,0.1,1.0,0.0,200.0,23.0,VALID,96.4
2026-08-20 14:45:00,A,A1,8201.0,7000.0,0.1,1.0,0.0,200.0,23.22,VALID,120.1
2026-08-20 14:45:00,A,A2,8211.0,7000.0,0.1,1.0,0.0,200.0,23.03,VALID,121.1
2026-08-20 14:45:00,A,A3,8189.0,7000.0,0.1,1.0,0.0,200.0,22.98,VALID,118.9
2026-08-20 14:45:00,B,B1,8016.0,7000.0,0.1,1.0,0.0,200.0,23.3,VALID,101.6
2026-08-20 14:45:00,B,B2,8029.0,7000.0,0.1,1.0,0.0,200.0,22.84,VALID,102.9
2026-08-20 14:45:00,B,B3,8028.0,7000.0,0.1,1.0,0.0,200.0,23.21,VALID,102.8
2026-08-20 14:45:00,C,C1,8357.0,7000.0,0.1,1.0,0.0,200.0,23.17,VALID,135.7
2026-08-20 14:45:00,C,C2,8390.0,7000.0,0.1,1.0,0.0,200.0,22.84,VALID,139.0
2026-08-20 14:45:00,C,C3,8363.0,7000.0,0.1,1.0,0.0,200.0,22.69,VALID,136.3
2026-08-20 14:45:00,D,D1,7943.0,7000.0,0.1,1.0,0.0,200.0,23.01,VALID,94.3
2026-08-20 14:45:00,D,D2,7955.0,7000.0,0.1,1.0,0.0,200.0,22.43,VALID,95.5
2026-08-20 14:45:00,D,D3,7939.0,7000.0,0.1,1.0,0.0,200.0,23.25,VALID,93.9
2026-08-20 15:00:00,A,A1,8173.0,7000.0,0.1,1.0,0.0,200.0,22.95,VALID,117.3
2026-08-20 15:00:00,A,A2,8189.0,7000.0,0.1,1.0,0.0,200.0,23.17,VALID,118.9
2026-08-20 15:00:00,A,A3,8188.0,7000.0,0.1,1.0,0.0,200.0,22.94,VALID,118.8
2026-08-20 15:00:00,B,B1,8032.0,7000.0,0.1,1.0,0.0,200.0,23.18,VALID,103.2
2026-08-20 15:00:00,B,B2,8024.0,7000.0,0.1,1.0,0.0,200.0,22.76,VALID,102.4
2026-08-20 15:00:00,B,B3,8016.0,7000.0,0.1,1.0,0.0,200.0,22.98,VALID,101.6
2026-08-20 15:00:00,C,C1,8348.0,7000.0,0.1,1.0,0.0,200.0,22.8,VALID,134.8
2026-08-20 15:00:00,C,C2,8405.0,7000.0,0.1,1.0,0.0,200.0,22.86,VALID,140.5
2026-08-20 15:00:00,C,C3,8390.0,7000.0,0.1,1.0,0.0,200.0,22.9,VALID,139.0
2026-08-20 15:00:00,D,D1,7955.0,7000.0,0.1,1.0,0.0,200.0,22.95,VALID,95.5
2026-08-20 15:00:00,D,D2,7966.0,7000.0,0.1,1.0,0.0,200.0,22.73,VALID,96.6
2026-08-20 15:00:00,D,D3,7942.0,7000.0,0.1,1.0,0.0,200.0,22.97,VALID,94.2
2026-08-20 15:15:00,A,A1,8187.0,7000.0,0.1,1.0,0.0,200.0,22.75,VALID,118.7
2026-08-20 15:15:00,A,A2,8189.0,7000.0,0.1,1.0,0.0,200.0,22.47,VALID,118.9
2026-08-20 15:15:00,A,A3,8175.0,7000.0,0.1,1.0,0.0,200.0,22.39,VALID,117.5
2026-08-20 15:15:00,B,B1,8011.0,7000.0,0.1,1.0,0.0,200.0,22.97,VALID,101.1
2026-08-20 15:15:00,B,B2,8025.0,7000.0,0.1,1.0,0.0,200.0,22.29,VALID,102.5
2026-08-20 15:15:00,B,B3,8016.0,7000.0,0.1,1.0,0.0,200.0,22.71,VALID,101.6
2026-08-20 15:15:00,C,C1,8367.0,7000.0,0.1,1.0,0.0,200.0,22.45,VALID,136.7
2026-08-20 15:15:00,C,C2,8387.0,7000.0,0.1,1.0,0.0,200.0,23.09,VALID,138.7
2026-08-20 15:15:00,C,C3,8372.0,7000.0,0.1,1.0,0.0,200.0,22.86,VALID,137.2
2026-08-20 15:15:00,D,D1,7939.0,7000.0,0.1,1.0,0.0,200.0,22.81,VALID,93.9
2026-08-20 15:15:00,D,D2,7963.0,7000.0,0.1,1.0,0.0,200.0,22.58,VALID,96.3
2026-08-20 15:15:00,D,D3,7956.0,7000.0,0.1,1.0,0.0,200.0,22.47,VALID,95.6
2026-08-20 15:30:00,A,A1,8180.0,7000.0,0.1,1.0,0.0,200.0,22.66,VALID,118.0
2026-08-20 15:30:00,A,A2,8194.0,7000.0,0.1,1.0,0.0,200.0,22.62,VALID,119.4
2026-08-20 15:30:00,A,A3,8181.0,7000.0,0.1,1.0,0.0,200.0,22.41,VALID,118.1
2026-08-20 15:30:00,B,B1,8006.0,7000.0,0.1,1.0,0.0,200.0,22.4,VALID,100.6
2026-08-20 15:30:00,B,B2,8027.0,7000.0,0.1,1.0,0.0,200.0,22.39,VALID,102.7
2026-08-20 15:30:00,B,B3,8023.0,7000.0,0.1,1.0,0.0,200.0,22.38,VALID,102.3
2026-08-20 15:30:00,C,C1,8342.0,7000.0,0.1,1.0,0.0,200.0,22.5,VALID,134.2
2026-08-20 15:30:00,C,C2,8401.0,7000.0,0.1,1.0,0.0,200.0,22.69,VALID,140.1
2026-08-20 15:30:00,C,C3,8365.0,7000.0,0.1,1.0,0.0,200.0,22.72,VALID,136.5
2026-08-20 15:30:00,D,D1,7918.0,7000.0,0.1,1.0,0.0,200.0,22.61,VALID,91.8
2026-08-20 15:30:00,D,D2,7973.0,7000.0,0.1,1.0,0.0,200.0,22.65,VALID,97.3
2026-08-20 15:30:00,D,D3,7948.0,7000.0,0.1,1.0,0.0,200.0,22.73,VALID,94.8
2026-08-20 15:45:00,A,A1,8184.0,7000.0,0.1,1.0,0.0,200.0,22.11,VALID,118.4
2026-08-20 15:45:00,A,A2,8183.0,7000.0,0.1,1.0,0.0,200.0,22.55,VALID,118.3
2026-08-20 15:45:00,A,A3,8180.0,7000.0,0.1,1.0,0.0,200.0,22.77,VALID,118.0
2026-08-20 15:45:00,B,B1,8005.0,7000.0,0.1,1.0,0.0,200.0,22.12,VALID,100.5
2026-08-20 15:45:00,B,B2,8012.0,7000.0,0.1,1.0,0.0,200.0,21.96,VALID,101.2
2026-08-20 15:45:00,B,B3,8014.0,7000.0,0.1,1.0,0.0,200.0,22.47,VALID,101.4
2026-08-20 15:45:00,C,C1,8342.0,7000.0,0.1,1.0,0.0,200.0,22.72,VALID,134.2
2026-08-20 15:45:00,C,C2,8399.0,7000.0,0.1,1.0,0.0,200.0,22.47,VALID,139.9
2026-08-20 15:45:00,C,C3,8347.0,7000.0,0.1,1.0,0.0,200.0,22.63,VALID,134.7
2026-08-20 15:45:00,D,D1,7941.0,7000.0,0.1,1.0,0.0,200.0,22.57,VALID,94.1
2026-08-20 15:45:00,D,D2,7963.0,7000.0,0.1,1.0,0.0,200.0,22.27,VALID,96.3
2026-08-20 15:45:00,D,D3,7964.0,7000.0,0.1,1.0,0.0,200.0,22.31,VALID,96.4
2026-08-20 16:00:00,A,A1,8182.0,7000.0,0.1,1.0,0.0,200.0,22.06,VALID,118.2
2026-08-20 16:00:00,A,A2,8189.0,7000.0,0.1,1.0,0.0,200.0,22.71,VALID,118.9
2026-08-20 16:00:00,A,A3,8183.0,7000.0,0.1,1.0,0.0,200.0,22.57,VALID,118.3
2026-08-20 16:00:00,B,B1,8009.0,7000.0,0.1,1.0,0.0,200.0,22.38,VALID,100.9
2026-08-20 16:00:00,B,B2,8034.0,7000.0,0.1,1.0,0.0,200.0,22.35,VALID,103.4
2026-08-20 16:00:00,B,B3,7999.0,7000.0,0.1,1.0,0.0,200.0,22.24,VALID,99.9
2026-08-20 16:00:00,C,C1,8350.0,7000.0,0.1,1.0,0.0,200.0,22.48,VALID,135.0
2026-08-20 16:00:00,C,C2,8373.0,7000.0,0.1,1.0,0.0,200.0,22.26,VALID,137.3
2026-08-20 16:00:00,C,C3,8360.0,7000.0,0.1,1.0,0.0,200.0,22.33,VALID,136.0
2026-08-20 16:00:00,D,D1,7923.0,7000.0,0.1,1.0,0.0,200.0,22.28,VALID,92.3
2026-08-20 16:00:00,D,D2,7947.0,7000.0,0.1,1.0,0.0,200.0,22.56,VALID,94.7
2026-08-20 16:00:00,D,D3,7952.0,7000.0,0.1,1.0,0.0,200.0,22.37,VALID,95.2
2026-08-20 16:15:00,A,A1,8171.0,7000.0,0.1,1.0,0.0,200.0,22.34,VALID,117.1
2026-08-20 16:15:00,A,A2,8189.0,7000.0,0.1,1.0,0.0,200.0,22.08,VALID,118.9
2026-08-20 16:15:00,A,A3,8176.0,7000.0,0.1,1.0,0.0,200.0,22.18,VALID,117.6
2026-08-20 16:15:00,B,B1,7996.0,7000.0,0.1,1.0,0.0,200.0,22.34,VALID,99.6
2026-08-20 16:15:00,B,B2,8028.0,7000.0,0.1,1.0,0.0,200.0,21.99,VALID,102.8
2026-08-20 16:15:00,B,B3,8015.0,7000.0,0.1,1.0,0.0,200.0,22.27,VALID,101.5
2026-08-20 16:15:00,C,C1,8347.0,7000.0,0.1,1.0,0.0,200.0,22.31,VALID,134.7
2026-08-20 16:15:00,C,C2,8373.0,7000.0,0.1,1.0,0.0,200.0,22.06,VALID,137.3
2026-08-20 16:15:00,C,C3,8365.0,7000.0,0.1,1.0,0.0,200.0,22.52,VALID,136.5
2026-08-20 16:15:00,D,D1,7914.0,7000.0,0.1,1.0,0.0,200.0,22.38,VALID,91.4
2026-08-20 16:15:00,D,D2,,7000.0,0.1,1.0,0.0,200.0,22.28,INVALID,
2026-08-20 16:15:00,D,D3,7949.0,7000.0,0.1,1.0,0.0,200.0,22.17,VALID,94.9
2026-08-20 16:30:00,A,A1,8173.0,7000.0,0.1,1.0,0.0,200.0,21.9,VALID,117.3
2026-08-20 16:30:00,A,A2,8175.0,7000.0,0.1,1.0,0.0,200.0,22.42,VALID,117.5
2026-08-20 16:30:00,A,A3,8175.0,7000.0,0.1,1.0,0.0,200.0,22.14,VALID,117.5
2026-08-20 16:30:00,B,B1,7993.0,7000.0,0.1,1.0,0.0,200.0,21.95,VALID,99.3
2026-08-20 16:30:00,B,B2,8019.0,7000.0,0.1,1.0,0.0,200.0,22.08,VALID,101.9
2026-08-20 16:30:00,B,B3,8017.0,7000.0,0.1,1.0,0.0,200.0,22.32,VALID,101.7
2026-08-20 16:30:00,C,C1,8347.0,7000.0,0.1,1.0,0.0,200.0,22.28,VALID,134.7
2026-08-20 16:30:00,C,C2,8400.0,7000.0,0.1,1.0,0.0,200.0,22.01,VALID,140.0
2026-08-20 16:30:00,C,C3,8363.0,7000.0,0.1,1.0,0.0,200.0,22.45,VALID,136.3
2026-08-20 16:30:00,D,D1,7945.0,7000.0,0.1,1.0,0.0,200.0,21.94,VALID,94.5
2026-08-20 16:30:00,D,D2,,7000.0,0.1,1.0,0.0,200.0,22.5,INVALID,
2026-08-20 16:30:00,D,D3,7948.0,7000.0,0.1,1.0,0.0,200.0,22.27,VALID,94.8
2026-08-20 16:45:00,A,A1,8171.0,7000.0,0.1,1.0,0.0,200.0,22.08,VALID,117.1
2026-08-20 16:45:00,A,A2,8198.0,7000.0,0.1,1.0,0.0,200.0,22.11,VALID,119.8
2026-08-20 16:45:00,A,A3,8183.0,7000.0,0.1,1.0,0.0,200.0,22.17,VALID,118.3
2026-08-20 16:45:00,B,B1,7999.0,7000.0,0.1,1.0,0.0,200.0,22.27,VALID,99.9
2026-08-20 16:45:00,B,B2,8046.0,7000.0,0.1,1.0,0.0,200.0,21.8,VALID,104.6
2026-08-20 16:45:00,B,B3,8016.0,7000.0,0.1,1.0,0.0,200.0,22.01,VALID,101.6
2026-08-20 16:45:00,C,C1,8348.0,7000.0,0.1,1.0,0.0,200.0,22.17,VALID,134.8
2026-08-20 16:45:00,C,C2,8392.0,7000.0,0.1,1.0,0.0,200.0,22.39,VALID,139.2
2026-08-20 16:45:00,C,C3,8365.0,7000.0,0.1,1.0,0.0,200.0,22.39,VALID,136.5
2026-08-20 16:45:00,D,D1,7912.0,7000.0,0.1,1.0,0.0,200.0,22.48,VALID,91.2
2026-08-20 16:45:00,D,D2,,7000.0,0.1,1.0,0.0,200.0,22.37,INVALID,
2026-08-20 16:45:00,D,D3,7932.0,7000.0,0.1,1.0,0.0,200.0,21.99,VALID,93.2
2026-08-20 17:00:00,A,A1,8174.0,7000.0,0.1,1.0,0.0,200.0,22.1,VALID,117.4
2026-08-20 17:00:00,A,A2,8197.0,7000.0,0.1,1.0,0.0,200.0,22.32,VALID,119.7
2026-08-20 17:00:00,A,A3,8167.0,7000.0,0.1,1.0,0.0,200.0,22.3,VALID,116.7
2026-08-20 17:00:00,B,B1,8005.0,7000.0,0.1,1.0,0.0,200.0,22.06,VALID,100.5
2026-08-20 17:00:00,B,B2,8006.0,7000.0,0.1,1.0,0.0,200.0,22.2,VALID,100.6
2026-08-20 17:00:00,B,B3,7991.0,7000.0,0.1,1.0,0.0,200.0,22.23,VALID,99.1
2026-08-20 17:00:00,C,C1,8329.0,7000.0,0.1,1.0,0.0,200.0,22.11,VALID,132.9
2026-08-20 17:00:00,C,C2,8384.0,7000.0,0.1,1.0,0.0,200.0,22.34,VALID,138.4
2026-08-20 17:00:00,C,C3,8361.0,7000.0,0.1,1.0,0.0,200.0,21.96,VALID,136.1
2026-08-20 17:00:00,D,D1,7928.0,7000.0,0.1,1.0,0.0,200.0,22.36,VALID,92.8
2026-08-20 17:00:00,D,D2,,7000.0,0.1,1.0,0.0,200.0,22.03,INVALID,
2026-08-20 17:00:00,D,D3,7941.0,7000.0,0.1,1.0,0.0,200.0,21.79,VALID,94.1
2026-08-20 17:15:00,A,A1,8176.0,7000.0,0.1,1.0,0.0,200.0,21.71,VALID,117.6
2026-08-20 17:15:00,A,A2,8201.0,7000.0,0.1,1.0,0.0,200.0,22.08,VALID,120.1
2026-08-20 17:15:00,A,A3,8204.0,7000.0,0.1,1.0,0.0,200.0,21.84,VALID,120.4
2026-08-20 17:15:00,B,B1,8003.0,7000.0,0.1,1.0,0.0,200.0,22.42,VALID,100.3
2026-08-20 17:15:00,B,B2,8030.0,7000.0,0.1,1.0,0.0,200.0,21.92,VALID,103.0
2026-08-20 17:15:00,B,B3,8014.0,7000.0,0.1,1.0,0.0,200.0,22.06,VALID,101.4
2026-08-20 17:15:00,C,C1,8345.0,7000.0,0.1,1.0,0.0,200.0,21.92,VALID,134.5
2026-08-20 17:15:00,C,C2,8384.0,7000.0,0.1,1.0,0.0,200.0,21.74,VALID,138.4
2026-08-20 17:15:00,C,C3,8364.0,7000.0,0.1,1.0,0.0,200.0,22.15,VALID,136.4
2026-08-20 17:15:00,D,D1,7930.0,7000.0,0.1,1.0,0.0,200.0,21.73,VALID,93.0
2026-08-20 17:15:00,D,D2,,7000.0,0.1,1.0,0.0,200.0,22.13,INVALID,
2026-08-20 17:15:00,D,D3,7936.0,7000.0,0.1,1.0,0.0,200.0,22.0,VALID,93.6
2026-08-20 17:30:00,A,A1,8159.0,7000.0,0.1,1.0,0.0,200.0,21.82,VALID,115.9
2026-08-20 17:30:00,A,A2,8189.0,7000.0,0.1,1.0,0.0,200.0,22.27,VALID,118.9
2026-08-20 17:30:00,A,A3,8176.0,7000.0,0.1,1.0,0.0,200.0,22.15,VALID,117.6
2026-08-20 17:30:00,B,B1,7999.0,7000.0,0.1,1.0,0.0,200.0,22.08,VALID,99.9
2026-08-20 17:30:00,B,B2,8018.0,7000.0,0.1,1.0,0.0,200.0,22.2,VALID,101.8
2026-08-20 17:30:00,B,B3,8007.0,7000.0,0.1,1.0,0.0,200.0,21.71,VALID,100.7
2026-08-20 17:30:00,C,C1,8330.0,7000.0,0.1,1.0,0.0,200.0,21.92,VALID,133.0
2026-08-20 17:30:00,C,C2,8373.0,7000.0,0.1,1.0,0.0,200.0,22.11,VALID,137.3
2026-08-20 17:30:00,C,C3,8358.0,7000.0,0.1,1.0,0.0,200.0,22.5,VALID,135.8
2026-08-20 17:30:00,D,D1,7917.0,7000.0,0.1,1.0,0.0,200.0,22.07,VALID,91.7
2026-08-20 17:30:00,D,D2,,7000.0,0.1,1.0,0.0,200.0,21.93,INVALID,
2026-08-20 17:30:00,D,D3,7943.0,7000.0,0.1,1.0,0.0,200.0,21.56,VALID,94.3
2026-08-20 17:45:00,A,A1,8174.0,7000.0,0.1,1.0,0.0,200.0,22.39,VALID,117.4
2026-08-20 17:45:00,A,A2,8190.0,7000.0,0.1,1.0,0.0,200.0,22.06,VALID,119.0
2026-08-20 17:45:00,A,A3,8191.0,7000.0,0.1,1.0,0.0,200.0,21.97,VALID,119.1
2026-08-20 17:45:00,B,B1,7999.0,7000.0,0.1,1.0,0.0,200.0,21.55,VALID,99.9
2026-08-20 17:45:00,B,B2,8025.0,7000.0,0.1,1.0,0.0,200.0,21.98,VALID,102.5
2026-08-20 17:45:00,B,B3,8003.0,7000.0,0.1,1.0,0.0,200.0,22.03,VALID,100.3
2026-08-20 17:45:00,C,C1,8337.0,7000.0,0.1,1.0,0.0,200.0,21.9,VALID,133.7
2026-08-20 17:45:00,C,C2,8390.0,7000.0,0.1,1.0,0.0,200.0,21.74,VALID,139.0
2026-08-20 17:45:00,C,C3,8372.0,7000.0,0.1,1.0,0.0,200.0,21.73,VALID,137.2
2026-08-20 17:45:00,D,D1,7926.0,7000.0,0.1,1.0,0.0,200.0,22.39,VALID,92.6
2026-08-20 17:45:00,D,D2,,7000.0,0.1,1.0,0.0,200.0,22.03,INVALID,
2026-08-20 17:45:00,D,D3,7934.0,7000.0,0.1,1.0,0.0,200.0,21.9,VALID,93.4
2026-08-20 18:00:00,A,A1,8173.0,7000.0,0.1,1.0,0.0,200.0,22.01,VALID,117.3
2026-08-20 18:00:00,A,A2,8193.0,7000.0,0.1,1.0,0.0,200.0,21.99,VALID,119.3
2026-08-20 18:00:00,A,A3,8180.0,7000.0,0.1,1.0,0.0,200.0,21.71,VALID,118.0
2026-08-20 18:00:00,B,B1,7999.0,7000.0,0.1,1.0,0.0,200.0,22.18,VALID,99.9
2026-08-20 18:00:00,B,B2,8007.0,7000.0,0.1,1.0,0.0,200.0,21.96,VALID,100.7
2026-08-20 18:00:00,B,B3,8005.0,7000.0,0.1,1.0,0.0,200.0,22.02,VALID,100.5
2026-08-20 18:00:00,C,C1,8339.0,7000.0,0.1,1.0,0.0,200.0,22.3,VALID,133.9
2026-08-20 18:00:00,C,C2,8389.0,7000.0,0.1,1.0,0.0,200.0,21.74,VALID,138.9
2026-08-20 18:00:00,C,C3,8368.0,7000.0,0.1,1.0,0.0,200.0,21.85,VALID,136.8
2026-08-20 18:00:00,D,D1,7927.0,7000.0,0.1,1.0,0.0,200.0,22.06,VALID,92.7
2026-08-20 18:00:00,D,D2,,7000.0,0.1,1.0,0.0,200.0,22.18,INVALID,
2026-08-20 18:00:00,D,D3,7935.0,7000.0,0.1,1.0,0.0,200.0,21.88,VALID,93.5
2026-08-20 18:15:00,A,A1,8166.0,7000.0,0.1,1.0,0.0,200.0,21.89,VALID,116.6
2026-08-20 18:15:00,A,A2,8204.0,7000.0,0.1,1.0,0.0,200.0,22.13,VALID,120.4
2026-08-20 18:15:00,A,A3,8198.0,7000.0,0.1,1.0,0.0,200.0,22.46,VALID,119.8
2026-08-20 18:15:00,B,B1,7995.0,7000.0,0.1,1.0,0.0,200.0,22.02,VALID,99.5
2026-08-20 18:15:00,B,B2,8009.0,7000.0,0.1,1.0,0.0,200.0,21.85,VALID,100.9
2026-08-20 18:15:00,B,B3,8007.0,7000.0,0.1,1.0,0.0,200.0,21.79,VALID,100.7
2026-08-20 18:15:00,C,C1,8333.0,7000.0,0.1,1.0,0.0,200.0,21.98,VALID,133.3
2026-08-20 18:15:00,C,C2,8373.0,7000.0,0.1,1.0,0.0,200.0,22.17,VALID,137.3
2026-08-20 18:15:00,C,C3,8354.0,7000.0,0.1,1.0,0.0,200.0,22.57,VALID,135.4
2026-08-20 18:15:00,D,D1,7928.0,7000.0,0.1,1.0,0.0,200.0,22.02,VALID,92.8
2026-08-20 18:15:00,D,D2,,7000.0,0.1,1.0,0.0,200.0,22.35,INVALID,
2026-08-20 18:15:00,D,D3,7952.0,7000.0,0.1,1.0,0.0,200.0,22.07,VALID,95.2
2026-08-20 18:30:00,A,A1,8160.0,7000.0,0.1,1.0,0.0,200.0,22.07,VALID,116.0
2026-08-20 18:30:00,A,A2,8185.0,7000.0,0.1,1.0,0.0,200.0,22.32,VALID,118.5
2026-08-20 18:30:00,A,A3,8190.0,7000.0,0.1,1.0,0.0,200.0,22.04,VALID,119.0
2026-08-20 18:30:00,B,B1,7983.0,7000.0,0.1,1.0,0.0,200.0,21.83,VALID,98.3
2026-08-20 18:30:00,B,B2,8026.0,7000.0,0.1,1.0,0.0,200.0,22.27,VALID,102.6
2026-08-20 18:30:00,B,B3,8023.0,7000.0,0.1,1.0,0.0,200.0,21.71,VALID,102.3
2026-08-20 18:30:00,C,C1,8345.0,7000.0,0.1,1.0,0.0,200.0,22.23,VALID,134.5
2026-08-20 18:30:00,C,C2,8370.0,7000.0,0.1,1.0,0.0,200.0,22.02,VALID,137.0
2026-08-20 18:30:00,C,C3,8365.0,7000.0,0.1,1.0,0.0,200.0,21.97,VALID,136.5
2026-08-20 18:30:00,D,D1,7916.0,7000.0,0.1,1.0,0.0,200.0,21.96,VALID,91.6
2026-08-20 18:30:00,D,D2,,7000.0,0.1,1.0,0.0,200.0,22.0,INVALID,
2026-08-20 18:30:00,D,D3,7938.0,7000.0,0.1,1.0,0.0,200.0,21.94,VALID,93.8
2026-08-20 18:45:00,A,A1,8173.0,7000.0,0.1,1.0,0.0,200.0,22.15,VALID,117.3
2026-08-20 18:45:00,A,A2,8192.0,7000.0,0.1,1.0,0.0,200.0,21.98,VALID,119.2
2026-08-20 18:45:00,A,A3,8184.0,7000.0,0.1,1.0,0.0,200.0,21.67,VALID,118.4
2026-08-20 18:45:00,B,B1,8009.0,7000.0,0.1,1.0,0.0,200.0,22.06,VALID,100.9
2026-08-20 18:45:00,B,B2,8020.0,7000.0,0.1,1.0,0.0,200.0,22.25,VALID,102.0
2026-08-20 18:45:00,B,B3,7995.0,7000.0,0.1,1.0,0.0,200.0,21.66,VALID,99.5
2026-08-20 18:45:00,C,C1,8346.0,7000.0,0.1,1.0,0.0,200.0,22.06,VALID,134.6
2026-08-20 18:45:00,C,C2,8387.0,7000.0,0.1,1.0,0.0,200.0,21.97,VALID,138.7
2026-08-20 18:45:00,C,C3,8369.0,7000.0,0.1,1.0,0.0,200.0,22.24,VALID,136.9
2026-08-20 18:45:00,D,D1,7937.0,7000.0,0.1,1.0,0.0,200.0,22.01,VALID,93.7
2026-08-20 18:45:00,D,D2,,7000.0,0.1,1.0,0.0,200.0,22.21,INVALID,
2026-08-20 18:45:00,D,D3,7954.0,7000.0,0.1,1.0,0.0,200.0,22.19,VALID,95.4
2026-08-20 19:00:00,A,A1,8166.0,7000.0,0.1,1.0,0.0,200.0,22.24,VALID,116.6
2026-08-20 19:00:00,A,A2,8203.0,7000.0,0.1,1.0,0.0,200.0,22.41,VALID,120.3
2026-08-20 19:00:00,A,A3,8176.0,7000.0,0.1,1.0,0.0,200.0,22.06,VALID,117.6
2026-08-20 19:00:00,B,B1,8012.0,7000.0,0.1,1.0,0.0,200.0,22.11,VALID,101.2
2026-08-20 19:00:00,B,B2,8011.0,7000.0,0.1,1.0,0.0,200.0,22.19,VALID,101.1
2026-08-20 19:00:00,B,B3,8019.0,7000.0,0.1,1.0,0.0,200.0,22.12,VALID,101.9
2026-08-20 19:00:00,C,C1,8346.0,7000.0,0.1,1.0,0.0,200.0,22.05,VALID,134.6
2026-08-20 19:00:00,C,C2,8399.0,7000.0,0.1,1.0,0.0,200.0,21.92,VALID,139.9
2026-08-20 19:00:00,C,C3,8358.0,7000.0,0.1,1.0,0.0,200.0,22.1,VALID,135.8
2026-08-20 19:00:00,D,D1,7942.0,7000.0,0.1,1.0,0.0,200.0,21.8,VALID,94.2
2026-08-20 19:00:00,D,D2,7940.0,7000.0,0.1,1.0,0.0,200.0,21.69,VALID,94.0
2026-08-20 19:00:00,D,D3,7944.0,7000.0,0.1,1.0,0.0,200.0,21.88,VALID,94.4
2026-08-20 19:15:00,A,A1,8171.0,7000.0,0.1,1.0,0.0,200.0,22.29,VALID,117.1
2026-08-20 19:15:00,A,A2,8191.0,7000.0,0.1,1.0,0.0,200.0,22.21,VALID,119.1
2026-08-20 19:15:00,A,A3,8182.0,7000.0,0.1,1.0,0.0,200.0,22.29,VALID,118.2
2026-08-20 19:15:00,B,B1,8011.0,7000.0,0.1,1.0,0.0,200.0,22.02,VALID,101.1
2026-08-20 19:15:00,B,B2,8020.0,7000.0,0.1,1.0,0.0,200.0,22.37,VALID,102.0
2026-08-20 19:15:00,B,B3,8018.0,7000.0,0.1,1.0,0.0,200.0,21.88,VALID,101.8
2026-08-20 19:15:00,C,C1,8350.0,7000.0,0.1,1.0,0.0,200.0,21.94,VALID,135.0
2026-08-20 19:15:00,C,C2,8399.0,7000.0,0.1,1.0,0.0,200.0,22.36,VALID,139.9
2026-08-20 19:15:00,C,C3,8367.0,7000.0,0.1,1.0,0.0,200.0,22.19,VALID,136.7
2026-08-20 19:15:00,D,D1,7932.0,7000.0,0.1,1.0,0.0,200.0,22.29,VALID,93.2
2026-08-20 19:15:00,D,D2,7949.0,7000.0,0.1,1.0,0.0,200.0,22.21,VALID,94.9
2026-08-20 19:15:00,D,D3,7952.0,7000.0,0.1,1.0,0.0,200.0,22.05,VALID,95.2
2026-08-20 19:30:00,A,A1,8170.0,7000.0,0.1,1.0,0.0,200.0,21.99,VALID,117.0
2026-08-20 19:30:00,A,A2,8187.0,7000.0,0.1,1.0,0.0,200.0,21.86,VALID,118.7
2026-08-20 19:30:00,A,A3,8192.0,7000.0,0.1,1.0,0.0,200.0,22.59,VALID,119.2
2026-08-20 19:30:00,B,B1,8020.0,7000.0,0.1,1.0,0.0,200.0,21.9,VALID,102.0
2026-08-20 19:30:00,B,B2,8029.0,7000.0,0.1,1.0,0.0,200.0,22.51,VALID,102.9
2026-08-20 19:30:00,B,B3,8011.0,7000.0,0.1,1.0,0.0,200.0,22.25,VALID,101.1
2026-08-20 19:30:00,C,C1,8327.0,7000.0,0.1,1.0,0.0,200.0,22.28,VALID,132.7
2026-08-20 19:30:00,C,C2,8378.0,7000.0,0.1,1.0,0.0,200.0,22.27,VALID,137.8
2026-08-20 19:30:00,C,C3,8351.0,7000.0,0.1,1.0,0.0,200.0,22.34,VALID,135.1
2026-08-20 19:30:00,D,D1,7944.0,7000.0,0.1,1.0,0.0,200.0,22.07,VALID,94.4
2026-08-20 19:30:00,D,D2,7943.0,7000.0,0.1,1.0,0.0,200.0,21.8,VALID,94.3
2026-08-20 19:30:00,D,D3,7943.0,7000.0,0.1,1.0,0.0,200.0,22.11,VALID,94.3
2026-08-20 19:45:00,A,A1,8162.0,7000.0,0.1,1.0,0.0,200.0,22.4,VALID,116.2
2026-08-20 19:45:00,A,A2,8194.0,7000.0,0.1,1.0,0.0,200.0,22.09,VALID,119.4
2026-08-20 19:45:00,A,A3,8181.0,7000.0,0.1,1.0,0.0,200.0,22.52,VALID,118.1
2026-08-20 19:45:00,B,B1,8013.0,7000.0,0.1,1.0,0.0,200.0,22.28,VALID,101.3
2026-08-20 19:45:00,B,B2,8029.0,7000.0,0.1,1.0,0.0,200.0,22.08,VALID,102.9
2026-08-20 19:45:00,B,B3,8016.0,7000.0,0.1,1.0,0.0,200.0,22.34,VALID,101.6
2026-08-20 19:45:00,C,C1,8342.0,7000.0,0.1,1.0,0.0,200.0,22.4,VALID,134.2
2026-08-20 19:45:00,C,C2,8381.0,7000.0,0.1,1.0,0.0,200.0,22.41,VALID,138.1
2026-08-20 19:45:00,C,C3,8371.0,7000.0,0.1,1.0,0.0,200.0,21.73,VALID,137.1
2026-08-20 19:45:00,D,D1,7947.0,7000.0,0.1,1.0,0.0,200.0,21.7,VALID,94.7
2026-08-20 19:45:00,D,D2,7948.0,7000.0,0.1,1.0,0.0,200.0,22.51,VALID,94.8
2026-08-20 19:45:00,D,D3,7943.0,7000.0,0.1,1.0,0.0,200.0,22.02,VALID,94.3
2026-08-20 20:00:00,A,A1,8167.0,7000.0,0.1,1.0,0.0,200.0,22.61,VALID,116.7
2026-08-20 20:00:00,A,A2,8182.0,7000.0,0.1,1.0,0.0,200.0,22.63,VALID,118.2
2026-08-20 20:00:00,A,A3,8187.0,7000.0,0.1,1.0,0.0,200.0,22.16,VALID,118.7
2026-08-20 20:00:00,B,B1,8004.0,7000.0,0.1,1.0,0.0,200.0,22.2,VALID,100.4
2026-08-20 20:00:00,B,B2,8032.0,7000.0,0.1,1.0,0.0,200.0,22.55,VALID,103.2
2026-08-20 20:00:00,B,B3,8002.0,7000.0,0.1,1.0,0.0,200.0,22.32,VALID,100.2
2026-08-20 20:00:00,C,C1,8339.0,7000.0,0.1,1.0,0.0,200.0,22.66,VALID,133.9
2026-08-20 20:00:00,C,C2,8377.0,7000.0,0.1,1.0,0.0,200.0,22.72,VALID,137.7
2026-08-20 20:00:00,C,C3,8367.0,7000.0,0.1,1.0,0.0,200.0,22.17,VALID,136.7
2026-08-20 20:00:00,D,D1,7931.0,7000.0,0.1,1.0,0.0,200.0,22.24,VALID,93.1
2026-08-20 20:00:00,D,D2,7944.0,7000.0,0.1,1.0,0.0,200.0,22.42,VALID,94.4
2026-08-20 20:00:00,D,D3,7936.0,7000.0,0.1,1.0,0.0,200.0,21.97,VALID,93.6
2026-08-20 20:15:00,A,A1,8175.0,7000.0,0.1,1.0,0.0,200.0,22.15,VALID,117.5
2026-08-20 20:15:00,A,A2,8193.0,7000.0,0.1,1.0,0.0,200.0,22.32,VALID,119.3
2026-08-20 20:15:00,A,A3,8180.0,7000.0,0.1,1.0,0.0,200.0,22.91,VALID,118.0
2026-08-20 20:15:00,B,B1,8011.0,7000.0,0.1,1.0,0.0,200.0,22.55,VALID,101.1
2026-08-20 20:15:00,B,B2,8009.0,7000.0,0.1,1.0,0.0,200.0,22.37,VALID,100.9
2026-08-20 20:15:00,B,B3,8020.0,7000.0,0.1,1.0,0.0,200.0,22.3,VALID,102.0
2026-08-20 20:15:00,C,C1,8356.0,7000.0,0.1,1.0,0.0,200.0,22.27,VALID,135.6
2026-08-20 20:15:00,C,C2,8388.0,7000.0,0.1,1.0,0.0,200.0,22.39,VALID,138.8
2026-08-20 20:15:00,C,C3,8370.0,7000.0,0.1,1.0,0.0,200.0,22.38,VALID,137.0
2026-08-20 20:15:00,D,D1,7936.0,7000.0,0.1,1.0,0.0,200.0,22.46,VALID,93.6
2026-08-20 20:15:00,D,D2,7950.0,7000.0,0.1,1.0,0.0,200.0,22.6,VALID,95.0
2026-08-20 20:15:00,D,D3,7950.0,7000.0,0.1,1.0,0.0,200.0,22.49,VALID,95.0
2026-08-20 20:30:00,A,A1,8176.0,7000.0,0.1,1.0,0.0,200.0,22.78,VALID,117.6
2026-08-20 20:30:00,A,A2,8199.0,7000.0,0.1,1.0,0.0,200.0,22.56,VALID,119.9
2026-08-20 20:30:00,A,A3,8190.0,7000.0,0.1,1.0,0.0,200.0,22.96,VALID,119.0
2026-08-20 20:30:00,B,B1,7999.0,7000.0,0.1,1.0,0.0,200.0,22.77,VALID,99.9
2026-08-20 20:30:00,B,B2,8009.0,7000.0,0.1,1.0,0.0,200.0,22.66,VALID,100.9
2026-08-20 20:30:00,B,B3,8034.0,7000.0,0.1,1.0,0.0,200.0,22.72,VALID,103.4
2026-08-20 20:30:00,C,C1,8351.0,7000.0,0.1,1.0,0.0,200.0,22.51,VALID,135.1
2026-08-20 20:30:00,C,C2,8392.0,7000.0,0.1,1.0,0.0,200.0,22.57,VALID,139.2
2026-08-20 20:30:00,C,C3,8362.0,7000.0,0.1,1.0,0.0,200.0,22.56,VALID,136.2
2026-08-20 20:30:00,D,D1,7941.0,7000.0,0.1,1.0,0.0,200.0,22.47,VALID,94.1
2026-08-20 20:30:00,D,D2,7950.0,7000.0,0.1,1.0,0.0,200.0,22.35,VALID,95.0
2026-08-20 20:30:00,D,D3,7953.0,7000.0,0.1,1.0,0.0,200.0,22.73,VALID,95.3
2026-08-20 20:45:00,A,A1,8183.0,7000.0,0.1,1.0,0.0,200.0,22.94,VALID,118.3
2026-08-20 20:45:00,A,A2,8204.0,7000.0,0.1,1.0,0.0,200.0,22.82,VALID,120.4
2026-08-20 20:45:00,A,A3,8193.0,7000.0,0.1,1.0,0.0,200.0,22.73,VALID,119.3
2026-08-20 20:45:00,B,B1,8008.0,7000.0,0.1,1.0,0.0,200.0,23.19,VALID,100.8
2026-08-20 20:45:00,B,B2,8024.0,7000.0,0.1,1.0,0.0,200.0,22.61,VALID,102.4
2026-08-20 20:45:00,B,B3,8025.0,7000.0,0.1,1.0,0.0,200.0,22.79,VALID,102.5
2026-08-20 20:45:00,C,C1,8338.0,7000.0,0.1,1.0,0.0,200.0,22.97,VALID,133.8
2026-08-20 20:45:00,C,C2,8392.0,7000.0,0.1,1.0,0.0,200.0,22.52,VALID,139.2
2026-08-20 20:45:00,C,C3,8381.0,7000.0,0.1,1.0,0.0,200.0,22.87,VALID,138.1
2026-08-20 20:45:00,D,D1,7929.0,7000.0,0.1,1.0,0.0,200.0,23.1,VALID,92.9
2026-08-20 20:45:00,D,D2,7965.0,7000.0,0.1,1.0,0.0,200.0,22.74,VALID,96.5
2026-08-20 20:45:00,D,D3,7965.0,7000.0,0.1,1.0,0.0,200.0,22.78,VALID,96.5
2026-08-20 21:00:00,A,A1,8182.0,7000.0,0.1,1.0,0.0,200.0,22.75,VALID,118.2
2026-08-20 21:00:00,A,A2,8209.0,7000.0,0.1,1.0,0.0,200.0,22.97,VALID,120.9
2026-08-20 21:00:00,A,A3,8192.0,7000.0,0.1,1.0,0.0,200.0,22.72,VALID,119.2
2026-08-20 21:00:00,B,B1,8015.0,7000.0,0.1,1.0,0.0,200.0,22.86,VALID,101.5
2026-08-20 21:00:00,B,B2,8017.0,7000.0,0.1,1.0,0.0,200.0,22.58,VALID,101.7
2026-08-20 21:00:00,B,B3,8027.0,7000.0,0.1,1.0,0.0,200.0,22.36,VALID,102.7
2026-08-20 21:00:00,C,C1,8354.0,7000.0,0.1,1.0,0.0,200.0,22.78,VALID,135.4
2026-08-20 21:00:00,C,C2,8406.0,7000.0,0.1,1.0,0.0,200.0,22.78,VALID,140.6
2026-08-20 21:00:00,C,C3,8378.0,7000.0,0.1,1.0,0.0,200.0,22.8,VALID,137.8
2026-08-20 21:00:00,D,D1,7943.0,7000.0,0.1,1.0,0.0,200.0,23.03,VALID,94.3
2026-08-20 21:00:00,D,D2,7956.0,7000.0,0.1,1.0,0.0,200.0,23.08,VALID,95.6
2026-08-20 21:00:00,D,D3,7943.0,7000.0,0.1,1.0,0.0,200.0,22.94,VALID,94.3
2026-08-20 21:15:00,A,A1,8192.0,7000.0,0.1,1.0,0.0,200.0,23.15,VALID,119.2
2026-08-20 21:15:00,A,A2,8223.0,7000.0,0.1,1.0,0.0,200.0,22.87,VALID,122.3
2026-08-20 21:15:00,A,A3,8181.0,7000.0,0.1,1.0,0.0,200.0,22.82,VALID,118.1
2026-08-20 21:15:00,B,B1,8022.0,7000.0,0.1,1.0,0.0,200.0,23.12,VALID,102.2
2026-08-20 21:15:00,B,B2,8032.0,7000.0,0.1,1.0,0.0,200.0,22.8,VALID,103.2
2026-08-20 21:15:00,B,B3,8031.0,7000.0,0.1,1.0,0.0,200.0,22.78,VALID,103.1
2026-08-20 21:15:00,C,C1,8364.0,7000.0,0.1,1.0,0.0,200.0,23.59,VALID,136.4
2026-08-20 21:15:00,C,C2,8399.0,7000.0,0.1,1.0,0.0,200.0,23.14,VALID,139.9
2026-08-20 21:15:00,C,C3,8369.0,7000.0,0.1,1.0,0.0,200.0,22.66,VALID,136.9
2026-08-20 21:15:00,D,D1,7938.0,7000.0,0.1,1.0,0.0,200.0,22.8,VALID,93.8
2026-08-20 21:15:00,D,D2,7949.0,7000.0,0.1,1.0,0.0,200.0,23.37,VALID,94.9
2026-08-20 21:15:00,D,D3,7956.0,7000.0,0.1,1.0,0.0,200.0,23.1,VALID,95.6
2026-08-20 21:30:00,A,A1,8182.0,7000.0,0.1,1.0,0.0,200.0,23.14,VALID,118.2
2026-08-20 21:30:00,A,A2,8216.0,7000.0,0.1,1.0,0.0,200.0,23.17,VALID,121.6
2026-08-20 21:30:00,A,A3,8200.0,7000.0,0.1,1.0,0.0,200.0,23.13,VALID,120.0
2026-08-20 21:30:00,B,B1,8014.0,7000.0,0.1,1.0,0.0,200.0,22.89,VALID,101.4
2026-08-20 21:30:00,B,B2,8014.0,7000.0,0.1,1.0,0.0,200.0,23.12,VALID,101.4
2026-08-20 21:30:00,B,B3,8026.0,7000.0,0.1,1.0,0.0,200.0,22.92,VALID,102.6
2026-08-20 21:30:00,C,C1,8355.0,7000.0,0.1,1.0,0.0,200.0,23.18,VALID,135.5
2026-08-20 21:30:00,C,C2,8378.0,7000.0,0.1,1.0,0.0,200.0,22.99,VALID,137.8
2026-08-20 21:30:00,C,C3,8379.0,7000.0,0.1,1.0,0.0,200.0,23.25,VALID,137.9
2026-08-20 21:30:00,D,D1,7935.0,7000.0,0.1,1.0,0.0,200.0,23.21,VALID,93.5
2026-08-20 21:30:00,D,D2,7972.0,7000.0,0.1,1.0,0.0,200.0,23.33,VALID,97.2
2026-08-20 21:30:00,D,D3,7954.0,7000.0,0.1,1.0,0.0,200.0,23.08,VALID,95.4
2026-08-20 21:45:00,A,A1,8181.0,7000.0,0.1,1.0,0.0,200.0,23.43,VALID,118.1
2026-08-20 21:45:00,A,A2,8211.0,7000.0,0.1,1.0,0.0,200.0,23.46,VALID,121.1
2026-08-20 21:45:00,A,A3,8198.0,7000.0,0.1,1.0,0.0,200.0,23.5,VALID,119.8
2026-08-20 21:45:00,B,B1,8020.0,7000.0,0.1,1.0,0.0,200.0,23.49,VALID,102.0
2026-08-20 21:45:00,B,B2,8042.0,7000.0,0.1,1.0,0.0,200.0,23.17,VALID,104.2
2026-08-20 21:45:00,B,B3,8011.0,7000.0,0.1,1.0,0.0,200.0,23.64,VALID,101.1
2026-08-20 21:45:00,C,C1,8359.0,7000.0,0.1,1.0,0.0,200.0,22.99,VALID,135.9
2026-08-20 21:45:00,C,C2,8393.0,7000.0,0.1,1.0,0.0,200.0,23.49,VALID,139.3
2026-08-20 21:45:00,C,C3,8374.0,7000.0,0.1,1.0,0.0,200.0,23.23,VALID,137.4
2026-08-20 21:45:00,D,D1,7960.0,7000.0,0.1,1.0,0.0,200.0,23.12,VALID,96.0
2026-08-20 21:45:00,D,D2,7958.0,7000.0,0.1,1.0,0.0,200.0,23.38,VALID,95.8
2026-08-20 21:45:00,D,D3,7960.0,7000.0,0.1,1.0,0.0,200.0,23.43,VALID,96.0
2026-08-20 22:00:00,A,A1,8197.0,7000.0,0.1,1.0,0.0,200.0,23.54,VALID,119.7
2026-08-20 22:00:00,A,A2,8215.0,7000.0,0.1,1.0,0.0,200.0,23.45,VALID,121.5
2026-08-20 22:00:00,A,A3,8199.0,7000.0,0.1,1.0,0.0,200.0,23.52,VALID,119.9
2026-08-20 22:00:00,B,B1,8023.0,7000.0,0.1,1.0,0.0,200.0,23.65,VALID,102.3
2026-08-20 22:00:00,B,B2,8041.0,7000.0,0.1,1.0,0.0,200.0,23.51,VALID,104.1
2026-08-20 22:00:00,B,B3,8021.0,7000.0,0.1,1.0,0.0,200.0,23.51,VALID,102.1
2026-08-20 22:00:00,C,C1,8358.0,7000.0,0.1,1.0,0.0,200.0,23.54,VALID,135.8
2026-08-20 22:00:00,C,C2,8421.0,7000.0,0.1,1.0,0.0,200.0,23.4,VALID,142.1
2026-08-20 22:00:00,C,C3,8383.0,7000.0,0.1,1.0,0.0,200.0,23.71,VALID,138.3
2026-08-20 22:00:00,D,D1,7950.0,7000.0,0.1,1.0,0.0,200.0,23.97,VALID,95.0
2026-08-20 22:00:00,D,D2,7963.0,7000.0,0.1,1.0,0.0,200.0,23.56,VALID,96.3
2026-08-20 22:00:00,D,D3,7952.0,7000.0,0.1,1.0,0.0,200.0,23.43,VALID,95.2
2026-08-20 22:15:00,A,A1,8193.0,7000.0,0.1,1.0,0.0,200.0,23.84,VALID,119.3
2026-08-20 22:15:00,A,A2,8215.0,7000.0,0.1,1.0,0.0,200.0,23.92,VALID,121.5
2026-08-20 22:15:00,A,A3,8200.0,7000.0,0.1,1.0,0.0,200.0,23.61,VALID,120.0
2026-08-20 22:15:00,B,B1,8047.0,7000.0,0.1,1.0,0.0,200.0,23.75,VALID,104.7
2026-08-20 22:15:00,B,B2,8031.0,7000.0,0.1,1.0,0.0,200.0,23.53,VALID,103.1
2026-08-20 22:15:00,B,B3,8022.0,7000.0,0.1,1.0,0.0,200.0,23.86,VALID,102.2
2026-08-20 22:15:00,C,C1,8357.0,7000.0,0.1,1.0,0.0,200.0,23.7,VALID,135.7
2026-08-20 22:15:00,C,C2,8402.0,7000.0,0.1,1.0,0.0,200.0,23.82,VALID,140.2
2026-08-20 22:15:00,C,C3,8373.0,7000.0,0.1,1.0,0.0,200.0,23.46,VALID,137.3
2026-08-20 22:15:00,D,D1,7953.0,7000.0,0.1,1.0,0.0,200.0,23.79,VALID,95.3
2026-08-20 22:15:00,D,D2,7972.0,7000.0,0.1,1.0,0.0,200.0,23.51,VALID,97.2
2026-08-20 22:15:00,D,D3,7967.0,7000.0,0.1,1.0,0.0,200.0,23.52,VALID,96.7
2026-08-20 22:30:00,A,A1,8188.0,7000.0,0.1,1.0,0.0,200.0,23.66,VALID,118.8
2026-08-20 22:30:00,A,A2,8226.0,7000.0,0.1,1.0,0.0,200.0,23.98,VALID,122.6
2026-08-20 22:30:00,A,A3,8208.0,7000.0,0.1,1.0,0.0,200.0,24.1,VALID,120.8
2026-08-20 22:30:00,B,B1,8050.0,7000.0,0.1,1.0,0.0,200.0,23.51,VALID,105.0
2026-08-20 22:30:00,B,B2,8033.0,7000.0,0.1,1.0,0.0,200.0,23.73,VALID,103.3
2026-08-20 22:30:00,B,B3,8025.0,7000.0,0.1,1.0,0.0,200.0,23.64,VALID,102.5
2026-08-20 22:30:00,C,C1,8360.0,7000.0,0.1,1.0,0.0,200.0,23.61,VALID,136.0
2026-08-20 22:30:00,C,C2,8407.0,7000.0,0.1,1.0,0.0,200.0,23.86,VALID,140.7
2026-08-20 22:30:00,C,C3,8387.0,7000.0,0.1,1.0,0.0,200.0,23.95,VALID,138.7
2026-08-20 22:30:00,D,D1,7958.0,7000.0,0.1,1.0,0.0,200.0,23.78,VALID,95.8
2026-08-20 22:30:00,D,D2,7989.0,7000.0,0.1,1.0,0.0,200.0,23.9,VALID,98.9
2026-08-20 22:30:00,D,D3,7946.0,7000.0,0.1,1.0,0.0,200.0,23.65,VALID,94.6
2026-08-20 22:45:00,A,A1,8179.0,7000.0,0.1,1.0,0.0,200.0,24.04,VALID,117.9
2026-08-20 22:45:00,A,A2,8215.0,7000.0,0.1,1.0,0.0,200.0,23.94,VALID,121.5
2026-08-20 22:45:00,A,A3,8222.0,7000.0,0.1,1.0,0.0,200.0,24.15,VALID,122.2
2026-08-20 22:45:00,B,B1,8033.0,7000.0,0.1,1.0,0.0,200.0,23.85,VALID,103.3
2026-08-20 22:45:00,B,B2,8032.0,7000.0,0.1,1.0,0.0,200.0,24.04,VALID,103.2
2026-08-20 22:45:00,B,B3,8036.0,7000.0,0.1,1.0,0.0,200.0,23.66,VALID,103.6
2026-08-20 22:45:00,C,C1,8363.0,7000.0,0.1,1.0,0.0,200.0,24.04,VALID,136.3
2026-08-20 22:45:00,C,C2,8404.0,7000.0,0.1,1.0,0.0,200.0,23.87,VALID,140.4
2026-08-20 22:45:00,C,C3,8379.0,7000.0,0.1,1.0,0.0,200.0,24.0,VALID,137.9
2026-08-20 22:45:00,D,D1,7955.0,7000.0,0.1,1.0,0.0,200.0,24.16,VALID,95.5
2026-08-20 22:45:00,D,D2,7982.0,7000.0,0.1,1.0,0.0,200.0,23.98,VALID,98.2
2026-08-20 22:45:00,D,D3,7960.0,7000.0,0.1,1.0,0.0,200.0,24.12,VALID,96.0
2026-08-20 23:00:00,A,A1,8202.0,7000.0,0.1,1.0,0.0,200.0,24.14,VALID,120.2
2026-08-20 23:00:00,A,A2,8225.0,7000.0,0.1,1.0,0.0,200.0,24.42,VALID,122.5
2026-08-20 23:00:00,A,A3,8218.0,7000.0,0.1,1.0,0.0,200.0,24.58,VALID,121.8
2026-08-20 23:00:00,B,B1,8020.0,7000.0,0.1,1.0,0.0,200.0,24.23,VALID,102.0
2026-08-20 23:00:00,B,B2,8043.0,7000.0,0.1,1.0,0.0,200.0,24.2,VALID,104.3
2026-08-20 23:00:00,B,B3,8030.0,7000.0,0.1,1.0,0.0,200.0,23.93,VALID,103.0
2026-08-20 23:00:00,C,C1,8367.0,7000.0,0.1,1.0,0.0,200.0,24.07,VALID,136.7
2026-08-20 23:00:00,C,C2,8409.0,7000.0,0.1,1.0,0.0,200.0,24.06,VALID,140.9
2026-08-20 23:00:00,C,C3,8376.0,7000.0,0.1,1.0,0.0,200.0,24.27,VALID,137.6
2026-08-20 23:00:00,D,D1,7958.0,7000.0,0.1,1.0,0.0,200.0,24.34,VALID,95.8
2026-08-20 23:00:00,D,D2,7994.0,7000.0,0.1,1.0,0.0,200.0,24.28,VALID,99.4
2026-08-20 23:00:00,D,D3,7971.0,7000.0,0.1,1.0,0.0,200.0,24.01,VALID,97.1
2026-08-20 23:15:00,A,A1,8187.0,7000.0,0.1,1.0,0.0,200.0,24.73,VALID,118.7
2026-08-20 23:15:00,A,A2,8212.0,7000.0,0.1,1.0,0.0,200.0,24.21,VALID,121.2
2026-08-20 23:15:00,A,A3,8208.0,7000.0,0.1,1.0,0.0,200.0,24.4,VALID,120.8
2026-08-20 23:15:00,B,B1,8022.0,7000.0,0.1,1.0,0.0,200.0,24.35,VALID,102.2
2026-08-20 23:15:00,B,B2,8056.0,7000.0,0.1,1.0,0.0,200.0,24.25,VALID,105.6
2026-08-20 23:15:00,B,B3,8026.0,7000.0,0.1,1.0,0.0,200.0,24.6,VALID,102.6
2026-08-20 23:15:00,C,C1,8373.0,7000.0,0.1,1.0,0.0,200.0,24.29,VALID,137.3
2026-08-20 23:15:00,C,C2,8396.0,7000.0,0.1,1.0,0.0,200.0,24.27,VALID,139.6
2026-08-20 23:15:00,C,C3,8388.0,7000.0,0.1,1.0,0.0,200.0,24.65,VALID,138.8
2026-08-20 23:15:00,D,D1,7949.0,7000.0,0.1,1.0,0.0,200.0,24.4,VALID,94.9
2026-08-20 23:15:00,D,D2,7982.0,7000.0,0.1,1.0,0.0,200.0,23.94,VALID,98.2
2026-08-20 23:15:00,D,D3,7978.0,7000.0,0.1,1.0,0.0,200.0,24.18,VALID,97.8
2026-08-20 23:30:00,A,A1,8203.0,7000.0,0.1,1.0,0.0,200.0,24.66,VALID,120.3
2026-08-20 23:30:00,A,A2,8232.0,7000.0,0.1,1.0,0.0,200.0,24.72,VALID,123.2
2026-08-20 23:30:00,A,A3,8189.0,7000.0,0.1,1.0,0.0,200.0,24.45,VALID,118.9
2026-08-20 23:30:00,B,B1,8033.0,7000.0,0.1,1.0,0.0,200.0,24.57,VALID,103.3
2026-08-20 23:30:00,B,B2,8052.0,7000.0,0.1,1.0,0.0,200.0,24.77,VALID,105.2
2026-08-20 23:30:00,B,B3,8046.0,7000.0,0.1,1.0,0.0,200.0,24.57,VALID,104.6
2026-08-20 23:30:00,C,C1,8354.0,7000.0,0.1,1.0,0.0,200.0,24.52,VALID,135.4
2026-08-20 23:30:00,C,C2,8416.0,7000.0,0.1,1.0,0.0,200.0,24.39,VALID,141.6
2026-08-20 23:30:00,C,C3,8396.0,7000.0,0.1,1.0,0.0,200.0,24.79,VALID,139.6
2026-08-20 23:30:00,D,D1,7961.0,7000.0,0.1,1.0,0.0,200.0,24.0,VALID,96.1
2026-08-20 23:30:00,D,D2,7967.0,7000.0,0.1,1.0,0.0,200.0,24.99,VALID,96.7
2026-08-20 23:30:00,D,D3,7965.0,7000.0,0.1,1.0,0.0,200.0,24.21,VALID,96.5
2026-08-20 23:45:00,A,A1,8213.0,7000.0,0.1,1.0,0.0,200.0,24.81,VALID,121.3
2026-08-20 23:45:00,A,A2,8234.0,7000.0,0.1,1.0,0.0,200.0,24.86,VALID,123.4
2026-08-20 23:45:00,A,A3,8216.0,7000.0,0.1,1.0,0.0,200.0,24.88,VALID,121.6
2026-08-20 23:45:00,B,B1,8041.0,7000.0,0.1,1.0,0.0,200.0,25.26,VALID,104.1
2026-08-20 23:45:00,B,B2,8058.0,7000.0,0.1,1.0,0.0,200.0,24.49,VALID,105.8
2026-08-20 23:45:00,B,B3,8046.0,7000.0,0.1,1.0,0.0,200.0,25.03,VALID,104.6
2026-08-20 23:45:00,C,C1,8383.0,7000.0,0.1,1.0,0.0,200.0,24.72,VALID,138.3
2026-08-20 23:45:00,C,C2,8425.0,7000.0,0.1,1.0,0.0,200.0,24.99,VALID,142.5
2026-08-20 23:45:00,C,C3,8415.0,7000.0,0.1,1.0,0.0,200.0,24.65,VALID,141.5
2026-08-20 23:45:00,D,D1,7958.0,7000.0,0.1,1.0,0.0,200.0,24.74,VALID,95.8
2026-08-20 23:45:00,D,D2,7976.0,7000.0,0.1,1.0,0.0,200.0,24.63,VALID,97.6
2026-08-20 23:45:00,D,D3,7947.0,7000.0,0.1,1.0,0.0,200.0,24.72,VALID,94.7
2026-08-21 00:00:00,A,A1,8208.0,7000.0,0.1,1.0,0.0,200.0,24.9,VALID,120.8
2026-08-21 00:00:00,A,A2,8244.0,7000.0,0.1,1.0,0.0,200.0,25.0,VALID,124.4
2026-08-21 00:00:00,A,A3,8226.0,7000.0,0.1,1.0,0.0,200.0,25.05,VALID,122.6
2026-08-21 00:00:00,B,B1,8044.0,7000.0,0.1,1.0,0.0,200.0,25.06,VALID,104.4
2026-08-21 00:00:00,B,B2,8064.0,7000.0,0.1,1.0,0.0,200.0,25.01,VALID,106.4
2026-08-21 00:00:00,B,B3,8049.0,7000.0,0.1,1.0,0.0,200.0,25.07,VALID,104.9
2026-08-21 00:00:00,C,C1,8372.0,7000.0,0.1,1.0,0.0,200.0,25.08,VALID,137.2
2026-08-21 00:00:00,C,C2,8436.0,7000.0,0.1,1.0,0.0,200.0,24.95,VALID,143.6
2026-08-21 00:00:00,C,C3,8398.0,7000.0,0.1,1.0,0.0,200.0,25.25,VALID,139.8
2026-08-21 00:00:00,D,D1,7975.0,7000.0,0.1,1.0,0.0,200.0,25.0,VALID,97.5
2026-08-21 00:00:00,D,D2,7961.0,7000.0,0.1,1.0,0.0,200.0,25.1,VALID,96.1
2026-08-21 00:00:00,D,D3,7954.0,7000.0,0.1,1.0,0.0,200.0,25.29,VALID,95.4
2026-08-21 00:15:00,A,A1,8208.0,7000.0,0.1,1.0,0.0,200.0,25.4,VALID,120.8
2026-08-21 00:15:00,A,A2,8220.0,7000.0,0.1,1.0,0.0,200.0,24.89,VALID,122.0
2026-08-21 00:15:00,A,A3,8219.0,7000.0,0.1,1.0,0.0,200.0,25.19,VALID,121.9
2026-08-21 00:15:00,B,B1,8034.0,7000.0,0.1,1.0,0.0,200.0,25.21,VALID,103.4
2026-08-21 00:15:00,B,B2,8078.0,7000.0,0.1,1.0,0.0,200.0,25.36,VALID,107.8
2026-08-21 00:15:00,B,B3,8056.0,7000.0,0.1,1.0,0.0,200.0,25.36,VALID,105.6
2026-08-21 00:15:00,C,C1,8390.0,7000.0,0.1,1.0,0.0,200.0,25.16,VALID,139.0
2026-08-21 00:15:00,C,C2,8400.0,7000.0,0.1,1.0,0.0,200.0,25.16,VALID,140.0
2026-08-21 00:15:00,C,C3,8404.0,7000.0,0.1,1.0,0.0,200.0,25.0,VALID,140.4
2026-08-21 00:15:00,D,D1,7965.0,7000.0,0.1,1.0,0.0,200.0,25.06,VALID,96.5
2026-08-21 00:15:00,D,D2,7998.0,7000.0,0.1,1.0,0.0,200.0,25.35,VALID,99.8
2026-08-21 00:15:00,D,D3,7982.0,7000.0,0.1,1.0,0.0,200.0,25.32,VALID,98.2
2026-08-21 00:30:00,A,A1,8208.0,7000.0,0.1,1.0,0.0,200.0,25.43,VALID,120.8
2026-08-21 00:30:00,A,A2,8220.0,7000.0,0.1,1.0,0.0,200.0,24.95,VALID,122.0
2026-08-21 00:30:00,A,A3,8220.0,7000.0,0.1,1.0,0.0,200.0,25.46,VALID,122.0
2026-08-21 00:30:00,B,B1,8051.0,7000.0,0.1,1.0,0.0,200.0,25.71,VALID,105.1
2026-08-21 00:30:00,B,B2,8069.0,7000.0,0.1,1.0,0.0,200.0,25.19,VALID,106.9
2026-08-21 00:30:00,B,B3,8045.0,7000.0,0.1,1.0,0.0,200.0,25.49,VALID,104.5
2026-08-21 00:30:00,C,C1,8401.0,7000.0,0.1,1.0,0.0,200.0,25.69,VALID,140.1
2026-08-21 00:30:00,C,C2,8430.0,7000.0,0.1,1.0,0.0,200.0,25.31,VALID,143.0
2026-08-21 00:30:00,C,C3,8390.0,7000.0,0.1,1.0,0.0,200.0,25.55,VALID,139.0
2026-08-21 00:30:00,D,D1,7958.0,7000.0,0.1,1.0,0.0,200.0,25.34,VALID,95.8
2026-08-21 00:30:00,D,D2,7985.0,7000.0,0.1,1.0,0.0,200.0,25.71,VALID,98.5
2026-08-21 00:30:00,D,D3,7975.0,7000.0,0.1,1.0,0.0,200.0,24.9,VALID,97.5
2026-08-21 00:45:00,A,A1,8215.0,7000.0,0.1,1.0,0.0,200.0,25.45,VALID,121.5
2026-08-21 00:45:00,A,A2,8233.0,7000.0,0.1,1.0,0.0,200.0,25.57,VALID,123.3
2026-08-21 00:45:00,A,A3,8218.0,7000.0,0.1,1.0,0.0,200.0,25.74,VALID,121.8
2026-08-21 00:45:00,B,B1,8028.0,7000.0,0.1,1.0,0.0,200.0,25.48,VALID,102.8
2026-08-21 00:45:00,B,B2,8063.0,7000.0,0.1,1.0,0.0,200.0,25.46,VALID,106.3
2026-08-21 00:45:00,B,B3,8036.0,7000.0,0.1,1.0,0.0,200.0,25.72,VALID,103.6
2026-08-21 00:45:00,C,C1,8390.0,7000.0,0.1,1.0,0.0,200.0,25.58,VALID,139.0
2026-08-21 00:45:00,C,C2,8405.0,7000.0,0.1,1.0,0.0,200.0,25.73,VALID,140.5
2026-08-21 00:45:00,C,C3,8385.0,7000.0,0.1,1.0,0.0,200.0,25.65,VALID,138.5
2026-08-21 00:45:00,D,D1,7962.0,7000.0,0.1,1.0,0.0,200.0,25.35,VALID,96.2
2026-08-21 00:45:00,D,D2,7984.0,7000.0,0.1,1.0,0.0,200.0,25.55,VALID,98.4
2026-08-21 00:45:00,D,D3,7974.0,7000.0,0.1,1.0,0.0,200.0,25.7,VALID,97.4
2026-08-21 01:00:00,A,A1,8208.0,7000.0,0.1,1.0,0.0,200.0,25.97,VALID,120.8
2026-08-21 01:00:00,A,A2,8237.0,7000.0,0.1,1.0,0.0,200.0,25.64,VALID,123.7
2026-08-21 01:00:00,A,A3,8214.0,7000.0,0.1,1.0,0.0,200.0,25.45,VALID,121.4
2026-08-21 01:00:00,B,B1,8047.0,7000.0,0.1,1.0,0.0,200.0,25.71,VALID,104.7
2026-08-21 01:00:00,B,B2,8038.0,7000.0,0.1,1.0,0.0,200.0,25.67,VALID,103.8
2026-08-21 01:00:00,B,B3,8044.0,7000.0,0.1,1.0,0.0,200.0,26.09,VALID,104.4
2026-08-21 01:00:00,C,C1,8367.0,7000.0,0.1,1.0,0.0,200.0,25.49,VALID,136.7
2026-08-21 01:00:00,C,C2,8434.0,7000.0,0.1,1.0,0.0,200.0,26.05,VALID,143.4
2026-08-21 01:00:00,C,C3,8396.0,7000.0,0.1,1.0,0.0,200.0,25.65,VALID,139.6
2026-08-21 01:00:00,D,D1,7978.0,7000.0,0.1,1.0,0.0,200.0,25.31,VALID,97.8
2026-08-21 01:00:00,D,D2,7974.0,7000.0,0.1,1.0,0.0,200.0,25.72,VALID,97.4
2026-08-21 01:00:00,D,D3,7996.0,7000.0,0.1,1.0,0.0,200.0,25.69,VALID,99.6
2026-08-21 01:15:00,A,A1,8215.0,7000.0,0.1,1.0,0.0,200.0,26.19,VALID,121.5
2026-08-21 01:15:00,A,A2,8255.0,7000.0,0.1,1.0,0.0,200.0,25.85,VALID,125.5
2026-08-21 01:15:00,A,A3,8224.0,7000.0,0.1,1.0,0.0,200.0,26.33,VALID,122.4
2026-08-21 01:15:00,B,B1,8032.0,7000.0,0.1,1.0,0.0,200.0,26.17,VALID,103.2
2026-08-21 01:15:00,B,B2,8052.0,7000.0,0.1,1.0,0.0,200.0,25.98,VALID,105.2
2026-08-21 01:15:00,B,B3,8052.0,7000.0,0.1,1.0,0.0,200.0,25.77,VALID,105.2
2026-08-21 01:15:00,C,C1,8375.0,7000.0,0.1,1.0,0.0,200.0,26.02,VALID,137.5
2026-08-21 01:15:00,C,C2,8435.0,7000.0,0.1,1.0,0.0,200.0,25.94,VALID,143.5
2026-08-21 01:15:00,C,C3,8405.0,7000.0,0.1,1.0,0.0,200.0,26.08,VALID,140.5
2026-08-21 01:15:00,D,D1,7965.0,7000.0,0.1,1.0,0.0,200.0,26.11,VALID,96.5
2026-08-21 01:15:00,D,D2,8000.0,7000.0,0.1,1.0,0.0,200.0,26.49,VALID,100.0
2026-08-21 01:15:00,D,D3,7981.0,7000.0,0.1,1.0,0.0,200.0,25.87,VALID,98.1
2026-08-21 01:30:00,A,A1,8223.0,7000.0,0.1,1.0,0.0,200.0,26.31,VALID,122.3
2026-08-21 01:30:00,A,A2,8233.0,7000.0,0.1,1.0,0.0,200.0,26.07,VALID,123.3
2026-08-21 01:30:00,A,A3,8231.0,7000.0,0.1,1.0,0.0,200.0,25.98,VALID,123.1
2026-08-21 01:30:00,B,B1,8044.0,7000.0,0.1,1.0,0.0,200.0,26.17,VALID,104.4
2026-08-21 01:30:00,B,B2,8072.0,7000.0,0.1,1.0,0.0,200.0,26.03,VALID,107.2
2026-08-21 01:30:00,B,B3,8039.0,7000.0,0.1,1.0,0.0,200.0,25.76,VALID,103.9
2026-08-21 01:30:00,C,C1,8375.0,7000.0,0.1,1.0,0.0,200.0,25.89,VALID,137.5
2026-08-21 01:30:00,C,C2,8427.0,7000.0,0.1,1.0,0.0,200.0,25.91,VALID,142.7
2026-08-21 01:30:00,C,C3,8400.0,7000.0,0.1,1.0,0.0,200.0,25.99,VALID,140.0
2026-08-21 01:30:00,D,D1,7972.0,7000.0,0.1,1.0,0.0,200.0,26.41,VALID,97.2
2026-08-21 01:30:00,D,D2,8000.0,7000.0,0.1,1.0,0.0,200.0,26.15,VALID,100.0
2026-08-21 01:30:00,D,D3,7982.0,7000.0,0.1,1.0,0.0,200.0,26.06,VALID,98.2
2026-08-21 01:45:00,A,A1,8221.0,7000.0,0.1,1.0,0.0,200.0,26.44,VALID,122.1
2026-08-21 01:45:00,A,A2,8232.0,7000.0,0.1,1.0,0.0,200.0,26.33,VALID,123.2
2026-08-21 01:45:00,A,A3,8210.0,7000.0,0.1,1.0,0.0,200.0,26.37,VALID,121.0
2026-08-21 01:45:00,B,B1,8057.0,7000.0,0.1,1.0,0.0,200.0,26.27,VALID,105.7
2026-08-21 01:45:00,B,B2,8081.0,7000.0,0.1,1.0,0.0,200.0,26.15,VALID,108.1
2026-08-21 01:45:00,B,B3,8060.0,7000.0,0.1,1.0,0.0,200.0,26.32,VALID,106.0
2026-08-21 01:45:00,C,C1,8387.0,7000.0,0.1,1.0,0.0,200.0,26.3,VALID,138.7
2026-08-21 01:45:00,C,C2,8431.0,7000.0,0.1,1.0,0.0,200.0,26.5,VALID,143.1
2026-08-21 01:45:00,C,C3,8420.0,7000.0,0.1,1.0,0.0,200.0,26.33,VALID,142.0
2026-08-21 01:45:00,D,D1,7985.0,7000.0,0.1,1.0,0.0,200.0,26.19,VALID,98.5
2026-08-21 01:45:00,D,D2,8003.0,7000.0,0.1,1.0,0.0,200.0,26.17,VALID,100.3
2026-08-21 01:45:00,D,D3,7998.0,7000.0,0.1,1.0,0.0,200.0,26.77,VALID,99.8
2026-08-21 02:00:00,A,A1,8219.0,7000.0,0.1,1.0,0.0,200.0,26.06,VALID,121.9
2026-08-21 02:00:00,A,A2,8237.0,7000.0,0.1,1.0,0.0,200.0,26.75,VALID,123.7
2026-08-21 02:00:00,A,A3,8235.0,7000.0,0.1,1.0,0.0,200.0,26.55,VALID,123.5
2026-08-21 02:00:00,B,B1,8061.0,7000.0,0.1,1.0,0.0,200.0,26.6,VALID,106.1
2026-08-21 02:00:00,B,B2,8078.0,7000.0,0.1,1.0,0.0,200.0,26.68,VALID,107.8
2026-08-21 02:00:00,B,B3,8073.0,7000.0,0.1,1.0,0.0,200.0,26.57,VALID,107.3
2026-08-21 02:00:00,C,C1,8398.0,7000.0,0.1,1.0,0.0,200.0,26.44,VALID,139.8
2026-08-21 02:00:00,C,C2,8426.0,7000.0,0.1,1.0,0.0,200.0,26.84,VALID,142.6
2026-08-21 02:00:00,C,C3,8412.0,7000.0,0.1,1.0,0.0,200.0,26.66,VALID,141.2
2026-08-21 02:00:00,D,D1,7981.0,7000.0,0.1,1.0,0.0,200.0,26.38,VALID,98.1
2026-08-21 02:00:00,D,D2,7998.0,7000.0,0.1,1.0,0.0,200.0,26.79,VALID,99.8
2026-08-21 02:00:00,D,D3,7995.0,7000.0,0.1,1.0,0.0,200.0,26.16,VALID,99.5
2026-08-21 02:15:00,A,A1,8219.0,7000.0,0.1,1.0,0.0,200.0,27.02,VALID,121.9
2026-08-21 02:15:00,A,A2,6850.0,7000.0,0.1,1.0,0.0,200.0,26.31,VALID,-15.0
2026-08-21 02:15:00,A,A3,8248.0,7000.0,0.1,1.0,0.0,200.0,26.8,VALID,124.8
2026-08-21 02:15:00,B,B1,8053.0,7000.0,0.1,1.0,0.0,200.0,26.59,VALID,105.3
2026-08-21 02:15:00,B,B2,8078.0,7000.0,0.1,1.0,0.0,200.0,26.56,VALID,107.8
2026-08-21 02:15:00,B,B3,8072.0,7000.0,0.1,1.0,0.0,200.0,26.78,VALID,107.2
2026-08-21 02:15:00,C,C1,8394.0,7000.0,0.1,1.0,0.0,200.0,26.7,VALID,139.4
2026-08-21 02:15:00,C,C2,8432.0,7000.0,0.1,1.0,0.0,200.0,26.88,VALID,143.2
2026-08-21 02:15:00,C,C3,8404.0,7000.0,0.1,1.0,0.0,200.0,26.34,VALID,140.4
2026-08-21 02:15:00,D,D1,7987.0,7000.0,0.1,1.0,0.0,200.0,26.79,VALID,98.7
2026-08-21 02:15:00,D,D2,8004.0,7000.0,0.1,1.0,0.0,200.0,26.75,VALID,100.4
2026-08-21 02:15:00,D,D3,7988.0,7000.0,0.1,1.0,0.0,200.0,26.82,VALID,98.8
2026-08-21 02:30:00,A,A1,8223.0,7000.0,0.1,1.0,0.0,200.0,26.73,VALID,122.3
2026-08-21 02:30:00,A,A2,6850.0,7000.0,0.1,1.0,0.0,200.0,27.23,VALID,-15.0
2026-08-21 02:30:00,A,A3,8217.0,7000.0,0.1,1.0,0.0,200.0,26.93,VALID,121.7
2026-08-21 02:30:00,B,B1,8040.0,7000.0,0.1,1.0,0.0,200.0,26.8,VALID,104.0
2026-08-21 02:30:00,B,B2,8066.0,7000.0,0.1,1.0,0.0,200.0,26.41,VALID,106.6
2026-08-21 02:30:00,B,B3,8067.0,7000.0,0.1,1.0,0.0,200.0,26.75,VALID,106.7
2026-08-21 02:30:00,C,C1,8374.0,7000.0,0.1,1.0,0.0,200.0,26.99,VALID,137.4
2026-08-21 02:30:00,C,C2,8448.0,7000.0,0.1,1.0,0.0,200.0,27.12,VALID,144.8
2026-08-21 02:30:00,C,C3,8416.0,7000.0,0.1,1.0,0.0,200.0,26.84,VALID,141.6
2026-08-21 02:30:00,D,D1,7995.0,7000.0,0.1,1.0,0.0,200.0,27.16,VALID,99.5
2026-08-21 02:30:00,D,D2,8011.0,7000.0,0.1,1.0,0.0,200.0,26.64,VALID,101.1
2026-08-21 02:30:00,D,D3,7995.0,7000.0,0.1,1.0,0.0,200.0,26.91,VALID,99.5
2026-08-21 02:45:00,A,A1,8208.0,7000.0,0.1,1.0,0.0,200.0,27.07,VALID,120.8
2026-08-21 02:45:00,A,A2,6850.0,7000.0,0.1,1.0,0.0,200.0,27.11,VALID,-15.0
2026-08-21 02:45:00,A,A3,8248.0,7000.0,0.1,1.0,0.0,200.0,27.01,VALID,124.8
2026-08-21 02:45:00,B,B1,8056.0,7000.0,0.1,1.0,0.0,200.0,27.05,VALID,105.6
2026-08-21 02:45:00,B,B2,8064.0,7000.0,0.1,1.0,0.0,200.0,26.79,VALID,106.4
2026-08-21 02:45:00,B,B3,8076.0,7000.0,0.1,1.0,0.0,200.0,27.25,VALID,107.6
2026-08-21 02:45:00,C,C1,8386.0,7000.0,0.1,1.0,0.0,200.0,27.17,VALID,138.6
2026-08-21 02:45:00,C,C2,8436.0,7000.0,0.1,1.0,0.0,200.0,27.05,VALID,143.6
2026-08-21 02:45:00,C,C3,8419.0,7000.0,0.1,1.0,0.0,200.0,27.18,VALID,141.9
2026-08-21 02:45:00,D,D1,7985.0,7000.0,0.1,1.0,0.0,200.0,27.26,VALID,98.5
2026-08-21 02:45:00,D,D2,8005.0,7000.0,0.1,1.0,0.0,200.0,27.1,VALID,100.5
2026-08-21 02:45:00,D,D3,7987.0,7000.0,0.1,1.0,0.0,200.0,27.41,VALID,98.7
2026-08-21 03:00:00,A,A1,8230.0,7000.0,0.1,1.0,0.0,200.0,27.26,VALID,123.0
2026-08-21 03:00:00,A,A2,6850.0,7000.0,0.1,1.0,0.0,200.0,26.96,VALID,-15.0
2026-08-21 03:00:00,A,A3,8247.0,7000.0,0.1,1.0,0.0,200.0,27.18,VALID,124.7
2026-08-21 03:00:00,B,B1,8041.0,7000.0,0.1,1.0,0.0,200.0,27.33,VALID,104.1
2026-08-21 03:00:00,B,B2,8068.0,7000.0,0.1,1.0,0.0,200.0,27.4,VALID,106.8
2026-08-21 03:00:00,B,B3,8065.0,7000.0,0.1,1.0,0.0,200.0,27.16,VALID,106.5
2026-08-21 03:00:00,C,C1,8407.0,7000.0,0.1,1.0,0.0,200.0,26.94,VALID,140.7
2026-08-21 03:00:00,C,C2,8429.0,7000.0,0.1,1.0,0.0,200.0,27.08,VALID,142.9
2026-08-21 03:00:00,C,C3,8423.0,7000.0,0.1,1.0,0.0,200.0,26.86,VALID,142.3
2026-08-21 03:00:00,D,D1,7971.0,7000.0,0.1,1.0,0.0,200.0,27.29,VALID,97.1
2026-08-21 03:00:00,D,D2,7999.0,7000.0,0.1,1.0,0.0,200.0,27.04,VALID,99.9
2026-08-21 03:00:00,D,D3,7979.0,7000.0,0.1,1.0,0.0,200.0,26.99,VALID,97.9
2026-08-21 03:15:00,A,A1,8227.0,7000.0,0.1,1.0,0.0,200.0,27.44,VALID,122.7
2026-08-21 03:15:00,A,A2,6850.0,7000.0,0.1,1.0,0.0,200.0,27.59,VALID,-15.0
2026-08-21 03:15:00,A,A3,8231.0,7000.0,0.1,1.0,0.0,200.0,27.12,VALID,123.1
2026-08-21 03:15:00,B,B1,8073.0,7000.0,0.1,1.0,0.0,200.0,27.3,VALID,107.3
2026-08-21 03:15:00,B,B2,8069.0,7000.0,0.1,1.0,0.0,200.0,27.22,VALID,106.9
2026-08-21 03:15:00,B,B3,8080.0,7000.0,0.1,1.0,0.0,200.0,27.55,VALID,108.0
2026-08-21 03:15:00,C,C1,8390.0,7000.0,0.1,1.0,0.0,200.0,27.25,VALID,139.0
2026-08-21 03:15:00,C,C2,8440.0,7000.0,0.1,1.0,0.0,200.0,27.06,VALID,144.0
2026-08-21 03:15:00,C,C3,8417.0,7000.0,0.1,1.0,0.0,200.0,27.26,VALID,141.7
2026-08-21 03:15:00,D,D1,7998.0,7000.0,0.1,1.0,0.0,200.0,27.5,VALID,99.8
2026-08-21 03:15:00,D,D2,8002.0,7000.0,0.1,1.0,0.0,200.0,27.21,VALID,100.2
2026-08-21 03:15:00,D,D3,8003.0,7000.0,0.1,1.0,0.0,200.0,27.14,VALID,100.3
2026-08-21 03:30:00,A,A1,8234.0,7000.0,0.1,1.0,0.0,200.0,27.36,VALID,123.4
2026-08-21 03:30:00,A,A2,6850.0,7000.0,0.1,1.0,0.0,200.0,27.19,VALID,-15.0
2026-08-21 03:30:00,A,A3,8252.0,7000.0,0.1,1.0,0.0,200.0,27.35,VALID,125.2
2026-08-21 03:30:00,B,B1,8075.0,7000.0,0.1,1.0,0.0,200.0,27.28,VALID,107.5
2026-08-21 03:30:00,B,B2,8078.0,7000.0,0.1,1.0,0.0,200.0,27.86,VALID,107.8
2026-08-21 03:30:00,B,B3,8059.0,7000.0,0.1,1.0,0.0,200.0,27.0,VALID,105.9
2026-08-21 03:30:00,C,C1,8410.0,7000.0,0.1,1.0,0.0,200.0,27.21,VALID,141.0
2026-08-21 03:30:00,C,C2,8440.0,7000.0,0.1,1.0,0.0,200.0,27.26,VALID,144.0
2026-08-21 03:30:00,C,C3,8421.0,7000.0,0.1,1.0,0.0,200.0,27.19,VALID,142.1
2026-08-21 03:30:00,D,D1,7987.0,7000.0,0.1,1.0,0.0,200.0,27.47,VALID,98.7
2026-08-21 03:30:00,D,D2,7998.0,7000.0,0.1,1.0,0.0,200.0,27.24,VALID,99.8
2026-08-21 03:30:00,D,D3,7996.0,7000.0,0.1,1.0,0.0,200.0,27.09,VALID,99.6
2026-08-21 03:45:00,A,A1,8226.0,7000.0,0.1,1.0,0.0,200.0,27.52,VALID,122.6
2026-08-21 03:45:00,A,A2,6850.0,7000.0,0.1,1.0,0.0,200.0,27.44,VALID,-15.0
2026-08-21 03:45:00,A,A3,8240.0,7000.0,0.1,1.0,0.0,200.0,27.36,VALID,124.0
2026-08-21 03:45:00,B,B1,8068.0,7000.0,0.1,1.0,0.0,200.0,27.78,VALID,106.8
2026-08-21 03:45:00,B,B2,8073.0,7000.0,0.1,1.0,0.0,200.0,27.59,VALID,107.3
2026-08-21 03:45:00,B,B3,8068.0,7000.0,0.1,1.0,0.0,200.0,27.57,VALID,106.8
2026-08-21 03:45:00,C,C1,8414.0,7000.0,0.1,1.0,0.0,200.0,27.6,VALID,141.4
2026-08-21 03:45:00,C,C2,8426.0,7000.0,0.1,1.0,0.0,200.0,27.59,VALID,142.6
2026-08-21 03:45:00,C,C3,8431.0,7000.0,0.1,1.0,0.0,200.0,27.45,VALID,143.1
2026-08-21 03:45:00,D,D1,7999.0,7000.0,0.1,1.0,0.0,200.0,27.36,VALID,99.9
2026-08-21 03:45:00,D,D2,7994.0,7000.0,0.1,1.0,0.0,200.0,27.52,VALID,99.4
2026-08-21 03:45:00,D,D3,7984.0,7000.0,0.1,1.0,0.0,200.0,27.45,VALID,98.4
2026-08-21 04:00:00,A,A1,8242.0,7000.0,0.1,1.0,0.0,200.0,27.22,VALID,124.2
2026-08-21 04:00:00,A,A2,6850.0,7000.0,0.1,1.0,0.0,200.0,27.39,VALID,-15.0
2026-08-21 04:00:00,A,A3,8240.0,7000.0,0.1,1.0,0.0,200.0,27.52,VALID,124.0
2026-08-21 04:00:00,B,B1,8075.0,7000.0,0.1,1.0,0.0,200.0,27.79,VALID,107.5
2026-08-21 04:00:00,B,B2,8082.0,7000.0,0.1,1.0,0.0,200.0,27.63,VALID,108.2
2026-08-21 04:00:00,B,B3,8074.0,7000.0,0.1,1.0,0.0,200.0,27.43,VALID,107.4
2026-08-21 04:00:00,C,C1,8409.0,7000.0,0.1,1.0,0.0,200.0,27.38,VALID,140.9
2026-08-21 04:00:00,C,C2,8450.0,7000.0,0.1,1.0,0.0,200.0,27.84,VALID,145.0
2026-08-21 04:00:00,C,C3,8423.0,7000.0,0.1,1.0,0.0,200.0,27.56,VALID,142.3
2026-08-21 04:00:00,D,D1,7995.0,7000.0,0.1,1.0,0.0,200.0,27.03,VALID,99.5
2026-08-21 04:00:00,D,D2,8012.0,7000.0,0.1,1.0,0.0,200.0,27.58,VALID,101.2
2026-08-21 04:00:00,D,D3,8000.0,7000.0,0.1,1.0,0.0,200.0,27.74,VALID,100.0
2026-08-21 04:15:00,A,A1,8231.0,7000.0,0.1,1.0,0.0,200.0,27.46,VALID,123.1
2026-08-21 04:15:00,A,A2,6850.0,7000.0,0.1,1.0,0.0,200.0,27.7,VALID,-15.0
2026-08-21 04:15:00,A,A3,8243.0,7000.0,0.1,1.0,0.0,200.0,27.72,VALID,124.3
2026-08-21 04:15:00,B,B1,8073.0,7000.0,0.1,1.0,0.0,200.0,27.47,VALID,107.3
2026-08-21 04:15:00,B,B2,8080.0,7000.0,0.1,1.0,0.0,200.0,27.95,VALID,108.0
2026-08-21 04:15:00,B,B3,8056.0,7000.0,0.1,1.0,0.0,200.0,27.73,VALID,105.6
2026-08-21 04:15:00,C,C1,8397.0,7000.0,0.1,1.0,0.0,200.0,27.62,VALID,139.7
2026-08-21 04:15:00,C,C2,8436.0,7000.0,0.1,1.0,0.0,200.0,27.66,VALID,143.6
2026-08-21 04:15:00,C,C3,8438.0,7000.0,0.1,1.0,0.0,200.0,27.44,VALID,143.8
2026-08-21 04:15:00,D,D1,7981.0,7000.0,0.1,1.0,0.0,200.0,27.43,VALID,98.1
2026-08-21 04:15:00,D,D2,8025.0,7000.0,0.1,1.0,0.0,200.0,27.6,VALID,102.5
2026-08-21 04:15:00,D,D3,8002.0,7000.0,0.1,1.0,0.0,200.0,27.61,VALID,100.2
2026-08-21 04:30:00,A,A1,8224.0,7000.0,0.1,1.0,0.0,200.0,27.72,VALID,122.4
2026-08-21 04:30:00,A,A2,6850.0,7000.0,0.1,1.0,0.0,200.0,28.05,VALID,-15.0
2026-08-21 04:30:00,A,A3,8235.0,7000.0,0.1,1.0,0.0,200.0,27.9,VALID,123.5
2026-08-21 04:30:00,B,B1,8057.0,7000.0,0.1,1.0,0.0,200.0,27.42,VALID,105.7
2026-08-21 04:30:00,B,B2,8089.0,7000.0,0.1,1.0,0.0,200.0,28.0,VALID,108.9
2026-08-21 04:30:00,B,B3,8082.0,7000.0,0.1,1.0,0.0,200.0,27.68,VALID,108.2
2026-08-21 04:30:00,C,C1,8401.0,7000.0,0.1,1.0,0.0,200.0,27.92,VALID,140.1
2026-08-21 04:30:00,C,C2,8448.0,7000.0,0.1,1.0,0.0,200.0,27.69,VALID,144.8
2026-08-21 04:30:00,C,C3,8408.0,7000.0,0.1,1.0,0.0,200.0,27.79,VALID,140.8
2026-08-21 04:30:00,D,D1,8002.0,7000.0,0.1,1.0,0.0,200.0,27.53,VALID,100.2
2026-08-21 04:30:00,D,D2,8016.0,7000.0,0.1,1.0,0.0,200.0,27.84,VALID,101.6
2026-08-21 04:30:00,D,D3,8009.0,7000.0,0.1,1.0,0.0,200.0,27.95,VALID,100.9
2026-08-21 04:45:00,A,A1,8227.0,7000.0,0.1,1.0,0.0,200.0,27.52,VALID,122.7
2026-08-21 04:45:00,A,A2,6850.0,7000.0,0.1,1.0,0.0,200.0,28.02,VALID,-15.0
2026-08-21 04:45:00,A,A3,8238.0,7000.0,0.1,1.0,0.0,200.0,27.7,VALID,123.8
2026-08-21 04:45:00,B,B1,8049.0,7000.0,0.1,1.0,0.0,200.0,28.19,VALID,104.9
2026-08-21 04:45:00,B,B2,8088.0,7000.0,0.1,1.0,0.0,200.0,27.99,VALID,108.8
2026-08-21 04:45:00,B,B3,8082.0,7000.0,0.1,1.0,0.0,200.0,27.96,VALID,108.2
2026-08-21 04:45:00,C,C1,8401.0,7000.0,0.1,1.0,0.0,200.0,27.81,VALID,140.1
2026-08-21 04:45:00,C,C2,8442.0,7000.0,0.1,1.0,0.0,200.0,28.37,VALID,144.2
2026-08-21 04:45:00,C,C3,8428.0,7000.0,0.1,1.0,0.0,200.0,27.75,VALID,142.8
2026-08-21 04:45:00,D,D1,7998.0,7000.0,0.1,1.0,0.0,200.0,27.64,VALID,99.8
2026-08-21 04:45:00,D,D2,8025.0,7000.0,0.1,1.0,0.0,200.0,27.71,VALID,102.5
2026-08-21 04:45:00,D,D3,8008.0,7000.0,0.1,1.0,0.0,200.0,28.05,VALID,100.8
2026-08-21 05:00:00,A,A1,8237.0,7000.0,0.1,1.0,0.0,200.0,27.92,VALID,123.7
2026-08-21 05:00:00,A,A2,8256.0,7000.0,0.1,1.0,0.0,200.0,27.89,VALID,125.6
2026-08-21 05:00:00,A,A3,8239.0,7000.0,0.1,1.0,0.0,200.0,27.81,VALID,123.9
2026-08-21 05:00:00,B,B1,8079.0,7000.0,0.1,1.0,0.0,200.0,27.88,VALID,107.9
2026-08-21 05:00:00,B,B2,8074.0,7000.0,0.1,1.0,0.0,200.0,27.79,VALID,107.4
2026-08-21 05:00:00,B,B3,8084.0,7000.0,0.1,1.0,0.0,200.0,28.03,VALID,108.4
2026-08-21 05:00:00,C,C1,8409.0,7000.0,0.1,1.0,0.0,200.0,27.85,VALID,140.9
2026-08-21 05:00:00,C,C2,8451.0,7000.0,0.1,1.0,0.0,200.0,27.77,VALID,145.1
2026-08-21 05:00:00,C,C3,8422.0,7000.0,0.1,1.0,0.0,200.0,28.09,VALID,142.2
2026-08-21 05:00:00,D,D1,8002.0,7000.0,0.1,1.0,0.0,200.0,27.7,VALID,100.2
2026-08-21 05:00:00,D,D2,8004.0,7000.0,0.1,1.0,0.0,200.0,27.92,VALID,100.4
2026-08-21 05:00:00,D,D3,8019.0,7000.0,0.1,1.0,0.0,200.0,27.51,VALID,101.9
2026-08-21 05:15:00,A,A1,8237.0,7000.0,0.1,1.0,0.0,200.0,27.67,VALID,123.7
2026-08-21 05:15:00,A,A2,8251.0,7000.0,0.1,1.0,0.0,200.0,27.87,VALID,125.1
2026-08-21 05:15:00,A,A3,8241.0,7000.0,0.1,1.0,0.0,200.0,27.84,VALID,124.1
2026-08-21 05:15:00,B,B1,8066.0,7000.0,0.1,1.0,0.0,200.0,27.84,VALID,106.6
2026-08-21 05:15:00,B,B2,8068.0,7000.0,0.1,1.0,0.0,200.0,28.1,VALID,106.8
2026-08-21 05:15:00,B,B3,8081.0,7000.0,0.1,1.0,0.0,200.0,28.11,VALID,108.1
2026-08-21 05:15:00,C,C1,8391.0,7000.0,0.1,1.0,0.0,200.0,28.0,VALID,139.1
2026-08-21 05:15:00,C,C2,8452.0,7000.0,0.1,1.0,0.0,200.0,27.74,VALID,145.2
2026-08-21 05:15:00,C,C3,8424.0,7000.0,0.1,1.0,0.0,200.0,27.92,VALID,142.4
2026-08-21 05:15:00,D,D1,8011.0,7000.0,0.1,1.0,0.0,200.0,28.33,VALID,101.1
2026-08-21 05:15:00,D,D2,7997.0,7000.0,0.1,1.0,0.0,200.0,28.44,VALID,99.7
2026-08-21 05:15:00,D,D3,7996.0,7000.0,0.1,1.0,0.0,200.0,28.14,VALID,99.6
2026-08-21 05:30:00,A,A1,8243.0,7000.0,0.1,1.0,0.0,200.0,27.78,VALID,124.3
2026-08-21 05:30:00,A,A2,8261.0,7000.0,0.1,1.0,0.0,200.0,27.95,VALID,126.1
2026-08-21 05:30:00,A,A3,8250.0,7000.0,0.1,1.0,0.0,200.0,28.02,VALID,125.0
2026-08-21 05:30:00,B,B1,8078.0,7000.0,0.1,1.0,0.0,200.0,27.99,VALID,107.8
2026-08-21 05:30:00,B,B2,8080.0,7000.0,0.1,1.0,0.0,200.0,28.19,VALID,108.0
2026-08-21 05:30:00,B,B3,8080.0,7000.0,0.1,1.0,0.0,200.0,28.12,VALID,108.0
2026-08-21 05:30:00,C,C1,8399.0,7000.0,0.1,1.0,0.0,200.0,27.77,VALID,139.9
2026-08-21 05:30:00,C,C2,8442.0,7000.0,0.1,1.0,0.0,200.0,27.85,VALID,144.2
2026-08-21 05:30:00,C,C3,8432.0,7000.0,0.1,1.0,0.0,200.0,28.17,VALID,143.2
2026-08-21 05:30:00,D,D1,7993.0,7000.0,0.1,1.0,0.0,200.0,28.26,VALID,99.3
2026-08-21 05:30:00,D,D2,8025.0,7000.0,0.1,1.0,0.0,200.0,28.02,VALID,102.5
2026-08-21 05:30:00,D,D3,7997.0,7000.0,0.1,1.0,0.0,200.0,28.29,VALID,99.7
2026-08-21 05:45:00,A,A1,8234.0,7000.0,0.1,1.0,0.0,200.0,28.02,VALID,123.4
2026-08-21 05:45:00,A,A2,8254.0,7000.0,0.1,1.0,0.0,200.0,27.82,VALID,125.4
2026-08-21 05:45:00,A,A3,8232.0,7000.0,0.1,1.0,0.0,200.0,28.12,VALID,123.2
2026-08-21 05:45:00,B,B1,8060.0,7000.0,0.1,1.0,0.0,200.0,28.61,VALID,106.0
2026-08-21 05:45:00,B,B2,8072.0,7000.0,0.1,1.0,0.0,200.0,27.74,VALID,107.2
2026-08-21 05:45:00,B,B3,8080.0,7000.0,0.1,1.0,0.0,200.0,28.3,VALID,108.0
2026-08-21 05:45:00,C,C1,8406.0,7000.0,0.1,1.0,0.0,200.0,28.11,VALID,140.6
2026-08-21 05:45:00,C,C2,8430.0,7000.0,0.1,1.0,0.0,200.0,27.86,VALID,143.0
2026-08-21 05:45:00,C,C3,8415.0,7000.0,0.1,1.0,0.0,200.0,27.61,VALID,141.5
2026-08-21 05:45:00,D,D1,7996.0,7000.0,0.1,1.0,0.0,200.0,27.55,VALID,99.6
2026-08-21 05:45:00,D,D2,8001.0,7000.0,0.1,1.0,0.0,200.0,27.89,VALID,100.1
2026-08-21 05:45:00,D,D3,7997.0,7000.0,0.1,1.0,0.0,200.0,28.07,VALID,99.7
2026-08-21 06:00:00,A,A1,8238.0,7000.0,0.1,1.0,0.0,200.0,28.18,VALID,123.8
2026-08-21 06:00:00,A,A2,8264.0,7000.0,0.1,1.0,0.0,200.0,28.23,VALID,126.4
2026-08-21 06:00:00,A,A3,8245.0,7000.0,0.1,1.0,0.0,200.0,28.06,VALID,124.5
2026-08-21 06:00:00,B,B1,8072.0,7000.0,0.1,1.0,0.0,200.0,28.03,VALID,107.2
2026-08-21 06:00:00,B,B2,8078.0,7000.0,0.1,1.0,0.0,200.0,27.93,VALID,107.8
2026-08-21 06:00:00,B,B3,8068.0,7000.0,0.1,1.0,0.0,200.0,28.08,VALID,106.8
2026-08-21 06:00:00,C,C1,8404.0,7000.0,0.1,1.0,0.0,200.0,27.87,VALID,140.4
2026-08-21 06:00:00,C,C2,8441.0,7000.0,0.1,1.0,0.0,200.0,27.76,VALID,144.1
2026-08-21 06:00:00,C,C3,8434.0,7000.0,0.1,1.0,0.0,200.0,28.02,VALID,143.4
2026-08-21 06:00:00,D,D1,7987.0,7000.0,0.1,1.0,0.0,200.0,28.16,VALID,98.7
2026-08-21 06:00:00,D,D2,8008.0,7000.0,0.1,1.0,0.0,200.0,27.72,VALID,100.8
2026-08-21 06:00:00,D,D3,8014.0,7000.0,0.1,1.0,0.0,200.0,27.89,VALID,101.4
2026-08-21 06:15:00,A,A1,8231.0,7000.0,0.1,1.0,0.0,200.0,28.0,VALID,123.1
2026-08-21 06:15:00,A,A2,8267.0,7000.0,0.1,1.0,0.0,200.0,28.0,VALID,126.7
2026-08-21 06:15:00,A,A3,8234.0,7000.0,0.1,1.0,0.0,200.0,28.1,VALID,123.4
2026-08-21 06:15:00,B,B1,8063.0,7000.0,0.1,1.0,0.0,200.0,28.37,VALID,106.3
2026-08-21 06:15:00,B,B2,8082.0,7000.0,0.1,1.0,0.0,200.0,27.55,VALID,108.2
2026-08-21 06:15:00,B,B3,8078.0,7000.0,0.1,1.0,0.0,200.0,28.38,VALID,107.8
2026-08-21 06:15:00,C,C1,8419.0,7000.0,0.1,1.0,0.0,200.0,28.36,VALID,141.9
2026-08-21 06:15:00,C,C2,8438.0,7000.0,0.1,1.0,0.0,200.0,28.18,VALID,143.8
2026-08-21 06:15:00,C,C3,8418.0,7000.0,0.1,1.0,0.0,200.0,28.04,VALID,141.8
2026-08-21 06:15:00,D,D1,7983.0,7000.0,0.1,1.0,0.0,200.0,27.86,VALID,98.3
2026-08-21 06:15:00,D,D2,8007.0,7000.0,0.1,1.0,0.0,200.0,28.17,VALID,100.7
2026-08-21 06:15:00,D,D3,8012.0,7000.0,0.1,1.0,0.0,200.0,28.05,VALID,101.2
2026-08-21 06:30:00,A,A1,8223.0,7000.0,0.1,1.0,0.0,200.0,27.91,VALID,122.3
2026-08-21 06:30:00,A,A2,8250.0,7000.0,0.1,1.0,0.0,200.0,28.15,VALID,125.0
2026-08-21 06:30:00,A,A3,8255.0,7000.0,0.1,1.0,0.0,200.0,28.19,VALID,125.5
2026-08-21 06:30:00,B,B1,8060.0,7000.0,0.1,1.0,0.0,200.0,27.43,VALID,106.0
2026-08-21 06:30:00,B,B2,8066.0,7000.0,0.1,1.0,0.0,200.0,28.26,VALID,106.6
2026-08-21 06:30:00,B,B3,8071.0,7000.0,0.1,1.0,0.0,200.0,27.82,VALID,107.1
2026-08-21 06:30:00,C,C1,8420.0,7000.0,0.1,1.0,0.0,200.0,28.23,VALID,142.0
2026-08-21 06:30:00,C,C2,8447.0,7000.0,0.1,1.0,0.0,200.0,27.92,VALID,144.7
2026-08-21 06:30:00,C,C3,8424.0,7000.0,0.1,1.0,0.0,200.0,28.02,VALID,142.4
2026-08-21 06:30:00,D,D1,8009.0,7000.0,0.1,1.0,0.0,200.0,28.06,VALID,100.9
2026-08-21 06:30:00,D,D2,8019.0,7000.0,0.1,1.0,0.0,200.0,28.21,VALID,101.9
2026-08-21 06:30:00,D,D3,7994.0,7000.0,0.1,1.0,0.0,200.0,28.13,VALID,99.4
2026-08-21 06:45:00,A,A1,8232.0,7000.0,0.1,1.0,0.0,200.0,27.44,VALID,123.2
2026-08-21 06:45:00,A,A2,8237.0,7000.0,0.1,1.0,0.0,200.0,27.74,VALID,123.7
2026-08-21 06:45:00,A,A3,8249.0,7000.0,0.1,1.0,0.0,200.0,27.97,VALID,124.9
2026-08-21 06:45:00,B,B1,8068.0,7000.0,0.1,1.0,0.0,200.0,28.33,VALID,106.8
2026-08-21 06:45:00,B,B2,8070.0,7000.0,0.1,1.0,0.0,200.0,27.94,VALID,107.0
2026-08-21 06:45:00,B,B3,8077.0,7000.0,0.1,1.0,0.0,200.0,27.8,VALID,107.7
2026-08-21 06:45:00,C,C1,8405.0,7000.0,0.1,1.0,0.0,200.0,27.62,VALID,140.5
2026-08-21 06:45:00,C,C2,8459.0,7000.0,0.1,1.0,0.0,200.0,27.81,VALID,145.9
2026-08-21 06:45:00,C,C3,8443.0,7000.0,0.1,1.0,0.0,200.0,27.94,VALID,144.3
2026-08-21 06:45:00,D,D1,8004.0,7000.0,0.1,1.0,0.0,200.0,27.93,VALID,100.4
2026-08-21 06:45:00,D,D2,8012.0,7000.0,0.1,1.0,0.0,200.0,27.83,VALID,101.2
2026-08-21 06:45:00,D,D3,8005.0,7000.0,0.1,1.0,0.0,200.0,28.01,VALID,100.5
2026-08-21 07:00:00,A,A1,8227.0,7000.0,0.1,1.0,0.0,200.0,27.87,VALID,122.7
2026-08-21 07:00:00,A,A2,8250.0,7000.0,0.1,1.0,0.0,200.0,28.36,VALID,125.0
2026-08-21 07:00:00,A,A3,8243.0,7000.0,0.1,1.0,0.0,200.0,28.21,VALID,124.3
2026-08-21 07:00:00,B,B1,8064.0,7000.0,0.1,1.0,0.0,200.0,27.95,VALID,106.4
2026-08-21 07:00:00,B,B2,8069.0,7000.0,0.1,1.0,0.0,200.0,27.81,VALID,106.9
2026-08-21 07:00:00,B,B3,8076.0,7000.0,0.1,1.0,0.0,200.0,28.21,VALID,107.6
2026-08-21 07:00:00,C,C1,8406.0,7000.0,0.1,1.0,0.0,200.0,28.17,VALID,140.6
2026-08-21 07:00:00,C,C2,8452.0,7000.0,0.1,1.0,0.0,200.0,28.22,VALID,145.2
2026-08-21 07:00:00,C,C3,8423.0,7000.0,0.1,1.0,0.0,200.0,28.38,VALID,142.3
2026-08-21 07:00:00,D,D1,7990.0,7000.0,0.1,1.0,0.0,200.0,27.74,VALID,99.0
2026-08-21 07:00:00,D,D2,8001.0,7000.0,0.1,1.0,0.0,200.0,28.36,VALID,100.1
2026-08-21 07:00:00,D,D3,8011.0,7000.0,0.1,1.0,0.0,200.0,27.83,VALID,101.1
2026-08-21 07:15:00,A,A1,8245.0,7000.0,0.1,1.0,0.0,200.0,27.98,VALID,124.5
2026-08-21 07:15:00,A,A2,8273.0,7000.0,0.1,1.0,0.0,200.0,27.53,VALID,127.3
2026-08-21 07:15:00,A,A3,8241.0,7000.0,0.1,1.0,0.0,200.0,27.75,VALID,124.1
2026-08-21 07:15:00,B,B1,6800.0,7000.0,0.1,1.0,0.0,200.0,28.05,VALID,-20.0
2026-08-21 07:15:00,B,B2,8078.0,7000.0,0.1,1.0,0.0,200.0,27.99,VALID,107.8
2026-08-21 07:15:00,B,B3,8095.0,7000.0,0.1,1.0,0.0,200.0,27.77,VALID,109.5
2026-08-21 07:15:00,C,C1,8400.0,7000.0,0.1,1.0,0.0,200.0,27.86,VALID,140.0
2026-08-21 07:15:00,C,C2,8454.0,7000.0,0.1,1.0,0.0,200.0,27.73,VALID,145.4
2026-08-21 07:15:00,C,C3,8418.0,7000.0,0.1,1.0,0.0,200.0,28.05,VALID,141.8
2026-08-21 07:15:00,D,D1,7997.0,7000.0,0.1,1.0,0.0,200.0,27.43,VALID,99.7
2026-08-21 07:15:00,D,D2,8000.0,7000.0,0.1,1.0,0.0,200.0,28.14,VALID,100.0
2026-08-21 07:15:00,D,D3,8007.0,7000.0,0.1,1.0,0.0,200.0,27.69,VALID,100.7
2026-08-21 07:30:00,A,A1,8231.0,7000.0,0.1,1.0,0.0,200.0,27.77,VALID,123.1
2026-08-21 07:30:00,A,A2,8261.0,7000.0,0.1,1.0,0.0,200.0,27.5,VALID,126.1
2026-08-21 07:30:00,A,A3,8235.0,7000.0,0.1,1.0,0.0,200.0,27.83,VALID,123.5
2026-08-21 07:30:00,B,B1,6800.0,7000.0,0.1,1.0,0.0,200.0,27.89,VALID,-20.0
2026-08-21 07:30:00,B,B2,8069.0,7000.0,0.1,1.0,0.0,200.0,27.84,VALID,106.9
2026-08-21 07:30:00,B,B3,8082.0,7000.0,0.1,1.0,0.0,200.0,27.87,VALID,108.2
2026-08-21 07:30:00,C,C1,8404.0,7000.0,0.1,1.0,0.0,200.0,27.75,VALID,140.4
2026-08-21 07:30:00,C,C2,8437.0,7000.0,0.1,1.0,0.0,200.0,27.76,VALID,143.7
2026-08-21 07:30:00,C,C3,8434.0,7000.0,0.1,1.0,0.0,200.0,27.75,VALID,143.4
2026-08-21 07:30:00,D,D1,7985.0,7000.0,0.1,1.0,0.0,200.0,27.67,VALID,98.5
2026-08-21 07:30:00,D,D2,8012.0,7000.0,0.1,1.0,0.0,200.0,27.7,VALID,101.2
2026-08-21 07:30:00,D,D3,8007.0,7000.0,0.1,1.0,0.0,200.0,27.88,VALID,100.7
2026-08-21 07:45:00,A,A1,8240.0,7000.0,0.1,1.0,0.0,200.0,27.98,VALID,124.0
2026-08-21 07:45:00,A,A2,8263.0,7000.0,0.1,1.0,0.0,200.0,27.5,VALID,126.3
2026-08-21 07:45:00,A,A3,8234.0,7000.0,0.1,1.0,0.0,200.0,27.68,VALID,123.4
2026-08-21 07:45:00,B,B1,6800.0,7000.0,0.1,1.0,0.0,200.0,27.46,VALID,-20.0
2026-08-21 07:45:00,B,B2,8075.0,7000.0,0.1,1.0,0.0,200.0,27.6,VALID,107.5
2026-08-21 07:45:00,B,B3,8066.0,7000.0,0.1,1.0,0.0,200.0,27.63,VALID,106.6
2026-08-21 07:45:00,C,C1,8412.0,7000.0,0.1,1.0,0.0,200.0,27.73,VALID,141.2
2026-08-21 07:45:00,C,C2,8466.0,7000.0,0.1,1.0,0.0,200.0,27.72,VALID,146.6
2026-08-21 07:45:00,C,C3,8419.0,7000.0,0.1,1.0,0.0,200.0,27.69,VALID,141.9
2026-08-21 07:45:00,D,D1,7994.0,7000.0,0.1,1.0,0.0,200.0,27.78,VALID,99.4
2026-08-21 07:45:00,D,D2,8029.0,7000.0,0.1,1.0,0.0,200.0,27.52,VALID,102.9
2026-08-21 07:45:00,D,D3,8010.0,7000.0,0.1,1.0,0.0,200.0,27.73,VALID,101.0
2026-08-21 08:00:00,A,A1,8217.0,7000.0,0.1,1.0,0.0,200.0,27.75,VALID,121.7
2026-08-21 08:00:00,A,A2,8264.0,7000.0,0.1,1.0,0.0,200.0,27.43,VALID,126.4
2026-08-21 08:00:00,A,A3,8241.0,7000.0,0.1,1.0,0.0,200.0,27.25,VALID,124.1
2026-08-21 08:00:00,B,B1,6800.0,7000.0,0.1,1.0,0.0,200.0,27.81,VALID,-20.0
2026-08-21 08:00:00,B,B2,8074.0,7000.0,0.1,1.0,0.0,200.0,27.38,VALID,107.4
2026-08-21 08:00:00,B,B3,8073.0,7000.0,0.1,1.0,0.0,200.0,27.49,VALID,107.3
2026-08-21 08:00:00,C,C1,8397.0,7000.0,0.1,1.0,0.0,200.0,27.75,VALID,139.7
2026-08-21 08:00:00,C,C2,8432.0,7000.0,0.1,1.0,0.0,200.0,27.42,VALID,143.2
2026-08-21 08:00:00,C,C3,8422.0,7000.0,0.1,1.0,0.0,200.0,27.79,VALID,142.2
2026-08-21 08:00:00,D,D1,8002.0,7000.0,0.1,1.0,0.0,200.0,27.47,VALID,100.2
2026-08-21 08:00:00,D,D2,8017.0,7000.0,0.1,1.0,0.0,200.0,27.44,VALID,101.7
2026-08-21 08:00:00,D,D3,8017.0,7000.0,0.1,1.0,0.0,200.0,27.37,VALID,101.7
2026-08-21 08:15:00,A,A1,8242.0,7000.0,0.1,1.0,0.0,200.0,27.36,VALID,124.2
2026-08-21 08:15:00,A,A2,8270.0,7000.0,0.1,1.0,0.0,200.0,27.61,VALID,127.0
2026-08-21 08:15:00,A,A3,8231.0,7000.0,0.1,1.0,0.0,200.0,27.39,VALID,123.1
2026-08-21 08:15:00,B,B1,6800.0,7000.0,0.1,1.0,0.0,200.0,27.7,VALID,-20.0
2026-08-21 08:15:00,B,B2,8076.0,7000.0,0.1,1.0,0.0,200.0,27.5,VALID,107.6
2026-08-21 08:15:00,B,B3,8077.0,7000.0,0.1,1.0,0.0,200.0,27.52,VALID,107.7
2026-08-21 08:15:00,C,C1,8388.0,7000.0,0.1,1.0,0.0,200.0,27.33,VALID,138.8
2026-08-21 08:15:00,C,C2,8444.0,7000.0,0.1,1.0,0.0,200.0,27.74,VALID,144.4
2026-08-21 08:15:00,C,C3,8434.0,7000.0,0.1,1.0,0.0,200.0,27.65,VALID,143.4
2026-08-21 08:15:00,D,D1,7992.0,7000.0,0.1,1.0,0.0,200.0,27.64,VALID,99.2
2026-08-21 08:15:00,D,D2,8002.0,7000.0,0.1,1.0,0.0,200.0,27.46,VALID,100.2
2026-08-21 08:15:00,D,D3,7992.0,7000.0,0.1,1.0,0.0,200.0,27.24,VALID,99.2
2026-08-21 08:30:00,A,A1,8232.0,7000.0,0.1,1.0,0.0,200.0,27.42,VALID,123.2
2026-08-21 08:30:00,A,A2,8257.0,7000.0,0.1,1.0,0.0,200.0,27.49,VALID,125.7
2026-08-21 08:30:00,A,A3,8241.0,7000.0,0.1,1.0,0.0,200.0,27.49,VALID,124.1
2026-08-21 08:30:00,B,B1,6800.0,7000.0,0.1,1.0,0.0,200.0,27.46,VALID,-20.0
2026-08-21 08:30:00,B,B2,8069.0,7000.0,0.1,1.0,0.0,200.0,27.45,VALID,106.9
2026-08-21 08:30:00,B,B3,8075.0,7000.0,0.1,1.0,0.0,200.0,27.25,VALID,107.5
2026-08-21 08:30:00,C,C1,8399.0,7000.0,0.1,1.0,0.0,200.0,27.26,VALID,139.9
2026-08-21 08:30:00,C,C2,8436.0,7000.0,0.1,1.0,0.0,200.0,27.16,VALID,143.6
2026-08-21 08:30:00,C,C3,8430.0,7000.0,0.1,1.0,0.0,200.0,27.59,VALID,143.0
2026-08-21 08:30:00,D,D1,7994.0,7000.0,0.1,1.0,0.0,200.0,27.77,VALID,99.4
2026-08-21 08:30:00,D,D2,8005.0,7000.0,0.1,1.0,0.0,200.0,27.99,VALID,100.5
2026-08-21 08:30:00,D,D3,7997.0,7000.0,0.1,1.0,0.0,200.0,27.43,VALID,99.7
2026-08-21 08:45:00,A,A1,8224.0,7000.0,0.1,1.0,0.0,200.0,27.33,VALID,122.4
2026-08-21 08:45:00,A,A2,8257.0,7000.0,0.1,1.0,0.0,200.0,27.23,VALID,125.7
2026-08-21 08:45:00,A,A3,8253.0,7000.0,0.1,1.0,0.0,200.0,27.3,VALID,125.3
2026-08-21 08:45:00,B,B1,6800.0,7000.0,0.1,1.0,0.0,200.0,27.07,VALID,-20.0
2026-08-21 08:45:00,B,B2,8078.0,7000.0,0.1,1.0,0.0,200.0,27.23,VALID,107.8
2026-08-21 08:45:00,B,B3,8062.0,7000.0,0.1,1.0,0.0,200.0,27.1,VALID,106.2
2026-08-21 08:45:00,C,C1,8421.0,7000.0,0.1,1.0,0.0,200.0,27.2,VALID,142.1
2026-08-21 08:45:00,C,C2,8426.0,7000.0,0.1,1.0,0.0,200.0,27.12,VALID,142.6
2026-08-21 08:45:00,C,C3,8417.0,7000.0,0.1,1.0,0.0,200.0,27.36,VALID,141.7
2026-08-21 08:45:00,D,D1,7992.0,7000.0,0.1,1.0,0.0,200.0,27.39,VALID,99.2
2026-08-21 08:45:00,D,D2,8000.0,7000.0,0.1,1.0,0.0,200.0,27.32,VALID,100.0
2026-08-21 08:45:00,D,D3,7990.0,7000.0,0.1,1.0,0.0,200.0,27.13,VALID,99.0
2026-08-21 09:00:00,A,A1,8218.0,7000.0,0.1,1.0,0.0,200.0,26.88,VALID,121.8
2026-08-21 09:00:00,A,A2,8258.0,7000.0,0.1,1.0,0.0,200.0,27.26,VALID,125.8
2026-08-21 09:00:00,A,A3,8245.0,7000.0,0.1,1.0,0.0,200.0,27.13,VALID,124.5
2026-08-21 09:00:00,B,B1,6800.0,7000.0,0.1,1.0,0.0,200.0,26.77,VALID,-20.0
2026-08-21 09:00:00,B,B2,8081.0,7000.0,0.1,1.0,0.0,200.0,27.16,VALID,108.1
2026-08-21 09:00:00,B,B3,8072.0,7000.0,0.1,1.0,0.0,200.0,27.2,VALID,107.2
2026-08-21 09:00:00,C,C1,8387.0,7000.0,0.1,1.0,0.0,200.0,26.82,VALID,138.7
2026-08-21 09:00:00,C,C2,8432.0,7000.0,0.1,1.0,0.0,200.0,27.23,VALID,143.2
2026-08-21 09:00:00,C,C3,8422.0,7000.0,0.1,1.0,0.0,200.0,26.85,VALID,142.2
2026-08-21 09:00:00,D,D1,7977.0,7000.0,0.1,1.0,0.0,200.0,26.98,VALID,97.7
2026-08-21 09:00:00,D,D2,8001.0,7000.0,0.1,1.0,0.0,200.0,26.85,VALID,100.1
2026-08-21 09:00:00,D,D3,7983.0,7000.0,0.1,1.0,0.0,200.0,26.96,VALID,98.3
2026-08-21 09:15:00,A,A1,8225.0,7000.0,0.1,1.0,0.0,200.0,26.74,VALID,122.5
2026-08-21 09:15:00,A,A2,8246.0,7000.0,0.1,1.0,0.0,200.0,27.19,VALID,124.6
2026-08-21 09:15:00,A,A3,8223.0,7000.0,0.1,1.0,0.0,200.0,26.94,VALID,122.3
2026-08-21 09:15:00,B,B1,6800.0,7000.0,0.1,1.0,0.0,200.0,26.89,VALID,-20.0
2026-08-21 09:15:00,B,B2,8066.0,7000.0,0.1,1.0,0.0,200.0,27.21,VALID,106.6
2026-08-21 09:15:00,B,B3,8062.0,7000.0,0.1,1.0,0.0,200.0,27.2,VALID,106.2
2026-08-21 09:15:00,C,C1,8398.0,7000.0,0.1,1.0,0.0,200.0,26.91,VALID,139.8
2026-08-21 09:15:00,C,C2,8441.0,7000.0,0.1,1.0,0.0,200.0,27.04,VALID,144.1
2026-08-21 09:15:00,C,C3,8424.0,7000.0,0.1,1.0,0.0,200.0,26.87,VALID,142.4
2026-08-21 09:15:00,D,D1,7985.0,7000.0,0.1,1.0,0.0,200.0,26.97,VALID,98.5
2026-08-21 09:15:00,D,D2,8009.0,7000.0,0.1,1.0,0.0,200.0,26.77,VALID,100.9
2026-08-21 09:15:00,D,D3,8004.0,7000.0,0.1,1.0,0.0,200.0,27.07,VALID,100.4
2026-08-21 09:30:00,A,A1,8211.0,7000.0,0.1,1.0,0.0,200.0,27.07,VALID,121.1
2026-08-21 09:30:00,A,A2,8265.0,7000.0,0.1,1.0,0.0,200.0,27.03,VALID,126.5
2026-08-21 09:30:00,A,A3,8246.0,7000.0,0.1,1.0,0.0,200.0,26.84,VALID,124.6
2026-08-21 09:30:00,B,B1,6800.0,7000.0,0.1,1.0,0.0,200.0,26.46,VALID,-20.0
2026-08-21 09:30:00,B,B2,8072.0,7000.0,0.1,1.0,0.0,200.0,26.71,VALID,107.2
2026-08-21 09:30:00,B,B3,8055.0,7000.0,0.1,1.0,0.0,200.0,26.81,VALID,105.5
2026-08-21 09:30:00,C,C1,8399.0,7000.0,0.1,1.0,0.0,200.0,26.54,VALID,139.9
2026-08-21 09:30:00,C,C2,8431.0,7000.0,0.1,1.0,0.0,200.0,27.13,VALID,143.1
2026-08-21 09:30:00,C,C3,8403.0,7000.0,0.1,1.0,0.0,200.0,27.0,VALID,140.3
2026-08-21 09:30:00,D,D1,7979.0,7000.0,0.1,1.0,0.0,200.0,26.94,VALID,97.9
2026-08-21 09:30:00,D,D2,8011.0,7000.0,0.1,1.0,0.0,200.0,26.97,VALID,101.1
2026-08-21 09:30:00,D,D3,8001.0,7000.0,0.1,1.0,0.0,200.0,26.6,VALID,100.1
2026-08-21 09:45:00,A,A1,8231.0,7000.0,0.1,1.0,0.0,200.0,26.5,VALID,123.1
2026-08-21 09:45:00,A,A2,8246.0,7000.0,0.1,1.0,0.0,200.0,26.72,VALID,124.6
2026-08-21 09:45:00,A,A3,8236.0,7000.0,0.1,1.0,0.0,200.0,26.73,VALID,123.6
2026-08-21 09:45:00,B,B1,6800.0,7000.0,0.1,1.0,0.0,200.0,26.4,VALID,-20.0
2026-08-21 09:45:00,B,B2,8076.0,7000.0,0.1,1.0,0.0,200.0,26.7,VALID,107.6
2026-08-21 09:45:00,B,B3,8072.0,7000.0,0.1,1.0,0.0,200.0,26.66,VALID,107.2
2026-08-21 09:45:00,C,C1,8379.0,7000.0,0.1,1.0,0.0,200.0,26.86,VALID,137.9
2026-08-21 09:45:00,C,C2,8430.0,7000.0,0.1,1.0,0.0,200.0,26.74,VALID,143.0
2026-08-21 09:45:00,C,C3,8406.0,7000.0,0.1,1.0,0.0,200.0,27.0,VALID,140.6
2026-08-21 09:45:00,D,D1,7973.0,7000.0,0.1,1.0,0.0,200.0,26.6,VALID,97.3
2026-08-21 09:45:00,D,D2,8000.0,7000.0,0.1,1.0,0.0,200.0,26.45,VALID,100.0
2026-08-21 09:45:00,D,D3,7994.0,7000.0,0.1,1.0,0.0,200.0,26.99,VALID,99.4
2026-08-21 10:00:00,A,A1,8215.0,7000.0,0.1,1.0,0.0,200.0,26.58,VALID,121.5
2026-08-21 10:00:00,A,A2,8217.0,7000.0,0.1,1.0,0.0,200.0,26.49,VALID,121.7
2026-08-21 10:00:00,A,A3,8227.0,7000.0,0.1,1.0,0.0,200.0,26.34,VALID,122.7
2026-08-21 10:00:00,B,B1,8061.0,7000.0,0.1,1.0,0.0,200.0,26.43,VALID,106.1
2026-08-21 10:00:00,B,B2,8065.0,7000.0,0.1,1.0,0.0,200.0,26.42,VALID,106.5
2026-08-21 10:00:00,B,B3,8042.0,7000.0,0.1,1.0,0.0,200.0,26.27,VALID,104.2
2026-08-21 10:00:00,C,C1,8398.0,7000.0,0.1,1.0,0.0,200.0,26.08,VALID,139.8
2026-08-21 10:00:00,C,C2,8425.0,7000.0,0.1,1.0,0.0,200.0,26.42,VALID,142.5
2026-08-21 10:00:00,C,C3,8425.0,7000.0,0.1,1.0,0.0,200.0,26.65,VALID,142.5
2026-08-21 10:00:00,D,D1,7975.0,7000.0,0.1,1.0,0.0,200.0,26.76,VALID,97.5
2026-08-21 10:00:00,D,D2,7991.0,7000.0,0.1,1.0,0.0,200.0,26.7,VALID,99.1
2026-08-21 10:00:00,D,D3,7977.0,7000.0,0.1,1.0,0.0,200.0,26.71,VALID,97.7
2026-08-21 10:15:00,A,A1,8214.0,7000.0,0.1,1.0,0.0,200.0,26.12,VALID,121.4
2026-08-21 10:15:00,A,A2,8238.0,7000.0,0.1,1.0,0.0,200.0,26.38,VALID,123.8
2026-08-21 10:15:00,A,A3,8223.0,7000.0,0.1,1.0,0.0,200.0,26.44,VALID,122.3
2026-08-21 10:15:00,B,B1,8045.0,7000.0,0.1,1.0,0.0,200.0,26.45,VALID,104.5
2026-08-21 10:15:00,B,B2,8069.0,7000.0,0.1,1.0,0.0,200.0,26.31,VALID,106.9
2026-08-21 10:15:00,B,B3,8054.0,7000.0,0.1,1.0,0.0,200.0,26.36,VALID,105.4
2026-08-21 10:15:00,C,C1,8393.0,7000.0,0.1,1.0,0.0,200.0,26.74,VALID,139.3
2026-08-21 10:15:00,C,C2,8438.0,7000.0,0.1,1.0,0.0,200.0,26.52,VALID,143.8
2026-08-21 10:15:00,C,C3,8436.0,7000.0,0.1,1.0,0.0,200.0,26.43,VALID,143.6
2026-08-21 10:15:00,D,D1,7982.0,7000.0,0.1,1.0,0.0,200.0,26.47,VALID,98.2
2026-08-21 10:15:00,D,D2,7987.0,7000.0,0.1,1.0,0.0,200.0,26.24,VALID,98.7
2026-08-21 10:15:00,D,D3,7983.0,7000.0,0.1,1.0,0.0,200.0,26.46,VALID,98.3
2026-08-21 10:30:00,A,A1,8214.0,7000.0,0.1,1.0,0.0,200.0,26.18,VALID,121.4
2026-08-21 10:30:00,A,A2,8248.0,7000.0,0.1,1.0,0.0,200.0,26.32,VALID,124.8
2026-08-21 10:30:00,A,A3,8225.0,7000.0,0.1,1.0,0.0,200.0,26.01,VALID,122.5
2026-08-21 10:30:00,B,B1,8058.0,7000.0,0.1,1.0,0.0,200.0,26.3,VALID,105.8
2026-08-21 10:30:00,B,B2,8049.0,7000.0,0.1,1.0,0.0,200.0,26.09,VALID,104.9
2026-08-21 10:30:00,B,B3,8058.0,7000.0,0.1,1.0,0.0,200.0,26.3,VALID,105.8
2026-08-21 10:30:00,C,C1,8394.0,7000.0,0.1,1.0,0.0,200.0,26.2,VALID,139.4
2026-08-21 10:30:00,C,C2,8433.0,7000.0,0.1,1.0,0.0,200.0,26.16,VALID,143.3
2026-08-21 10:30:00,C,C3,8400.0,7000.0,0.1,1.0,0.0,200.0,26.1,VALID,140.0
2026-08-21 10:30:00,D,D1,7976.0,7000.0,0.1,1.0,0.0,200.0,26.14,VALID,97.6
2026-08-21 10:30:00,D,D2,7977.0,7000.0,0.1,1.0,0.0,200.0,26.07,VALID,97.7
2026-08-21 10:30:00,D,D3,7987.0,7000.0,0.1,1.0,0.0,200.0,26.09,VALID,98.7
2026-08-21 10:45:00,A,A1,8212.0,7000.0,0.1,1.0,0.0,200.0,26.06,VALID,121.2
2026-08-21 10:45:00,A,A2,8226.0,7000.0,0.1,1.0,0.0,200.0,25.64,VALID,122.6
2026-08-21 10:45:00,A,A3,8221.0,7000.0,0.1,1.0,0.0,200.0,26.12,VALID,122.1
2026-08-21 10:45:00,B,B1,8061.0,7000.0,0.1,1.0,0.0,200.0,26.12,VALID,106.1
2026-08-21 10:45:00,B,B2,8048.0,7000.0,0.1,1.0,0.0,200.0,25.92,VALID,104.8
2026-08-21 10:45:00,B,B3,8056.0,7000.0,0.1,1.0,0.0,200.0,26.0,VALID,105.6
2026-08-21 10:45:00,C,C1,8389.0,7000.0,0.1,1.0,0.0,200.0,25.78,VALID,138.9
2026-08-21 10:45:00,C,C2,8427.0,7000.0,0.1,1.0,0.0,200.0,26.05,VALID,142.7
2026-08-21 10:45:00,C,C3,8412.0,7000.0,0.1,1.0,0.0,200.0,25.8,VALID,141.2
2026-08-21 10:45:00,D,D1,7971.0,7000.0,0.1,1.0,0.0,200.0,25.42,VALID,97.1
2026-08-21 10:45:00,D,D2,7987.0,7000.0,0.1,1.0,0.0,200.0,25.86,VALID,98.7
2026-08-21 10:45:00,D,D3,7975.0,7000.0,0.1,1.0,0.0,200.0,26.0,VALID,97.5
2026-08-21 11:00:00,A,A1,8212.0,7000.0,0.1,1.0,0.0,200.0,25.32,VALID,121.2
2026-08-21 11:00:00,A,A2,8236.0,7000.0,0.1,1.0,0.0,200.0,25.59,VALID,123.6
2026-08-21 11:00:00,A,A3,8227.0,7000.0,0.1,1.0,0.0,200.0,25.52,VALID,122.7
2026-08-21 11:00:00,B,B1,8045.0,7000.0,0.1,1.0,0.0,200.0,25.72,VALID,104.5
2026-08-21 11:00:00,B,B2,8062.0,7000.0,0.1,1.0,0.0,200.0,25.8,VALID,106.2
2026-08-21 11:00:00,B,B3,8050.0,7000.0,0.1,1.0,0.0,200.0,25.47,VALID,105.0
2026-08-21 11:00:00,C,C1,8369.0,7000.0,0.1,1.0,0.0,200.0,25.66,VALID,136.9
2026-08-21 11:00:00,C,C2,8424.0,7000.0,0.1,1.0,0.0,200.0,25.65,VALID,142.4
2026-08-21 11:00:00,C,C3,8408.0,7000.0,0.1,1.0,0.0,200.0,25.72,VALID,140.8
2026-08-21 11:00:00,D,D1,7964.0,7000.0,0.1,1.0,0.0,200.0,25.72,VALID,96.4
2026-08-21 11:00:00,D,D2,7992.0,7000.0,0.1,1.0,0.0,200.0,25.84,VALID,99.2
2026-08-21 11:00:00,D,D3,7999.0,7000.0,0.1,1.0,0.0,200.0,25.64,VALID,99.9
2026-08-21 11:15:00,A,A1,8210.0,7000.0,0.1,1.0,0.0,200.0,25.67,VALID,121.0
2026-08-21 11:15:00,A,A2,8232.0,7000.0,0.1,1.0,0.0,200.0,25.49,VALID,123.2
2026-08-21 11:15:00,A,A3,8206.0,7000.0,0.1,1.0,0.0,200.0,25.48,VALID,120.6
2026-08-21 11:15:00,B,B1,8033.0,7000.0,0.1,1.0,0.0,200.0,25.24,VALID,103.3
2026-08-21 11:15:00,B,B2,8050.0,7000.0,0.1,1.0,0.0,200.0,25.38,VALID,105.0
2026-08-21 11:15:00,B,B3,8056.0,7000.0,0.1,1.0,0.0,200.0,25.71,VALID,105.6
2026-08-21 11:15:00,C,C1,8372.0,7000.0,0.1,1.0,0.0,200.0,25.53,VALID,137.2
2026-08-21 11:15:00,C,C2,8406.0,7000.0,0.1,1.0,0.0,200.0,25.49,VALID,140.6
2026-08-21 11:15:00,C,C3,8404.0,7000.0,0.1,1.0,0.0,200.0,25.75,VALID,140.4
2026-08-21 11:15:00,D,D1,7964.0,7000.0,0.1,1.0,0.0,200.0,25.8,VALID,96.4
2026-08-21 11:15:00,D,D2,7975.0,7000.0,0.1,1.0,0.0,200.0,25.34,VALID,97.5
2026-08-21 11:15:00,D,D3,7987.0,7000.0,0.1,1.0,0.0,200.0,25.92,VALID,98.7
2026-08-21 11:30:00,A,A1,8213.0,7000.0,0.1,1.0,0.0,200.0,25.38,VALID,121.3
2026-08-21 11:30:00,A,A2,8211.0,7000.0,0.1,1.0,0.0,200.0,24.99,VALID,121.1
2026-08-21 11:30:00,A,A3,8219.0,7000.0,0.1,1.0,0.0,200.0,25.32,VALID,121.9
2026-08-21 11:30:00,B,B1,8030.0,7000.0,0.1,1.0,0.0,200.0,25.4,VALID,103.0
2026-08-21 11:30:00,B,B2,8056.0,7000.0,0.1,1.0,0.0,200.0,25.58,VALID,105.6
2026-08-21 11:30:00,B,B3,8050.0,7000.0,0.1,1.0,0.0,200.0,25.64,VALID,105.0
2026-08-21 11:30:00,C,C1,8378.0,7000.0,0.1,1.0,0.0,200.0,25.37,VALID,137.8
2026-08-21 11:30:00,C,C2,8430.0,7000.0,0.1,1.0,0.0,200.0,25.2,VALID,143.0
2026-08-21 11:30:00,C,C3,8424.0,7000.0,0.1,1.0,0.0,200.0,25.47,VALID,142.4
2026-08-21 11:30:00,D,D1,7972.0,7000.0,0.1,1.0,0.0,200.0,25.5,VALID,97.2
2026-08-21 11:30:00,D,D2,8003.0,7000.0,0.1,1.0,0.0,200.0,25.55,VALID,100.3
2026-08-21 11:30:00,D,D3,7964.0,7000.0,0.1,1.0,0.0,200.0,25.67,VALID,96.4
2026-08-21 11:45:00,A,A1,8203.0,7000.0,0.1,1.0,0.0,200.0,25.22,VALID,120.3
2026-08-21 11:45:00,A,A2,8217.0,7000.0,0.1,1.0,0.0,200.0,25.3,VALID,121.7
2026-08-21 11:45:00,A,A3,8210.0,7000.0,0.1,1.0,0.0,200.0,25.22,VALID,121.0
2026-08-21 11:45:00,B,B1,8036.0,7000.0,0.1,1.0,0.0,200.0,25.58,VALID,103.6
2026-08-21 11:45:00,B,B2,8071.0,7000.0,0.1,1.0,0.0,200.0,25.21,VALID,107.1
2026-08-21 11:45:00,B,B3,8047.0,7000.0,0.1,1.0,0.0,200.0,25.12,VALID,104.7
2026-08-21 11:45:00,C,C1,8386.0,7000.0,0.1,1.0,0.0,200.0,25.13,VALID,138.6
2026-08-21 11:45:00,C,C2,8414.0,7000.0,0.1,1.0,0.0,200.0,25.39,VALID,141.4
2026-08-21 11:45:00,C,C3,8391.0,7000.0,0.1,1.0,0.0,200.0,25.19,VALID,139.1
2026-08-21 11:45:00,D,D1,7952.0,7000.0,0.1,1.0,0.0,200.0,25.34,VALID,95.2
2026-08-21 11:45:00,D,D2,8002.0,7000.0,0.1,1.0,0.0,200.0,25.34,VALID,100.2
2026-08-21 11:45:00,D,D3,7989.0,7000.0,0.1,1.0,0.0,200.0,25.03,VALID,98.9
2026-08-21 12:00:00,A,A1,8206.0,7000.0,0.1,1.0,0.0,200.0,24.81,VALID,120.6
2026-08-21 12:00:00,A,A2,8224.0,7000.0,0.1,1.0,0.0,200.0,25.15,VALID,122.4
2026-08-21 12:00:00,A,A3,8215.0,7000.0,0.1,1.0,0.0,200.0,24.72,VALID,121.5
2026-08-21 12:00:00,B,B1,8024.0,7000.0,0.1,1.0,0.0,200.0,24.72,VALID,102.4
2026-08-21 12:00:00,B,B2,8056.0,7000.0,0.1,1.0,0.0,200.0,25.41,VALID,105.6
2026-08-21 12:00:00,B,B3,8057.0,7000.0,0.1,1.0,0.0,200.0,24.62,VALID,105.7
2026-08-21 12:00:00,C,C1,8387.0,7000.0,0.1,1.0,0.0,200.0,25.19,VALID,138.7
2026-08-21 12:00:00,C,C2,8402.0,7000.0,0.1,1.0,0.0,200.0,24.94,VALID,140.2
2026-08-21 12:00:00,C,C3,8404.0,7000.0,0.1,1.0,0.0,200.0,25.11,VALID,140.4
2026-08-21 12:00:00,D,D1,7952.0,7000.0,0.1,1.0,0.0,200.0,25.12,VALID,95.2
2026-08-21 12:00:00,D,D2,7963.0,7000.0,0.1,1.0,0.0,200.0,24.96,VALID,96.3
2026-08-21 12:00:00,D,D3,7985.0,7000.0,0.1,1.0,0.0,200.0,25.0,VALID,98.5
2026-08-21 12:15:00,A,A1,8198.0,7000.0,0.1,1.0,0.0,200.0,24.98,VALID,119.8
2026-08-21 12:15:00,A,A2,8233.0,7000.0,0.1,1.0,0.0,200.0,25.07,VALID,123.3
2026-08-21 12:15:00,A,A3,8220.0,7000.0,0.1,1.0,0.0,200.0,25.02,VALID,122.0
2026-08-21 12:15:00,B,B1,8041.0,7000.0,0.1,1.0,0.0,200.0,24.86,VALID,104.1
2026-08-21 12:15:00,B,B2,8050.0,7000.0,0.1,1.0,0.0,200.0,24.76,VALID,105.0
2026-08-21 12:15:00,B,B3,8031.0,7000.0,0.1,1.0,0.0,200.0,24.61,VALID,103.1
2026-08-21 12:15:00,C,C1,8370.0,7000.0,0.1,1.0,0.0,200.0,24.85,VALID,137.0
2026-08-21 12:15:00,C,C2,8427.0,7000.0,0.1,1.0,0.0,200.0,24.8,VALID,142.7
2026-08-21 12:15:00,C,C3,10500.0,7000.0,0.1,1.0,0.0,200.0,25.02,VALID,350.0
2026-08-21 12:15:00,D,D1,7960.0,7000.0,0.1,1.0,0.0,200.0,24.92,VALID,96.0
2026-08-21 12:15:00,D,D2,7978.0,7000.0,0.1,1.0,0.0,200.0,25.07,VALID,97.8
2026-08-21 12:15:00,D,D3,7978.0,7000.0,0.1,1.0,0.0,200.0,24.57,VALID,97.8
2026-08-21 12:30:00,A,A1,8202.0,7000.0,0.1,1.0,0.0,200.0,24.94,VALID,120.2
2026-08-21 12:30:00,A,A2,8221.0,7000.0,0.1,1.0,0.0,200.0,24.7,VALID,122.1
2026-08-21 12:30:00,A,A3,8215.0,7000.0,0.1,1.0,0.0,200.0,24.4,VALID,121.5
2026-08-21 12:30:00,B,B1,8037.0,7000.0,0.1,1.0,0.0,200.0,24.33,VALID,103.7
2026-08-21 12:30:00,B,B2,8042.0,7000.0,0.1,1.0,0.0,200.0,24.82,VALID,104.2
2026-08-21 12:30:00,B,B3,8043.0,7000.0,0.1,1.0,0.0,200.0,24.55,VALID,104.3
2026-08-21 12:30:00,C,C1,8374.0,7000.0,0.1,1.0,0.0,200.0,24.6,VALID,137.4
2026-08-21 12:30:00,C,C2,8412.0,7000.0,0.1,1.0,0.0,200.0,24.74,VALID,141.2
2026-08-21 12:30:00,C,C3,10500.0,7000.0,0.1,1.0,0.0,200.0,24.62,VALID,350.0
2026-08-21 12:30:00,D,D1,7957.0,7000.0,0.1,1.0,0.0,200.0,24.29,VALID,95.7
2026-08-21 12:30:00,D,D2,7970.0,7000.0,0.1,1.0,0.0,200.0,24.92,VALID,97.0
2026-08-21 12:30:00,D,D3,7974.0,7000.0,0.1,1.0,0.0,200.0,24.34,VALID,97.4
2026-08-21 12:45:00,A,A1,8184.0,7000.0,0.1,1.0,0.0,200.0,24.39,VALID,118.4
2026-08-21 12:45:00,A,A2,8234.0,7000.0,0.1,1.0,0.0,200.0,24.38,VALID,123.4
2026-08-21 12:45:00,A,A3,8220.0,7000.0,0.1,1.0,0.0,200.0,24.49,VALID,122.0
2026-08-21 12:45:00,B,B1,8034.0,7000.0,0.1,1.0,0.0,200.0,24.15,VALID,103.4
2026-08-21 12:45:00,B,B2,8054.0,7000.0,0.1,1.0,0.0,200.0,24.35,VALID,105.4
2026-08-21 12:45:00,B,B3,8046.0,7000.0,0.1,1.0,0.0,200.0,24.25,VALID,104.6
2026-08-21 12:45:00,C,C1,8370.0,7000.0,0.1,1.0,0.0,200.0,24.49,VALID,137.0
2026-08-21 12:45:00,C,C2,8409.0,7000.0,0.1,1.0,0.0,200.0,24.5,VALID,140.9
2026-08-21 12:45:00,C,C3,10500.0,7000.0,0.1,1.0,0.0,200.0,24.28,VALID,350.0
2026-08-21 12:45:00,D,D1,7973.0,7000.0,0.1,1.0,0.0,200.0,24.62,VALID,97.3
2026-08-21 12:45:00,D,D2,7969.0,7000.0,0.1,1.0,0.0,200.0,24.53,VALID,96.9
2026-08-21 12:45:00,D,D3,7962.0,7000.0,0.1,1.0,0.0,200.0,24.18,VALID,96.2
2026-08-21 13:00:00,A,A1,8206.0,7000.0,0.1,1.0,0.0,200.0,23.88,VALID,120.6
2026-08-21 13:00:00,A,A2,8227.0,7000.0,0.1,1.0,0.0,200.0,24.17,VALID,122.7
2026-08-21 13:00:00,A,A3,8204.0,7000.0,0.1,1.0,0.0,200.0,24.31,VALID,120.4
2026-08-21 13:00:00,B,B1,8033.0,7000.0,0.1,1.0,0.0,200.0,24.06,VALID,103.3
2026-08-21 13:00:00,B,B2,8050.0,7000.0,0.1,1.0,0.0,200.0,24.25,VALID,105.0
2026-08-21 13:00:00,B,B3,8025.0,7000.0,0.1,1.0,0.0,200.0,24.19,VALID,102.5
2026-08-21 13:00:00,C,C1,8379.0,7000.0,0.1,1.0,0.0,200.0,24.56,VALID,137.9
2026-08-21 13:00:00,C,C2,8415.0,7000.0,0.1,1.0,0.0,200.0,23.99,VALID,141.5
2026-08-21 13:00:00,C,C3,10500.0,7000.0,0.1,1.0,0.0,200.0,24.39,VALID,350.0
2026-08-21 13:00:00,D,D1,7963.0,7000.0,0.1,1.0,0.0,200.0,24.38,VALID,96.3
2026-08-21 13:00:00,D,D2,7978.0,7000.0,0.1,1.0,0.0,200.0,24.21,VALID,97.8
2026-08-21 13:00:00,D,D3,7961.0,7000.0,0.1,1.0,0.0,200.0,23.84,VALID,96.1
2026-08-21 13:15:00,A,A1,8197.0,7000.0,0.1,1.0,0.0,200.0,24.07,VALID,119.7
2026-08-21 13:15:00,A,A2,8221.0,7000.0,0.1,1.0,0.0,200.0,23.77,VALID,122.1
2026-08-21 13:15:00,A,A3,8210.0,7000.0,0.1,1.0,0.0,200.0,24.45,VALID,121.0
2026-08-21 13:15:00,B,B1,8027.0,7000.0,0.1,1.0,0.0,200.0,24.02,VALID,102.7
2026-08-21 13:15:00,B,B2,8044.0,7000.0,0.1,1.0,0.0,200.0,24.44,VALID,104.4
2026-08-21 13:15:00,B,B3,8025.0,7000.0,0.1,1.0,0.0,200.0,24.08,VALID,102.5
2026-08-21 13:15:00,C,C1,8357.0,7000.0,0.1,1.0,0.0,200.0,23.93,VALID,135.7
2026-08-21 13:15:00,C,C2,8406.0,7000.0,0.1,1.0,0.0,200.0,24.31,VALID,140.6
2026-08-21 13:15:00,C,C3,10500.0,7000.0,0.1,1.0,0.0,200.0,24.13,VALID,350.0
2026-08-21 13:15:00,D,D1,7951.0,7000.0,0.1,1.0,0.0,200.0,24.53,VALID,95.1
2026-08-21 13:15:00,D,D2,7968.0,7000.0,0.1,1.0,0.0,200.0,23.92,VALID,96.8
2026-08-21 13:15:00,D,D3,7948.0,7000.0,0.1,1.0,0.0,200.0,24.31,VALID,94.8
2026-08-21 13:30:00,A,A1,8201.0,7000.0,0.1,1.0,0.0,200.0,24.34,VALID,120.1
2026-08-21 13:30:00,A,A2,8202.0,7000.0,0.1,1.0,0.0,200.0,24.14,VALID,120.2
2026-08-21 13:30:00,A,A3,8203.0,7000.0,0.1,1.0,0.0,200.0,24.01,VALID,120.3
2026-08-21 13:30:00,B,B1,8010.0,7000.0,0.1,1.0,0.0,200.0,24.15,VALID,101.0
2026-08-21 13:30:00,B,B2,8046.0,7000.0,0.1,1.0,0.0,200.0,23.84,VALID,104.6
2026-08-21 13:30:00,B,B3,8038.0,7000.0,0.1,1.0,0.0,200.0,23.7,VALID,103.8
2026-08-21 13:30:00,C,C1,8357.0,7000.0,0.1,1.0,0.0,200.0,23.76,VALID,135.7
2026-08-21 13:30:00,C,C2,8388.0,7000.0,0.1,1.0,0.0,200.0,24.02,VALID,138.8
2026-08-21 13:30:00,C,C3,10500.0,7000.0,0.1,1.0,0.0,200.0,23.71,VALID,350.0
2026-08-21 13:30:00,D,D1,7956.0,7000.0,0.1,1.0,0.0,200.0,23.8,VALID,95.6
2026-08-21 13:30:00,D,D2,7973.0,7000.0,0.1,1.0,0.0,200.0,23.73,VALID,97.3
2026-08-21 13:30:00,D,D3,7954.0,7000.0,0.1,1.0,0.0,200.0,24.06,VALID,95.4
2026-08-21 13:45:00,A,A1,8190.0,7000.0,0.1,1.0,0.0,200.0,24.08,VALID,119.0
2026-08-21 13:45:00,A,A2,8213.0,7000.0,0.1,1.0,0.0,200.0,23.49,VALID,121.3
2026-08-21 13:45:00,A,A3,8212.0,7000.0,0.1,1.0,0.0,200.0,23.8,VALID,121.2
2026-08-21 13:45:00,B,B1,8029.0,7000.0,0.1,1.0,0.0,200.0,23.91,VALID,102.9
2026-08-21 13:45:00,B,B2,8032.0,7000.0,0.1,1.0,0.0,200.0,23.65,VALID,103.2
2026-08-21 13:45:00,B,B3,8029.0,7000.0,0.1,1.0,0.0,200.0,23.41,VALID,102.9
2026-08-21 13:45:00,C,C1,8358.0,7000.0,0.1,1.0,0.0,200.0,23.94,VALID,135.8
2026-08-21 13:45:00,C,C2,8405.0,7000.0,0.1,1.0,0.0,200.0,23.4,VALID,140.5
2026-08-21 13:45:00,C,C3,6000.0,7000.0,0.1,1.0,0.0,200.0,24.01,VALID,-100.0
2026-08-21 13:45:00,D,D1,7950.0,7000.0,0.1,1.0,0.0,200.0,23.54,VALID,95.0
2026-08-21 13:45:00,D,D2,7966.0,7000.0,0.1,1.0,0.0,200.0,23.38,VALID,96.6
2026-08-21 13:45:00,D,D3,7973.0,7000.0,0.1,1.0,0.0,200.0,23.59,VALID,97.3
2026-08-21 14:00:00,A,A1,8201.0,7000.0,0.1,1.0,0.0,200.0,23.51,VALID,120.1
2026-08-21 14:00:00,A,A2,8224.0,7000.0,0.1,1.0,0.0,200.0,23.55,VALID,122.4
2026-08-21 14:00:00,A,A3,8206.0,7000.0,0.1,1.0,0.0,200.0,23.64,VALID,120.6
2026-08-21 14:00:00,B,B1,8026.0,7000.0,0.1,1.0,0.0,200.0,23.57,VALID,102.6
2026-08-21 14:00:00,B,B2,8034.0,7000.0,0.1,1.0,0.0,200.0,23.88,VALID,103.4
2026-08-21 14:00:00,B,B3,8021.0,7000.0,0.1,1.0,0.0,200.0,23.5,VALID,102.1
2026-08-21 14:00:00,C,C1,8359.0,7000.0,0.1,1.0,0.0,200.0,23.58,VALID,135.9
2026-08-21 14:00:00,C,C2,8397.0,7000.0,0.1,1.0,0.0,200.0,23.56,VALID,139.7
2026-08-21 14:00:00,C,C3,6000.0,7000.0,0.1,1.0,0.0,200.0,23.18,VALID,-100.0
2026-08-21 14:00:00,D,D1,7949.0,7000.0,0.1,1.0,0.0,200.0,23.28,VALID,94.9
2026-08-21 14:00:00,D,D2,7951.0,7000.0,0.1,1.0,0.0,200.0,23.53,VALID,95.1
2026-08-21 14:00:00,D,D3,7963.0,7000.0,0.1,1.0,0.0,200.0,23.61,VALID,96.3
2026-08-21 14:15:00,A,A1,8192.0,7000.0,0.1,1.0,0.0,200.0,22.95,VALID,119.2
2026-08-21 14:15:00,A,A2,8197.0,7000.0,0.1,1.0,0.0,200.0,23.73,VALID,119.7
2026-08-21 14:15:00,A,A3,8188.0,7000.0,0.1,1.0,0.0,200.0,23.46,VALID,118.8
2026-08-21 14:15:00,B,B1,8013.0,7000.0,0.1,1.0,0.0,200.0,23.35,VALID,101.3
2026-08-21 14:15:00,B,B2,8028.0,7000.0,0.1,1.0,0.0,200.0,23.45,VALID,102.8
2026-08-21 14:15:00,B,B3,8028.0,7000.0,0.1,1.0,0.0,200.0,23.24,VALID,102.8
2026-08-21 14:15:00,C,C1,8348.0,7000.0,0.1,1.0,0.0,200.0,23.39,VALID,134.8
2026-08-21 14:15:00,C,C2,8388.0,7000.0,0.1,1.0,0.0,200.0,23.42,VALID,138.8
2026-08-21 14:15:00,C,C3,6000.0,7000.0,0.1,1.0,0.0,200.0,23.6,VALID,-100.0
2026-08-21 14:15:00,D,D1,7953.0,7000.0,0.1,1.0,0.0,200.0,23.32,VALID,95.3
2026-08-21 14:15:00,D,D2,7948.0,7000.0,0.1,1.0,0.0,200.0,23.07,VALID,94.8
2026-08-21 14:15:00,D,D3,7969.0,7000.0,0.1,1.0,0.0,200.0,23.18,VALID,96.9
2026-08-21 14:30:00,A,A1,8179.0,7000.0,0.1,1.0,0.0,200.0,23.14,VALID,117.9
2026-08-21 14:30:00,A,A2,8198.0,7000.0,0.1,1.0,0.0,200.0,22.93,VALID,119.8
2026-08-21 14:30:00,A,A3,8195.0,7000.0,0.1,1.0,0.0,200.0,23.0,VALID,119.5
2026-08-21 14:30:00,B,B1,8011.0,7000.0,0.1,1.0,0.0,200.0,23.02,VALID,101.1
2026-08-21 14:30:00,B,B2,8037.0,7000.0,0.1,1.0,0.0,200.0,23.13,VALID,103.7
2026-08-21 14:30:00,B,B3,8024.0,7000.0,0.1,1.0,0.0,200.0,23.29,VALID,102.4
2026-08-21 14:30:00,C,C1,8354.0,7000.0,0.1,1.0,0.0,200.0,23.12,VALID,135.4
2026-08-21 14:30:00,C,C2,8402.0,7000.0,0.1,1.0,0.0,200.0,23.31,VALID,140.2
2026-08-21 14:30:00,C,C3,6000.0,7000.0,0.1,1.0,0.0,200.0,23.19,VALID,-100.0
2026-08-21 14:30:00,D,D1,7938.0,7000.0,0.1,1.0,0.0,200.0,23.0,VALID,93.8
2026-08-21 14:30:00,D,D2,7970.0,7000.0,0.1,1.0,0.0,200.0,23.26,VALID,97.0
2026-08-21 14:30:00,D,D3,7959.0,7000.0,0.1,1.0,0.0,200.0,23.23,VALID,95.9
2026-08-21 14:45:00,A,A1,8184.0,7000.0,0.1,1.0,0.0,200.0,23.16,VALID,118.4
2026-08-21 14:45:00,A,A2,8214.0,7000.0,0.1,1.0,0.0,200.0,23.2,VALID,121.4
2026-08-21 14:45:00,A,A3,8193.0,7000.0,0.1,1.0,0.0,200.0,23.3,VALID,119.3
2026-08-21 14:45:00,B,B1,8018.0,7000.0,0.1,1.0,0.0,200.0,23.15,VALID,101.8
2026-08-21 14:45:00,B,B2,8033.0,7000.0,0.1,1.0,0.0,200.0,23.07,VALID,103.3
2026-08-21 14:45:00,B,B3,8017.0,7000.0,0.1,1.0,0.0,200.0,23.16,VALID,101.7
2026-08-21 14:45:00,C,C1,8379.0,7000.0,0.1,1.0,0.0,200.0,22.95,VALID,137.9
2026-08-21 14:45:00,C,C2,8396.0,7000.0,0.1,1.0,0.0,200.0,22.93,VALID,139.6
2026-08-21 14:45:00,C,C3,6000.0,7000.0,0.1,1.0,0.0,200.0,23.33,VALID,-100.0
2026-08-21 14:45:00,D,D1,7938.0,7000.0,0.1,1.0,0.0,200.0,22.93,VALID,93.8
2026-08-21 14:45:00,D,D2,7947.0,7000.0,0.1,1.0,0.0,200.0,22.87,VALID,94.7
2026-08-21 14:45:00,D,D3,7938.0,7000.0,0.1,1.0,0.0,200.0,23.15,VALID,93.8
2026-08-21 15:00:00,A,A1,8207.0,7000.0,0.1,1.0,0.0,200.0,22.81,VALID,120.7
2026-08-21 15:00:00,A,A2,8189.0,7000.0,0.1,1.0,0.0,200.0,23.06,VALID,118.9
2026-08-21 15:00:00,A,A3,8186.0,7000.0,0.1,1.0,0.0,200.0,23.14,VALID,118.6
2026-08-21 15:00:00,B,B1,8012.0,7000.0,0.1,1.0,0.0,200.0,22.75,VALID,101.2
2026-08-21 15:00:00,B,B2,8028.0,7000.0,0.1,1.0,0.0,200.0,23.03,VALID,102.8
2026-08-21 15:00:00,B,B3,8020.0,7000.0,0.1,1.0,0.0,200.0,22.78,VALID,102.0
2026-08-21 15:00:00,C,C1,8350.0,7000.0,0.1,1.0,0.0,200.0,22.62,VALID,135.0
2026-08-21 15:00:00,C,C2,8398.0,7000.0,0.1,1.0,0.0,200.0,22.52,VALID,139.8
2026-08-21 15:00:00,C,C3,8368.0,7000.0,0.1,1.0,0.0,200.0,23.03,VALID,136.8
2026-08-21 15:00:00,D,D1,7945.0,7000.0,0.1,1.0,0.0,200.0,23.0,VALID,94.5
2026-08-21 15:00:00,D,D2,7960.0,7000.0,0.1,1.0,0.0,200.0,23.11,VALID,96.0
2026-08-21 15:00:00,D,D3,7960.0,7000.0,0.1,1.0,0.0,200.0,22.97,VALID,96.0
2026-08-21 15:15:00,A,A1,8189.0,7000.0,0.1,1.0,0.0,200.0,22.89,VALID,118.9
2026-08-21 15:15:00,A,A2,8199.0,7000.0,0.1,1.0,0.0,200.0,22.48,VALID,119.9
2026-08-21 15:15:00,A,A3,8195.0,7000.0,0.1,1.0,0.0,200.0,22.85,VALID,119.5
2026-08-21 15:15:00,B,B1,8023.0,7000.0,0.1,1.0,0.0,200.0,22.56,VALID,102.3
2026-08-21 15:15:00,B,B2,8020.0,7000.0,0.1,1.0,0.0,200.0,22.84,VALID,102.0
2026-08-21 15:15:00,B,B3,8020.0,7000.0,0.1,1.0,0.0,200.0,22.37,VALID,102.0
2026-08-21 15:15:00,C,C1,8354.0,7000.0,0.1,1.0,0.0,200.0,22.37,VALID,135.4
2026-08-21 15:15:00,C,C2,8384.0,7000.0,0.1,1.0,0.0,200.0,23.01,VALID,138.4
2026-08-21 15:15:00,C,C3,8387.0,7000.0,0.1,1.0,0.0,200.0,22.5,VALID,138.7
2026-08-21 15:15:00,D,D1,7938.0,7000.0,0.1,1.0,0.0,200.0,22.75,VALID,93.8
2026-08-21 15:15:00,D,D2,7975.0,7000.0,0.1,1.0,0.0,200.0,22.65,VALID,97.5
2026-08-21 15:15:00,D,D3,7946.0,7000.0,0.1,1.0,0.0,200.0,23.05,VALID,94.6
2026-08-21 15:30:00,A,A1,8176.0,7000.0,0.1,1.0,0.0,200.0,22.76,VALID,117.6
2026-08-21 15:30:00,A,A2,8188.0,7000.0,0.1,1.0,0.0,200.0,22.59,VALID,118.8
2026-08-21 15:30:00,A,A3,8174.0,7000.0,0.1,1.0,0.0,200.0,22.41,VALID,117.4
2026-08-21 15:30:00,B,B1,8019.0,7000.0,0.1,1.0,0.0,200.0,22.61,VALID,101.9
2026-08-21 15:30:00,B,B2,8024.0,7000.0,0.1,1.0,0.0,200.0,22.47,VALID,102.4
2026-08-21 15:30:00,B,B3,8017.0,7000.0,0.1,1.0,0.0,200.0,22.68,VALID,101.7
2026-08-21 15:30:00,C,C1,8358.0,7000.0,0.1,1.0,0.0,200.0,22.09,VALID,135.8
2026-08-21 15:30:00,C,C2,8384.0,7000.0,0.1,1.0,0.0,200.0,22.65,VALID,138.4
2026-08-21 15:30:00,C,C3,8368.0,7000.0,0.1,1.0,0.0,200.0,22.7,VALID,136.8
2026-08-21 15:30:00,D,D1,7942.0,7000.0,0.1,1.0,0.0,200.0,22.56,VALID,94.2
2026-08-21 15:30:00,D,D2,7953.0,7000.0,0.1,1.0,0.0,200.0,22.57,VALID,95.3
2026-08-21 15:30:00,D,D3,7960.0,7000.0,0.1,1.0,0.0,200.0,22.47,VALID,96.0
2026-08-21 15:45:00,A,A1,8178.0,7000.0,0.1,1.0,0.0,200.0,22.54,VALID,117.8
2026-08-21 15:45:00,A,A2,8214.0,7000.0,0.1,1.0,0.0,200.0,22.45,VALID,121.4
2026-08-21 15:45:00,A,A3,8197.0,7000.0,0.1,1.0,0.0,200.0,22.75,VALID,119.7
2026-08-21 15:45:00,B,B1,8010.0,7000.0,0.1,1.0,0.0,200.0,22.46,VALID,101.0
2026-08-21 15:45:00,B,B2,8022.0,7000.0,0.1,1.0,0.0,200.0,22.45,VALID,102.2
2026-08-21 15:45:00,B,B3,8026.0,7000.0,0.1,1.0,0.0,200.0,22.55,VALID,102.6
2026-08-21 15:45:00,C,C1,8350.0,7000.0,0.1,1.0,0.0,200.0,22.28,VALID,135.0
2026-08-21 15:45:00,C,C2,8381.0,7000.0,0.1,1.0,0.0,200.0,22.93,VALID,138.1
2026-08-21 15:45:00,C,C3,8367.0,7000.0,0.1,1.0,0.0,200.0,22.35,VALID,136.7
2026-08-21 15:45:00,D,D1,7951.0,7000.0,0.1,1.0,0.0,200.0,22.56,VALID,95.1
2026-08-21 15:45:00,D,D2,7961.0,7000.0,0.1,1.0,0.0,200.0,22.48,VALID,96.1
2026-08-21 15:45:00,D,D3,7945.0,7000.0,0.1,1.0,0.0,200.0,22.47,VALID,94.5
2026-08-21 16:00:00,A,A1,8165.0,7000.0,0.1,1.0,0.0,200.0,22.38,VALID,116.5
2026-08-21 16:00:00,A,A2,8202.0,7000.0,0.1,1.0,0.0,200.0,22.77,VALID,120.2
2026-08-21 16:00:00,A,A3,8188.0,7000.0,0.1,1.0,0.0,200.0,21.94,VALID,118.8
2026-08-21 16:00:00,B,B1,8008.0,7000.0,0.1,1.0,0.0,200.0,22.95,VALID,100.8
2026-08-21 16:00:00,B,B2,8032.0,7000.0,0.1,1.0,0.0,200.0,22.24,VALID,103.2
2026-08-21 16:00:00,B,B3,8022.0,7000.0,0.1,1.0,0.0,200.0,22.25,VALID,102.2
2026-08-21 16:00:00,C,C1,8335.0,7000.0,0.1,1.0,0.0,200.0,22.33,VALID,133.5
2026-08-21 16:00:00,C,C2,8390.0,7000.0,0.1,1.0,0.0,200.0,22.03,VALID,139.0
2026-08-21 16:00:00,C,C3,8357.0,7000.0,0.1,1.0,0.0,200.0,22.4,VALID,135.7
2026-08-21 16:00:00,D,D1,7933.0,7000.0,0.1,1.0,0.0,200.0,22.48,VALID,93.3
2026-08-21 16:00:00,D,D2,7944.0,7000.0,0.1,1.0,0.0,200.0,22.54,VALID,94.4
2026-08-21 16:00:00,D,D3,7936.0,7000.0,0.1,1.0,0.0,200.0,22.73,VALID,93.6
2026-08-21 16:15:00,A,A1,8161.0,7000.0,0.1,1.0,0.0,200.0,22.09,VALID,116.1
2026-08-21 16:15:00,A,A2,8202.0,7000.0,0.1,1.0,0.0,200.0,22.64,VALID,120.2
2026-08-21 16:15:00,A,A3,8189.0,7000.0,0.1,1.0,0.0,200.0,22.42,VALID,118.9
2026-08-21 16:15:00,B,B1,8008.0,7000.0,0.1,1.0,0.0,200.0,22.1,VALID,100.8
2026-08-21 16:15:00,B,B2,8019.0,7000.0,0.1,1.0,0.0,200.0,22.07,VALID,101.9
2026-08-21 16:15:00,B,B3,8004.0,7000.0,0.1,1.0,0.0,200.0,22.39,VALID,100.4
2026-08-21 16:15:00,C,C1,8336.0,7000.0,0.1,1.0,0.0,200.0,22.37,VALID,133.6
2026-08-21 16:15:00,C,C2,8376.0,7000.0,0.1,1.0,0.0,200.0,22.37,VALID,137.6
2026-08-21 16:15:00,C,C3,8362.0,7000.0,0.1,1.0,0.0,200.0,22.59,VALID,136.2
2026-08-21 16:15:00,D,D1,7939.0,7000.0,0.1,1.0,0.0,200.0,22.56,VALID,93.9
2026-08-21 16:15:00,D,D2,7947.0,7000.0,0.1,1.0,0.0,200.0,22.32,VALID,94.7
2026-08-21 16:15:00,D,D3,7937.0,7000.0,0.1,1.0,0.0,200.0,22.23,VALID,93.7
2026-08-21 16:30:00,A,A1,8173.0,7000.0,0.1,1.0,0.0,200.0,22.08,VALID,117.3
2026-08-21 16:30:00,A,A2,8186.0,7000.0,0.1,1.0,0.0,200.0,21.95,VALID,118.6
2026-08-21 16:30:00,A,A3,8164.0,7000.0,0.1,1.0,0.0,200.0,22.02,VALID,116.4
2026-08-21 16:30:00,B,B1,8013.0,7000.0,0.1,1.0,0.0,200.0,21.91,VALID,101.3
2026-08-21 16:30:00,B,B2,8010.0,7000.0,0.1,1.0,0.0,200.0,22.59,VALID,101.0
2026-08-21 16:30:00,B,B3,8009.0,7000.0,0.1,1.0,0.0,200.0,22.29,VALID,100.9
2026-08-21 16:30:00,C,C1,8351.0,7000.0,0.1,1.0,0.0,200.0,22.36,VALID,135.1
2026-08-21 16:30:00,C,C2,8373.0,7000.0,0.1,1.0,0.0,200.0,22.18,VALID,137.3
2026-08-21 16:30:00,C,C3,8351.0,7000.0,0.1,1.0,0.0,200.0,22.72,VALID,135.1
2026-08-21 16:30:00,D,D1,7921.0,7000.0,0.1,1.0,0.0,200.0,22.02,VALID,92.1
2026-08-21 16:30:00,D,D2,7944.0,7000.0,0.1,1.0,0.0,200.0,21.93,VALID,94.4
2026-08-21 16:30:00,D,D3,7957.0,7000.0,0.1,1.0,0.0,200.0,22.71,VALID,95.7
2026-08-21 16:45:00,A,A1,8170.0,7000.0,0.1,1.0,0.0,200.0,21.9,VALID,117.0
2026-08-21 16:45:00,A,A2,8176.0,7000.0,0.1,1.0,0.0,200.0,22.11,VALID,117.6
2026-08-21 16:45:00,A,A3,8181.0,7000.0,0.1,1.0,0.0,200.0,22.03,VALID,118.1
2026-08-21 16:45:00,B,B1,8008.0,7000.0,0.1,1.0,0.0,200.0,22.24,VALID,100.8
2026-08-21 16:45:00,B,B2,8024.0,7000.0,0.1,1.0,0.0,200.0,22.1,VALID,102.4
2026-08-21 16:45:00,B,B3,8004.0,7000.0,0.1,1.0,0.0,200.0,22.29,VALID,100.4
2026-08-21 16:45:00,C,C1,8344.0,7000.0,0.1,1.0,0.0,200.0,22.34,VALID,134.4
2026-08-21 16:45:00,C,C2,8393.0,7000.0,0.1,1.0,0.0,200.0,21.87,VALID,139.3
2026-08-21 16:45:00,C,C3,8351.0,7000.0,0.1,1.0,0.0,200.0,22.01,VALID,135.1
2026-08-21 16:45:00,D,D1,7925.0,7000.0,0.1,1.0,0.0,200.0,22.31,VALID,92.5
2026-08-21 16:45:00,D,D2,7955.0,7000.0,0.1,1.0,0.0,200.0,22.38,VALID,95.5
2026-08-21 16:45:00,D,D3,7948.0,7000.0,0.1,1.0,0.0,200.0,22.2,VALID,94.8
2026-08-21 17:00:00,A,A1,8184.0,7000.0,0.1,1.0,0.0,200.0,22.2,VALID,118.4
2026-08-21 17:00:00,A,A2,8196.0,7000.0,0.1,1.0,0.0,200.0,22.4,VALID,119.6
2026-08-21 17:00:00,A,A3,8185.0,7000.0,0.1,1.0,0.0,200.0,22.04,VALID,118.5
2026-08-21 17:00:00,B,B1,7998.0,7000.0,0.1,1.0,0.0,200.0,22.24,VALID,99.8
2026-08-21 17:00:00,B,B2,8032.0,7000.0,0.1,1.0,0.0,200.0,22.09,VALID,103.2
2026-08-21 17:00:00,B,B3,8025.0,7000.0,0.1,1.0,0.0,200.0,21.71,VALID,102.5
2026-08-21 17:00:00,C,C1,8343.0,7000.0,0.1,1.0,0.0,200.0,22.09,VALID,134.3
2026-08-21 17:00:00,C,C2,8379.0,7000.0,0.1,1.0,0.0,200.0,22.58,VALID,137.9
2026-08-21 17:00:00,C,C3,8363.0,7000.0,0.1,1.0,0.0,200.0,22.02,VALID,136.3
2026-08-21 17:00:00,D,D1,7934.0,7000.0,0.1,1.0,0.0,200.0,21.7,VALID,93.4
2026-08-21 17:00:00,D,D2,7945.0,7000.0,0.1,1.0,0.0,200.0,22.3,VALID,94.5
2026-08-21 17:00:00,D,D3,7938.0,7000.0,0.1,1.0,0.0,200.0,21.94,VALID,93.8
2026-08-21 17:15:00,A,A1,8185.0,7000.0,0.1,1.0,0.0,200.0,22.33,VALID,118.5
2026-08-21 17:15:00,A,A2,8200.0,7000.0,0.1,1.0,0.0,200.0,21.97,VALID,120.0
2026-08-21 17:15:00,A,A3,8181.0,7000.0,0.1,1.0,0.0,200.0,21.9,VALID,118.1
2026-08-21 17:15:00,B,B1,7996.0,7000.0,0.1,1.0,0.0,200.0,21.85,VALID,99.6
2026-08-21 17:15:00,B,B2,8014.0,7000.0,0.1,1.0,0.0,200.0,21.85,VALID,101.4
2026-08-21 17:15:00,B,B3,7999.0,7000.0,0.1,1.0,0.0,200.0,22.1,VALID,99.9
2026-08-21 17:15:00,C,C1,8345.0,7000.0,0.1,1.0,0.0,200.0,22.4,VALID,134.5
2026-08-21 17:15:00,C,C2,8379.0,7000.0,0.1,1.0,0.0,200.0,22.12,VALID,137.9
2026-08-21 17:15:00,C,C3,8366.0,7000.0,0.1,1.0,0.0,200.0,22.01,VALID,136.6
2026-08-21 17:15:00,D,D1,7940.0,7000.0,0.1,1.0,0.0,200.0,22.21,VALID,94.0
2026-08-21 17:15:00,D,D2,,7000.0,0.1,1.0,0.0,200.0,22.01,INVALID,
2026-08-21 17:15:00,D,D3,7940.0,7000.0,0.1,1.0,0.0,200.0,21.78,VALID,94.0
2026-08-21 17:30:00,A,A1,8165.0,7000.0,0.1,1.0,0.0,200.0,21.9,VALID,116.5
2026-08-21 17:30:00,A,A2,8185.0,7000.0,0.1,1.0,0.0,200.0,22.11,VALID,118.5
2026-08-21 17:30:00,A,A3,8193.0,7000.0,0.1,1.0,0.0,200.0,21.84,VALID,119.3
2026-08-21 17:30:00,B,B1,8007.0,7000.0,0.1,1.0,0.0,200.0,21.82,VALID,100.7
2026-08-21 17:30:00,B,B2,8017.0,7000.0,0.1,1.0,0.0,200.0,21.89,VALID,101.7
2026-08-21 17:30:00,B,B3,8018.0,7000.0,0.1,1.0,0.0,200.0,21.89,VALID,101.8
2026-08-21 17:30:00,C,C1,8352.0,7000.0,0.1,1.0,0.0,200.0,21.98,VALID,135.2
2026-08-21 17:30:00,C,C2,8379.0,7000.0,0.1,1.0,0.0,200.0,21.78,VALID,137.9
2026-08-21 17:30:00,C,C3,8365.0,7000.0,0.1,1.0,0.0,200.0,22.2,VALID,136.5
2026-08-21 17:30:00,D,D1,7935.0,7000.0,0.1,1.0,0.0,200.0,22.47,VALID,93.5
2026-08-21 17:30:00,D,D2,,7000.0,0.1,1.0,0.0,200.0,21.96,INVALID,
2026-08-21 17:30:00,D,D3,7940.0,7000.0,0.1,1.0,0.0,200.0,22.12,VALID,94.0
2026-08-21 17:45:00,A,A1,8165.0,7000.0,0.1,1.0,0.0,200.0,22.24,VALID,116.5
2026-08-21 17:45:00,A,A2,8198.0,7000.0,0.1,1.0,0.0,200.0,22.06,VALID,119.8
2026-08-21 17:45:00,A,A3,8188.0,7000.0,0.1,1.0,0.0,200.0,22.35,VALID,118.8
2026-08-21 17:45:00,B,B1,8006.0,7000.0,0.1,1.0,0.0,200.0,21.98,VALID,100.6
2026-08-21 17:45:00,B,B2,8033.0,7000.0,0.1,1.0,0.0,200.0,22.2,VALID,103.3
2026-08-21 17:45:00,B,B3,8009.0,7000.0,0.1,1.0,0.0,200.0,22.01,VALID,100.9
2026-08-21 17:45:00,C,C1,8344.0,7000.0,0.1,1.0,0.0,200.0,22.08,VALID,134.4
2026-08-21 17:45:00,C,C2,8372.0,7000.0,0.1,1.0,0.0,200.0,21.7,VALID,137.2
2026-08-21 17:45:00,C,C3,8354.0,7000.0,0.1,1.0,0.0,200.0,21.81,VALID,135.4
2026-08-21 17:45:00,D,D1,7927.0,7000.0,0.1,1.0,0.0,200.0,22.13,VALID,92.7
2026-08-21 17:45:00,D,D2,,7000.0,0.1,1.0,0.0,200.0,22.05,INVALID,
2026-08-21 17:45:00,D,D3,7931.0,7000.0,0.1,1.0,0.0,200.0,21.91,VALID,93.1
2026-08-21 18:00:00,A,A1,8177.0,7000.0,0.1,1.0,0.0,200.0,22.12,VALID,117.7
2026-08-21 18:00:00,A,A2,8188.0,7000.0,0.1,1.0,0.0,200.0,22.03,VALID,118.8
2026-08-21 18:00:00,A,A3,8202.0,7000.0,0.1,1.0,0.0,200.0,22.0,VALID,120.2
2026-08-21 18:00:00,B,B1,7998.0,7000.0,0.1,1.0,0.0,200.0,21.97,VALID,99.8
2026-08-21 18:00:00,B,B2,8020.0,7000.0,0.1,1.0,0.0,200.0,21.97,VALID,102.0
2026-08-21 18:00:00,B,B3,8012.0,7000.0,0.1,1.0,0.0,200.0,21.71,VALID,101.2
2026-08-21 18:00:00,C,C1,8333.0,7000.0,0.1,1.0,0.0,200.0,21.97,VALID,133.3
2026-08-21 18:00:00,C,C2,8383.0,7000.0,0.1,1.0,0.0,200.0,21.89,VALID,138.3
2026-08-21 18:00:00,C,C3,8361.0,7000.0,0.1,1.0,0.0,200.0,22.01,VALID,136.1
2026-08-21 18:00:00,D,D1,7940.0,7000.0,0.1,1.0,0.0,200.0,21.98,VALID,94.0
2026-08-21 18:00:00,D,D2,,7000.0,0.1,1.0,0.0,200.0,21.89,INVALID,
2026-08-21 18:00:00,D,D3,7947.0,7000.0,0.1,1.0,0.0,200.0,22.08,VALID,94.7
2026-08-21 18:15:00,A,A1,8180.0,7000.0,0.1,1.0,0.0,200.0,22.15,VALID,118.0
2026-08-21 18:15:00,A,A2,8199.0,7000.0,0.1,1.0,0.0,200.0,21.99,VALID,119.9
2026-08-21 18:15:00,A,A3,8184.0,7000.0,0.1,1.0,0.0,200.0,22.22,VALID,118.4
2026-08-21 18:15:00,B,B1,7998.0,7000.0,0.1,1.0,0.0,200.0,21.88,VALID,99.8
2026-08-21 18:15:00,B,B2,8021.0,7000.0,0.1,1.0,0.0,200.0,22.09,VALID,102.1
2026-08-21 18:15:00,B,B3,8005.0,7000.0,0.1,1.0,0.0,200.0,21.99,VALID,100.5
2026-08-21 18:15:00,C,C1,8341.0,7000.0,0.1,1.0,0.0,200.0,21.56,VALID,134.1
2026-08-21 18:15:00,C,C2,8382.0,7000.0,0.1,1.0,0.0,200.0,21.97,VALID,138.2
2026-08-21 18:15:00,C,C3,8361.0,7000.0,0.1,1.0,0.0,200.0,22.29,VALID,136.1
2026-08-21 18:15:00,D,D1,7921.0,7000.0,0.1,1.0,0.0,200.0,21.84,VALID,92.1
2026-08-21 18:15:00,D,D2,,7000.0,0.1,1.0,0.0,200.0,21.91,INVALID,
2026-08-21 18:15:00,D,D3,7939.0,7000.0,0.1,1.0,0.0,200.0,21.9,VALID,93.9
2026-08-21 18:30:00,A,A1,8182.0,7000.0,0.1,1.0,0.0,200.0,22.2,VALID,118.2
2026-08-21 18:30:00,A,A2,8195.0,7000.0,0.1,1.0,0.0,200.0,21.95,VALID,119.5
2026-08-21 18:30:00,A,A3,8191.0,7000.0,0.1,1.0,0.0,200.0,22.02,VALID,119.1
2026-08-21 18:30:00,B,B1,7997.0,7000.0,0.1,1.0,0.0,200.0,21.68,VALID,99.7
2026-08-21 18:30:00,B,B2,8015.0,7000.0,0.1,1.0,0.0,200.0,22.18,VALID,101.5
2026-08-21 18:30:00,B,B3,8033.0,7000.0,0.1,1.0,0.0,200.0,22.04,VALID,103.3
2026-08-21 18:30:00,C,C1,8335.0,7000.0,0.1,1.0,0.0,200.0,21.79,VALID,133.5
2026-08-21 18:30:00,C,C2,8389.0,7000.0,0.1,1.0,0.0,200.0,21.67,VALID,138.9
2026-08-21 18:30:00,C,C3,8367.0,7000.0,0.1,1.0,0.0,200.0,22.19,VALID,136.7
2026-08-21 18:30:00,D,D1,7936.0,7000.0,0.1,1.0,0.0,200.0,21.98,VALID,93.6
2026-08-21 18:30:00,D,D2,,7000.0,0.1,1.0,0.0,200.0,22.06,INVALID,
2026-08-21 18:30:00,D,D3,7935.0,7000.0,0.1,1.0,0.0,200.0,22.4,VALID,93.5
2026-08-21 18:45:00,A,A1,8169.0,7000.0,0.1,1.0,0.0,200.0,22.21,VALID,116.9
2026-08-21 18:45:00,A,A2,8173.0,7000.0,0.1,1.0,0.0,200.0,22.31,VALID,117.3
2026-08-21 18:45:00,A,A3,8196.0,7000.0,0.1,1.0,0.0,200.0,22.06,VALID,119.6
2026-08-21 18:45:00,B,B1,8009.0,7000.0,0.1,1.0,0.0,200.0,22.17,VALID,100.9
2026-08-21 18:45:00,B,B2,8014.0,7000.0,0.1,1.0,0.0,200.0,22.17,VALID,101.4
2026-08-21 18:45:00,B,B3,8005.0,7000.0,0.1,1.0,0.0,200.0,21.94,VALID,100.5
2026-08-21 18:45:00,C,C1,8352.0,7000.0,0.1,1.0,0.0,200.0,22.25,VALID,135.2
2026-08-21 18:45:00,C,C2,8378.0,7000.0,0.1,1.0,0.0,200.0,21.91,VALID,137.8
2026-08-21 18:45:00,C,C3,8357.0,7000.0,0.1,1.0,0.0,200.0,22.2,VALID,135.7
2026-08-21 18:45:00,D,D1,7923.0,7000.0,0.1,1.0,0.0,200.0,22.13,VALID,92.3
2026-08-21 18:45:00,D,D2,,7000.0,0.1,1.0,0.0,200.0,22.04,INVALID,
2026-08-21 18:45:00,D,D3,7951.0,7000.0,0.1,1.0,0.0,200.0,22.0,VALID,95.1
2026-08-21 19:00:00,A,A1,8171.0,7000.0,0.1,1.0,0.0,200.0,21.91,VALID,117.1
2026-08-21 19:00:00,A,A2,8204.0,7000.0,0.1,1.0,0.0,200.0,21.95,VALID,120.4
2026-08-21 19:00:00,A,A3,8186.0,7000.0,0.1,1.0,0.0,200.0,22.09,VALID,118.6
2026-08-21 19:00:00,B,B1,7995.0,7000.0,0.1,1.0,0.0,200.0,21.98,VALID,99.5
2026-08-21 19:00:00,B,B2,8032.0,7000.0,0.1,1.0,0.0,200.0,22.14,VALID,103.2
2026-08-21 19:00:00,B,B3,8004.0,7000.0,0.1,1.0,0.0,200.0,22.16,VALID,100.4
2026-08-21 19:00:00,C,C1,8341.0,7000.0,0.1,1.0,0.0,200.0,22.79,VALID,134.1
2026-08-21 19:00:00,C,C2,8387.0,7000.0,0.1,1.0,0.0,200.0,22.03,VALID,138.7
2026-08-21 19:00:00,C,C3,8375.0,7000.0,0.1,1.0,0.0,200.0,21.73,VALID,137.5
2026-08-21 19:00:00,D,D1,7934.0,7000.0,0.1,1.0,0.0,200.0,22.5,VALID,93.4
2026-08-21 19:00:00,D,D2,,7000.0,0.1,1.0,0.0,200.0,21.76,INVALID,
2026-08-21 19:00:00,D,D3,7939.0,7000.0,0.1,1.0,0.0,200.0,22.39,VALID,93.9
2026-08-21 19:15:00,A,A1,8177.0,7000.0,0.1,1.0,0.0,200.0,21.99,VALID,117.7
2026-08-21 19:15:00,A,A2,8189.0,7000.0,0.1,1.0,0.0,200.0,22.05,VALID,118.9
2026-08-21 19:15:00,A,A3,8186.0,7000.0,0.1,1.0,0.0,200.0,22.43,VALID,118.6
2026-08-21 19:15:00,B,B1,8015.0,7000.0,0.1,1.0,0.0,200.0,22.25,VALID,101.5
2026-08-21 19:15:00,B,B2,8008.0,7000.0,0.1,1.0,0.0,200.0,21.89,VALID,100.8
2026-08-21 19:15:00,B,B3,8018.0,7000.0,0.1,1.0,0.0,200.0,21.89,VALID,101.8
2026-08-21 19:15:00,C,C1,8341.0,7000.0,0.1,1.0,0.0,200.0,22.22,VALID,134.1
2026-08-21 19:15:00,C,C2,8375.0,7000.0,0.1,1.0,0.0,200.0,21.95,VALID,137.5
2026-08-21 19:15:00,C,C3,8362.0,7000.0,0.1,1.0,0.0,200.0,22.26,VALID,136.2
2026-08-21 19:15:00,D,D1,7943.0,7000.0,0.1,1.0,0.0,200.0,22.28,VALID,94.3
2026-08-21 19:15:00,D,D2,,7000.0,0.1,1.0,0.0,200.0,22.01,INVALID,
2026-08-21 19:15:00,D,D3,7933.0,7000.0,0.1,1.0,0.0,200.0,22.06,VALID,93.3
2026-08-21 19:30:00,A,A1,8177.0,7000.0,0.1,1.0,0.0,200.0,22.3,VALID,117.7
2026-08-21 19:30:00,A,A2,8177.0,7000.0,0.1,1.0,0.0,200.0,22.07,VALID,117.7
2026-08-21 19:30:00,A,A3,8195.0,7000.0,0.1,1.0,0.0,200.0,22.24,VALID,119.5
2026-08-21 19:30:00,B,B1,7993.0,7000.0,0.1,1.0,0.0,200.0,22.7,VALID,99.3
2026-08-21 19:30:00,B,B2,8020.0,7000.0,0.1,1.0,0.0,200.0,22.31,VALID,102.0
2026-08-21 19:30:00,B,B3,8017.0,7000.0,0.1,1.0,0.0,200.0,22.15,VALID,101.7
2026-08-21 19:30:00,C,C1,8337.0,7000.0,0.1,1.0,0.0,200.0,22.65,VALID,133.7
2026-08-21 19:30:00,C,C2,8395.0,7000.0,0.1,1.0,0.0,200.0,22.39,VALID,139.5
2026-08-21 19:30:00,C,C3,8369.0,7000.0,0.1,1.0,0.0,200.0,22.03,VALID,136.9
2026-08-21 19:30:00,D,D1,7945.0,7000.0,0.1,1.0,0.0,200.0,22.06,VALID,94.5
2026-08-21 19:30:00,D,D2,,7000.0,0.1,1.0,0.0,200.0,21.9,INVALID,
2026-08-21 19:30:00,D,D3,7925.0,7000.0,0.1,1.0,0.0,200.0,22.29,VALID,92.5
2026-08-21 19:45:00,A,A1,8167.0,7000.0,0.1,1.0,0.0,200.0,21.91,VALID,116.7
2026-08-21 19:45:00,A,A2,8201.0,7000.0,0.1,1.0,0.0,200.0,22.73,VALID,120.1
2026-08-21 19:45:00,A,A3,8197.0,7000.0,0.1,1.0,0.0,200.0,22.26,VALID,119.7
2026-08-21 19:45:00,B,B1,8006.0,7000.0,0.1,1.0,0.0,200.0,22.49,VALID,100.6
2026-08-21 19:45:00,B,B2,8031.0,7000.0,0.1,1.0,0.0,200.0,22.24,VALID,103.1
2026-08-21 19:45:00,B,B3,8015.0,7000.0,0.1,1.0,0.0,200.0,22.37,VALID,101.5
2026-08-21 19:45:00,C,C1,8349.0,7000.0,0.1,1.0,0.0,200.0,22.28,VALID,134.9
2026-08-21 19:45:00,C,C2,8385.0,7000.0,0.1,1.0,0.0,200.0,22.59,VALID,138.5
2026-08-21 19:45:00,C,C3,8375.0,7000.0,0.1,1.0,0.0,200.0,22.4,VALID,137.5
2026-08-21 19:45:00,D,D1,7950.0,7000.0,0.1,1.0,0.0,200.0,22.23,VALID,95.0
2026-08-21 19:45:00,D,D2,,7000.0,0.1,1.0,0.0,200.0,22.42,INVALID,
2026-08-21 19:45:00,D,D3,7974.0,7000.0,0.1,1.0,0.0,200.0,22.07,VALID,97.4
2026-08-21 20:00:00,A,A1,8169.0,7000.0,0.1,1.0,0.0,200.0,22.49,VALID,116.9
2026-08-21 20:00:00,A,A2,8201.0,7000.0,0.1,1.0,0.0,200.0,22.79,VALID,120.1
2026-08-21 20:00:00,A,A3,8179.0,7000.0,0.1,1.0,0.0,200.0,22.58,VALID,117.9
2026-08-21 20:00:00,B,B1,8018.0,7000.0,0.1,1.0,0.0,200.0,22.54,VALID,101.8
2026-08-21 20:00:00,B,B2,8014.0,7000.0,0.1,1.0,0.0,200.0,22.68,VALID,101.4
2026-08-21 20:00:00,B,B3,8026.0,7000.0,0.1,1.0,0.0,200.0,22.52,VALID,102.6
2026-08-21 20:00:00,C,C1,8347.0,7000.0,0.1,1.0,0.0,200.0,22.45,VALID,134.7
2026-08-21 20:00:00,C,C2,8386.0,7000.0,0.1,1.0,0.0,200.0,22.53,VALID,138.6
2026-08-21 20:00:00,C,C3,8365.0,7000.0,0.1,1.0,0.0,200.0,22.23,VALID,136.5
2026-08-21 20:00:00,D,D1,7926.0,7000.0,0.1,1.0,0.0,200.0,22.25,VALID,92.6
2026-08-21 20:00:00,D,D2,7955.0,7000.0,0.1,1.0,0.0,200.0,22.4,VALID,95.5
2026-08-21 20:00:00,D,D3,7947.0,7000.0,0.1,1.0,0.0,200.0,22.5,VALID,94.7
2026-08-21 20:15:00,A,A1,8170.0,7000.0,0.1,1.0,0.0,200.0,22.8,VALID,117.0
2026-08-21 20:15:00,A,A2,8196.0,7000.0,0.1,1.0,0.0,200.0,22.42,VALID,119.6
2026-08-21 20:15:00,A,A3,8190.0,7000.0,0.1,1.0,0.0,200.0,22.14,VALID,119.0
2026-08-21 20:15:00,B,B1,8001.0,7000.0,0.1,1.0,0.0,200.0,22.7,VALID,100.1
2026-08-21 20:15:00,B,B2,8007.0,7000.0,0.1,1.0,0.0,200.0,22.73,VALID,100.7
2026-08-21 20:15:00,B,B3,8030.0,7000.0,0.1,1.0,0.0,200.0,22.43,VALID,103.0
2026-08-21 20:15:00,C,C1,8349.0,7000.0,0.1,1.0,0.0,200.0,22.73,VALID,134.9
2026-08-21 20:15:00,C,C2,8384.0,7000.0,0.1,1.0,0.0,200.0,22.68,VALID,138.4
2026-08-21 20:15:00,C,C3,8360.0,7000.0,0.1,1.0,0.0,200.0,22.41,VALID,136.0
2026-08-21 20:15:00,D,D1,7929.0,7000.0,0.1,1.0,0.0,200.0,22.57,VALID,92.9
2026-08-21 20:15:00,D,D2,7964.0,7000.0,0.1,1.0,0.0,200.0,22.47,VALID,96.4
2026-08-21 20:15:00,D,D3,7935.0,7000.0,0.1,1.0,0.0,200.0,22.29,VALID,93.5
2026-08-21 20:30:00,A,A1,8181.0,7000.0,0.1,1.0,0.0,200.0,22.99,VALID,118.1
2026-08-21 20:30:00,A,A2,8203.0,7000.0,0.1,1.0,0.0,200.0,22.54,VALID,120.3
2026-08-21 20:30:00,A,A3,8194.0,7000.0,0.1,1.0,0.0,200.0,22.57,VALID,119.4
2026-08-21 20:30:00,B,B1,8006.0,7000.0,0.1,1.0,0.0,200.0,22.43,VALID,100.6
2026-08-21 20:30:00,B,B2,8037.0,7000.0,0.1,1.0,0.0,200.0,22.11,VALID,103.7
2026-08-21 20:30:00,B,B3,8024.0,7000.0,0.1,1.0,0.0,200.0,22.53,VALID,102.4
2026-08-21 20:30:00,C,C1,8343.0,7000.0,0.1,1.0,0.0,200.0,22.96,VALID,134.3
2026-08-21 20:30:00,C,C2,8383.0,7000.0,0.1,1.0,0.0,200.0,22.48,VALID,138.3
2026-08-21 20:30:00,C,C3,8366.0,7000.0,0.1,1.0,0.0,200.0,22.7,VALID,136.6
2026-08-21 20:30:00,D,D1,7933.0,7000.0,0.1,1.0,0.0,200.0,22.31,VALID,93.3
2026-08-21 20:30:00,D,D2,7947.0,7000.0,0.1,1.0,0.0,200.0,22.88,VALID,94.7
2026-08-21 20:30:00,D,D3,7948.0,7000.0,0.1,1.0,0.0,200.0,22.71,VALID,94.8
2026-08-21 20:45:00,A,A1,8176.0,7000.0,0.1,1.0,0.0,200.0,22.61,VALID,117.6
2026-08-21 20:45:00,A,A2,8215.0,7000.0,0.1,1.0,0.0,200.0,22.71,VALID,121.5
2026-08-21 20:45:00,A,A3,8184.0,7000.0,0.1,1.0,0.0,200.0,22.96,VALID,118.4
2026-08-21 20:45:00,B,B1,8004.0,7000.0,0.1,1.0,0.0,200.0,22.63,VALID,100.4
2026-08-21 20:45:00,B,B2,8025.0,7000.0,0.1,1.0,0.0,200.0,22.74,VALID,102.5
2026-08-21 20:45:00,B,B3,8021.0,7000.0,0.1,1.0,0.0,200.0,23.16,VALID,102.1
2026-08-21 20:45:00,C,C1,8351.0,7000.0,0.1,1.0,0.0,200.0,22.27,VALID,135.1
2026-08-21 20:45:00,C,C2,8393.0,7000.0,0.1,1.0,0.0,200.0,22.75,VALID,139.3
2026-08-21 20:45:00,C,C3,8369.0,7000.0,0.1,1.0,0.0,200.0,22.79,VALID,136.9
2026-08-21 20:45:00,D,D1,7938.0,7000.0,0.1,1.0,0.0,200.0,22.73,VALID,93.8
2026-08-21 20:45:00,D,D2,7962.0,7000.0,0.1,1.0,0.0,200.0,22.64,VALID,96.2
2026-08-21 20:45:00,D,D3,7940.0,7000.0,0.1,1.0,0.0,200.0,23.35,VALID,94.0
2026-08-21 21:00:00,A,A1,8173.0,7000.0,0.1,1.0,0.0,200.0,22.9,VALID,117.3
2026-08-21 21:00:00,A,A2,8188.0,7000.0,0.1,1.0,0.0,200.0,22.9,VALID,118.8
2026-08-21 21:00:00,A,A3,8181.0,7000.0,0.1,1.0,0.0,200.0,22.79,VALID,118.1
2026-08-21 21:00:00,B,B1,8021.0,7000.0,0.1,1.0,0.0,200.0,22.97,VALID,102.1
2026-08-21 21:00:00,B,B2,8032.0,7000.0,0.1,1.0,0.0,200.0,22.52,VALID,103.2
2026-08-21 21:00:00,B,B3,8036.0,7000.0,0.1,1.0,0.0,200.0,22.64,VALID,103.6
2026-08-21 21:00:00,C,C1,8363.0,7000.0,0.1,1.0,0.0,200.0,23.08,VALID,136.3
2026-08-21 21:00:00,C,C2,8397.0,7000.0,0.1,1.0,0.0,200.0,22.71,VALID,139.7
2026-08-21 21:00:00,C,C3,8371.0,7000.0,0.1,1.0,0.0,200.0,22.78,VALID,137.1
2026-08-21 21:00:00,D,D1,7940.0,7000.0,0.1,1.0,0.0,200.0,22.83,VALID,94.0
2026-08-21 21:00:00,D,D2,7939.0,7000.0,0.1,1.0,0.0,200.0,23.1,VALID,93.9
2026-08-21 21:00:00,D,D3,7949.0,7000.0,0.1,1.0,0.0,200.0,22.78,VALID,94.9
2026-08-21 21:15:00,A,A1,8176.0,7000.0,0.1,1.0,0.0,200.0,23.09,VALID,117.6
2026-08-21 21:15:00,A,A2,8195.0,7000.0,0.1,1.0,0.0,200.0,22.57,VALID,119.5
2026-08-21 21:15:00,A,A3,8194.0,7000.0,0.1,1.0,0.0,200.0,23.13,VALID,119.4
2026-08-21 21:15:00,B,B1,8011.0,7000.0,0.1,1.0,0.0,200.0,22.79,VALID,101.1
2026-08-21 21:15:00,B,B2,8028.0,7000.0,0.1,1.0,0.0,200.0,22.73,VALID,102.8
2026-08-21 21:15:00,B,B3,8011.0,7000.0,0.1,1.0,0.0,200.0,22.87,VALID,101.1
2026-08-21 21:15:00,C,C1,8358.0,7000.0,0.1,1.0,0.0,200.0,22.95,VALID,135.8
2026-08-21 21:15:00,C,C2,8389.0,7000.0,0.1,1.0,0.0,200.0,23.41,VALID,138.9
2026-08-21 21:15:00,C,C3,8374.0,7000.0,0.1,1.0,0.0,200.0,23.09,VALID,137.4
2026-08-21 21:15:00,D,D1,7937.0,7000.0,0.1,1.0,0.0,200.0,22.9,VALID,93.7
2026-08-21 21:15:00,D,D2,7939.0,7000.0,0.1,1.0,0.0,200.0,23.22,VALID,93.9
2026-08-21 21:15:00,D,D3,7955.0,7000.0,0.1,1.0,0.0,200.0,22.99,VALID,95.5
2026-08-21 21:30:00,A,A1,8181.0,7000.0,0.1,1.0,0.0,200.0,23.32,VALID,118.1
2026-08-21 21:30:00,A,A2,8190.0,7000.0,0.1,1.0,0.0,200.0,23.06,VALID,119.0
2026-08-21 21:30:00,A,A3,8182.0,7000.0,0.1,1.0,0.0,200.0,23.53,VALID,118.2
2026-08-21 21:30:00,B,B1,8022.0,7000.0,0.1,1.0,0.0,200.0,22.73,VALID,102.2
2026-08-21 21:30:00,B,B2,8015.0,7000.0,0.1,1.0,0.0,200.0,23.15,VALID,101.5
2026-08-21 21:30:00,B,B3,8018.0,7000.0,0.1,1.0,0.0,200.0,22.91,VALID,101.8
2026-08-21 21:30:00,C,C1,8370.0,7000.0,0.1,1.0,0.0,200.0,23.24,VALID,137.0
2026-08-21 21:30:00,C,C2,8398.0,7000.0,0.1,1.0,0.0,200.0,23.04,VALID,139.8
2026-08-21 21:30:00,C,C3,8379.0,7000.0,0.1,1.0,0.0,200.0,23.1,VALID,137.9
2026-08-21 21:30:00,D,D1,7940.0,7000.0,0.1,1.0,0.0,200.0,23.3,VALID,94.0
2026-08-21 21:30:00,D,D2,7945.0,7000.0,0.1,1.0,0.0,200.0,23.49,VALID,94.5
2026-08-21 21:30:00,D,D3,7954.0,7000.0,0.1,1.0,0.0,200.0,23.43,VALID,95.4
2026-08-21 21:45:00,A,A1,8174.0,7000.0,0.1,1.0,0.0,200.0,23.15,VALID,117.4
2026-08-21 21:45:00,A,A2,8195.0,7000.0,0.1,1.0,0.0,200.0,23.38,VALID,119.5
2026-08-21 21:45:00,A,A3,8194.0,7000.0,0.1,1.0,0.0,200.0,23.24,VALID,119.4
2026-08-21 21:45:00,B,B1,8006.0,7000.0,0.1,1.0,0.0,200.0,23.08,VALID,100.6
2026-08-21 21:45:00,B,B2,8030.0,7000.0,0.1,1.0,0.0,200.0,23.24,VALID,103.0
2026-08-21 21:45:00,B,B3,8017.0,7000.0,0.1,1.0,0.0,200.0,23.64,VALID,101.7
2026-08-21 21:45:00,C,C1,8353.0,7000.0,0.1,1.0,0.0,200.0,23.59,VALID,135.3
2026-08-21 21:45:00,C,C2,8391.0,7000.0,0.1,1.0,0.0,200.0,23.38,VALID,139.1
2026-08-21 21:45:00,C,C3,8373.0,7000.0,0.1,1.0,0.0,200.0,22.99,VALID,137.3
2026-08-21 21:45:00,D,D1,7956.0,7000.0,0.1,1.0,0.0,200.0,23.31,VALID,95.6
2026-08-21 21:45:00,D,D2,7968.0,7000.0,0.1,1.0,0.0,200.0,23.18,VALID,96.8
2026-08-21 21:45:00,D,D3,7952.0,7000.0,0.1,1.0,0.0,200.0,23.16,VALID,95.2
2026-08-21 22:00:00,A,A1,8196.0,7000.0,0.1,1.0,0.0,200.0,23.56,VALID,119.6
2026-08-21 22:00:00,A,A2,8210.0,7000.0,0.1,1.0,0.0,200.0,23.77,VALID,121.0
2026-08-21 22:00:00,A,A3,8205.0,7000.0,0.1,1.0,0.0,200.0,23.65,VALID,120.5
2026-08-21 22:00:00,B,B1,8004.0,7000.0,0.1,1.0,0.0,200.0,23.36,VALID,100.4
2026-08-21 22:00:00,B,B2,8023.0,7000.0,0.1,1.0,0.0,200.0,23.65,VALID,102.3
2026-08-21 22:00:00,B,B3,8027.0,7000.0,0.1,1.0,0.0,200.0,23.22,VALID,102.7
2026-08-21 22:00:00,C,C1,8353.0,7000.0,0.1,1.0,0.0,200.0,23.2,VALID,135.3
2026-08-21 22:00:00,C,C2,8397.0,7000.0,0.1,1.0,0.0,200.0,23.17,VALID,139.7
2026-08-21 22:00:00,C,C3,8380.0,7000.0,0.1,1.0,0.0,200.0,23.58,VALID,138.0
2026-08-21 22:00:00,D,D1,7962.0,7000.0,0.1,1.0,0.0,200.0,23.67,VALID,96.2
2026-08-21 22:00:00,D,D2,7959.0,7000.0,0.1,1.0,0.0,200.0,23.66,VALID,95.9
2026-08-21 22:00:00,D,D3,7942.0,7000.0,0.1,1.0,0.0,200.0,23.31,VALID,94.2
2026-08-21 22:15:00,A,A1,8190.0,7000.0,0.1,1.0,0.0,200.0,23.24,VALID,119.0
2026-08-21 22:15:00,A,A2,8208.0,7000.0,0.1,1.0,0.0,200.0,23.47,VALID,120.8
2026-08-21 22:15:00,A,A3,8198.0,7000.0,0.1,1.0,0.0,200.0,23.46,VALID,119.8
2026-08-21 22:15:00,B,B1,8022.0,7000.0,0.1,1.0,0.0,200.0,23.68,VALID,102.2
2026-08-21 22:15:00,B,B2,8046.0,7000.0,0.1,1.0,0.0,200.0,23.67,VALID,104.6
2026-08-21 22:15:00,B,B3,8020.0,7000.0,0.1,1.0,0.0,200.0,23.62,VALID,102.0
2026-08-21 22:15:00,C,C1,8345.0,7000.0,0.1,1.0,0.0,200.0,23.75,VALID,134.5
2026-08-21 22:15:00,C,C2,8404.0,7000.0,0.1,1.0,0.0,200.0,24.17,VALID,140.4
2026-08-21 22:15:00,C,C3,8371.0,7000.0,0.1,1.0,0.0,200.0,23.62,VALID,137.1
2026-08-21 22:15:00,D,D1,7941.0,7000.0,0.1,1.0,0.0,200.0,23.72,VALID,94.1
2026-08-21 22:15:00,D,D2,7968.0,7000.0,0.1,1.0,0.0,200.0,23.66,VALID,96.8
2026-08-21 22:15:00,D,D3,7966.0,7000.0,0.1,1.0,0.0,200.0,23.55,VALID,96.6
2026-08-21 22:30:00,A,A1,8197.0,7000.0,0.1,1.0,0.0,200.0,23.96,VALID,119.7
2026-08-21 22:30:00,A,A2,8210.0,7000.0,0.1,1.0,0.0,200.0,23.79,VALID,121.0
2026-08-21 22:30:00,A,A3,8220.0,7000.0,0.1,1.0,0.0,200.0,23.69,VALID,122.0
2026-08-21 22:30:00,B,B1,8023.0,7000.0,0.1,1.0,0.0,200.0,23.7,VALID,102.3
2026-08-21 22:30:00,B,B2,8051.0,7000.0,0.1,1.0,0.0,200.0,24.03,VALID,105.1
2026-08-21 22:30:00,B,B3,8022.0,7000.0,0.1,1.0,0.0,200.0,23.95,VALID,102.2
2026-08-21 22:30:00,C,C1,8361.0,7000.0,0.1,1.0,0.0,200.0,23.75,VALID,136.1
2026-08-21 22:30:00,C,C2,8407.0,7000.0,0.1,1.0,0.0,200.0,23.93,VALID,140.7
2026-08-21 22:30:00,C,C3,8380.0,7000.0,0.1,1.0,0.0,200.0,23.84,VALID,138.0
2026-08-21 22:30:00,D,D1,7952.0,7000.0,0.1,1.0,0.0,200.0,23.9,VALID,95.2
2026-08-21 22:30:00,D,D2,7967.0,7000.0,0.1,1.0,0.0,200.0,23.72,VALID,96.7
2026-08-21 22:30:00,D,D3,7974.0,7000.0,0.1,1.0,0.0,200.0,23.64,VALID,97.4
2026-08-21 22:45:00,A,A1,8194.0,7000.0,0.1,1.0,0.0,200.0,23.97,VALID,119.4
2026-08-21 22:45:00,A,A2,8228.0,7000.0,0.1,1.0,0.0,200.0,23.85,VALID,122.8
2026-08-21 22:45:00,A,A3,8193.0,7000.0,0.1,1.0,0.0,200.0,23.84,VALID,119.3
2026-08-21 22:45:00,B,B1,8025.0,7000.0,0.1,1.0,0.0,200.0,23.76,VALID,102.5
2026-08-21 22:45:00,B,B2,8033.0,7000.0,0.1,1.0,0.0,200.0,23.61,VALID,103.3
2026-08-21 22:45:00,B,B3,8032.0,7000.0,0.1,1.0,0.0,200.0,23.94,VALID,103.2
2026-08-21 22:45:00,C,C1,8347.0,7000.0,0.1,1.0,0.0,200.0,24.25,VALID,134.7
2026-08-21 22:45:00,C,C2,8390.0,7000.0,0.1,1.0,0.0,200.0,24.2,VALID,139.0
2026-08-21 22:45:00,C,C3,8374.0,7000.0,0.1,1.0,0.0,200.0,24.36,VALID,137.4
2026-08-21 22:45:00,D,D1,7957.0,7000.0,0.1,1.0,0.0,200.0,23.83,VALID,95.7
2026-08-21 22:45:00,D,D2,7960.0,7000.0,0.1,1.0,0.0,200.0,24.16,VALID,96.0
2026-08-21 22:45:00,D,D3,7958.0,7000.0,0.1,1.0,0.0,200.0,24.0,VALID,95.8
2026-08-21 23:00:00,A,A1,8203.0,7000.0,0.1,1.0,0.0,200.0,24.07,VALID,120.3
2026-08-21 23:00:00,A,A2,8214.0,7000.0,0.1,1.0,0.0,200.0,24.41,VALID,121.4
2026-08-21 23:00:00,A,A3,8209.0,7000.0,0.1,1.0,0.0,200.0,24.19,VALID,120.9
2026-08-21 23:00:00,B,B1,8021.0,7000.0,0.1,1.0,0.0,200.0,23.88,VALID,102.1
2026-08-21 23:00:00,B,B2,8029.0,7000.0,0.1,1.0,0.0,200.0,24.29,VALID,102.9
2026-08-21 23:00:00,B,B3,8030.0,7000.0,0.1,1.0,0.0,200.0,24.24,VALID,103.0
2026-08-21 23:00:00,C,C1,8371.0,7000.0,0.1,1.0,0.0,200.0,23.99,VALID,137.1
2026-08-21 23:00:00,C,C2,8402.0,7000.0,0.1,1.0,0.0,200.0,24.26,VALID,140.2
2026-08-21 23:00:00,C,C3,8375.0,7000.0,0.1,1.0,0.0,200.0,24.51,VALID,137.5
2026-08-21 23:00:00,D,D1,7960.0,7000.0,0.1,1.0,0.0,200.0,24.28,VALID,96.0
2026-08-21 23:00:00,D,D2,7986.0,7000.0,0.1,1.0,0.0,200.0,23.92,VALID,98.6
2026-08-21 23:00:00,D,D3,7962.0,7000.0,0.1,1.0,0.0,200.0,24.3,VALID,96.2
2026-08-21 23:15:00,A,A1,8185.0,7000.0,0.1,1.0,0.0,200.0,24.47,VALID,118.5
2026-08-21 23:15:00,A,A2,8205.0,7000.0,0.1,1.0,0.0,200.0,24.55,VALID,120.5
2026-08-21 23:15:00,A,A3,8213.0,7000.0,0.1,1.0,0.0,200.0,24.47,VALID,121.3
2026-08-21 23:15:00,B,B1,8009.0,7000.0,0.1,1.0,0.0,200.0,24.22,VALID,100.9
2026-08-21 23:15:00,B,B2,8046.0,7000.0,0.1,1.0,0.0,200.0,24.42,VALID,104.6
2026-08-21 23:15:00,B,B3,8009.0,7000.0,0.1,1.0,0.0,200.0,24.66,VALID,100.9
2026-08-21 23:15:00,C,C1,8365.0,7000.0,0.1,1.0,0.0,200.0,24.25,VALID,136.5
2026-08-21 23:15:00,C,C2,8414.0,7000.0,0.1,1.0,0.0,200.0,24.28,VALID,141.4
2026-08-21 23:15:00,C,C3,8377.0,7000.0,0.1,1.0,0.0,200.0,24.49,VALID,137.7
2026-08-21 23:15:00,D,D1,7969.0,7000.0,0.1,1.0,0.0,200.0,24.74,VALID,96.9
2026-08-21 23:15:00,D,D2,7975.0,7000.0,0.1,1.0,0.0,200.0,24.51,VALID,97.5
2026-08-21 23:15:00,D,D3,7971.0,7000.0,0.1,1.0,0.0,200.0,24.16,VALID,97.1
2026-08-21 23:30:00,A,A1,8201.0,7000.0,0.1,1.0,0.0,200.0,24.46,VALID,120.1
2026-08-21 23:30:00,A,A2,8220.0,7000.0,0.1,1.0,0.0,200.0,24.56,VALID,122.0
2026-08-21 23:30:00,A,A3,8210.0,7000.0,0.1,1.0,0.0,200.0,24.63,VALID,121.0
2026-08-21 23:30:00,B,B1,8000.0,7000.0,0.1,1.0,0.0,200.0,24.64,VALID,100.0
2026-08-21 23:30:00,B,B2,8048.0,7000.0,0.1,1.0,0.0,200.0,24.7,VALID,104.8
2026-08-21 23:30:00,B,B3,8034.0,7000.0,0.1,1.0,0.0,200.0,24.94,VALID,103.4
2026-08-21 23:30:00,C,C1,8368.0,7000.0,0.1,1.0,0.0,200.0,24.7,VALID,136.8
2026-08-21 23:30:00,C,C2,8417.0,7000.0,0.1,1.0,0.0,200.0,24.68,VALID,141.7
2026-08-21 23:30:00,C,C3,8377.0,7000.0,0.1,1.0,0.0,200.0,24.12,VALID,137.7
2026-08-21 23:30:00,D,D1,7951.0,7000.0,0.1,1.0,0.0,200.0,24.76,VALID,95.1
2026-08-21 23:30:00,D,D2,7970.0,7000.0,0.1,1.0,0.0,200.0,24.77,VALID,97.0
2026-08-21 23:30:00,D,D3,7967.0,7000.0,0.1,1.0,0.0,200.0,24.87,VALID,96.7
2026-08-21 23:45:00,A,A1,8194.0,7000.0,0.1,1.0,0.0,200.0,24.9,VALID,119.4
2026-08-21 23:45:00,A,A2,8224.0,7000.0,0.1,1.0,0.0,200.0,25.1,VALID,122.4
2026-08-21 23:45:00,A,A3,8192.0,7000.0,0.1,1.0,0.0,200.0,24.71,VALID,119.2
2026-08-21 23:45:00,B,B1,8037.0,7000.0,0.1,1.0,0.0,200.0,25.11,VALID,103.7
2026-08-21 23:45:00,B,B2,8046.0,7000.0,0.1,1.0,0.0,200.0,24.75,VALID,104.6
2026-08-21 23:45:00,B,B3,8044.0,7000.0,0.1,1.0,0.0,200.0,24.98,VALID,104.4
2026-08-21 23:45:00,C,C1,8364.0,7000.0,0.1,1.0,0.0,200.0,24.87,VALID,136.4
2026-08-21 23:45:00,C,C2,8420.0,7000.0,0.1,1.0,0.0,200.0,25.18,VALID,142.0
2026-08-21 23:45:00,C,C3,8394.0,7000.0,0.1,1.0,0.0,200.0,24.81,VALID,139.4
2026-08-21 23:45:00,D,D1,7957.0,7000.0,0.1,1.0,0.0,200.0,24.92,VALID,95.7
2026-08-21 23:45:00,D,D2,7974.0,7000.0,0.1,1.0,0.0,200.0,24.84,VALID,97.4
2026-08-21 23:45:00,D,D3,7957.0,7000.0,0.1,1.0,0.0,200.0,25.06,VALID,95.7
2026-08-22 00:00:00,A,A1,8189.0,7000.0,0.1,1.0,0.0,200.0,24.91,VALID,118.9
2026-08-22 00:00:00,A,A2,8222.0,7000.0,0.1,1.0,0.0,200.0,25.4,VALID,122.2
2026-08-22 00:00:00,A,A3,8205.0,7000.0,0.1,1.0,0.0,200.0,24.87,VALID,120.5
2026-08-22 00:00:00,B,B1,8026.0,7000.0,0.1,1.0,0.0,200.0,25.33,VALID,102.6
2026-08-22 00:00:00,B,B2,,7000.0,0.1,1.0,0.0,200.0,24.8,INVALID,
2026-08-22 00:00:00,B,B3,8063.0,7000.0,0.1,1.0,0.0,200.0,25.12,VALID,106.3
2026-08-22 00:00:00,C,C1,8359.0,7000.0,0.1,1.0,0.0,200.0,24.99,VALID,135.9
2026-08-22 00:00:00,C,C2,8411.0,7000.0,0.1,1.0,0.0,200.0,25.17,VALID,141.1
2026-08-22 00:00:00,C,C3,8405.0,7000.0,0.1,1.0,0.0,200.0,25.08,VALID,140.5
2026-08-22 00:00:00,D,D1,7954.0,7000.0,0.1,1.0,0.0,200.0,25.16,VALID,95.4
2026-08-22 00:00:00,D,D2,7971.0,7000.0,0.1,1.0,0.0,200.0,24.79,VALID,97.1
2026-08-22 00:00:00,D,D3,7953.0,7000.0,0.1,1.0,0.0,200.0,24.69,VALID,95.3
2026-08-22 00:15:00,A,A1,8193.0,7000.0,0.1,1.0,0.0,200.0,24.96,VALID,119.3
2026-08-22 00:15:00,A,A2,8225.0,7000.0,0.1,1.0,0.0,200.0,24.96,VALID,122.5
2026-08-22 00:15:00,A,A3,8182.0,7000.0,0.1,1.0,0.0,200.0,24.99,VALID,118.2
2026-08-22 00:15:00,B,B1,8028.0,7000.0,0.1,1.0,0.0,200.0,25.08,VALID,102.8
2026-08-22 00:15:00,B,B2,,7000.0,0.1,1.0,0.0,200.0,25.07,INVALID,
2026-08-22 00:15:00,B,B3,8049.0,7000.0,0.1,1.0,0.0,200.0,25.19,VALID,104.9
2026-08-22 00:15:00,C,C1,8370.0,7000.0,0.1,1.0,0.0,200.0,25.03,VALID,137.0
2026-08-22 00:15:00,C,C2,8412.0,7000.0,0.1,1.0,0.0,200.0,25.04,VALID,141.2
2026-08-22 00:15:00,C,C3,8392.0,7000.0,0.1,1.0,0.0,200.0,25.15,VALID,139.2
2026-08-22 00:15:00,D,D1,7952.0,7000.0,0.1,1.0,0.0,200.0,25.39,VALID,95.2
2026-08-22 00:15:00,D,D2,7982.0,7000.0,0.1,1.0,0.0,200.0,25.11,VALID,98.2
2026-08-22 00:15:00,D,D3,7972.0,7000.0,0.1,1.0,0.0,200.0,25.18,VALID,97.2
2026-08-22 00:30:00,A,A1,8195.0,7000.0,0.1,1.0,0.0,200.0,25.41,VALID,119.5
2026-08-22 00:30:00,A,A2,8219.0,7000.0,0.1,1.0,0.0,200.0,25.2,VALID,121.9
2026-08-22 00:30:00,A,A3,8198.0,7000.0,0.1,1.0,0.0,200.0,25.32,VALID,119.8
2026-08-22 00:30:00,B,B1,8040.0,7000.0,0.1,1.0,0.0,200.0,25.25,VALID,104.0
2026-08-22 00:30:00,B,B2,,7000.0,0.1,1.0,0.0,200.0,25.57,INVALID,
2026-08-22 00:30:00,B,B3,8054.0,7000.0,0.1,1.0,0.0,200.0,25.55,VALID,105.4
2026-08-22 00:30:00,C,C1,8389.0,7000.0,0.1,1.0,0.0,200.0,25.23,VALID,138.9
2026-08-22 00:30:00,C,C2,8391.0,7000.0,0.1,1.0,0.0,200.0,25.3,VALID,139.1
2026-08-22 00:30:00,C,C3,8397.0,7000.0,0.1,1.0,0.0,200.0,25.42,VALID,139.7
2026-08-22 00:30:00,D,D1,7965.0,7000.0,0.1,1.0,0.0,200.0,25.66,VALID,96.5
2026-08-22 00:30:00,D,D2,7984.0,7000.0,0.1,1.0,0.0,200.0,25.55,VALID,98.4
2026-08-22 00:30:00,D,D3,7964.0,7000.0,0.1,1.0,0.0,200.0,25.17,VALID,96.4
2026-08-22 00:45:00,A,A1,8219.0,7000.0,0.1,1.0,0.0,200.0,25.61,VALID,121.9
2026-08-22 00:45:00,A,A2,8221.0,7000.0,0.1,1.0,0.0,200.0,25.46,VALID,122.1
2026-08-22 00:45:00,A,A3,8208.0,7000.0,0.1,1.0,0.0,200.0,25.44,VALID,120.8
2026-08-22 00:45:00,B,B1,8025.0,7000.0,0.1,1.0,0.0,200.0,25.29,VALID,102.5
2026-08-22 00:45:00,B,B2,,7000.0,0.1,1.0,0.0,200.0,25.47,INVALID,
2026-08-22 00:45:00,B,B3,8054.0,7000.0,0.1,1.0,0.0,200.0,25.64,VALID,105.4
2026-08-22 00:45:00,C,C1,8377.0,7000.0,0.1,1.0,0.0,200.0,25.44,VALID,137.7
2026-08-22 00:45:00,C,C2,8415.0,7000.0,0.1,1.0,0.0,200.0,25.66,VALID,141.5
2026-08-22 00:45:00,C,C3,8401.0,7000.0,0.1,1.0,0.0,200.0,25.57,VALID,140.1
2026-08-22 00:45:00,D,D1,7974.0,7000.0,0.1,1.0,0.0,200.0,25.59,VALID,97.4
2026-08-22 00:45:00,D,D2,7989.0,7000.0,0.1,1.0,0.0,200.0,25.49,VALID,98.9
2026-08-22 00:45:00,D,D3,7958.0,7000.0,0.1,1.0,0.0,200.0,25.64,VALID,95.8
2026-08-22 01:00:00,A,A1,8212.0,7000.0,0.1,1.0,0.0,200.0,25.89,VALID,121.2
2026-08-22 01:00:00,A,A2,8232.0,7000.0,0.1,1.0,0.0,200.0,25.71,VALID,123.2
2026-08-22 01:00:00,A,A3,8209.0,7000.0,0.1,1.0,0.0,200.0,25.89,VALID,120.9
2026-08-22 01:00:00,B,B1,8042.0,7000.0,0.1,1.0,0.0,200.0,25.66,VALID,104.2
2026-08-22 01:00:00,B,B2,,7000.0,0.1,1.0,0.0,200.0,25.6,INVALID,
2026-08-22 01:00:00,B,B3,8041.0,7000.0,0.1,1.0,0.0,200.0,26.1,VALID,104.1
2026-08-22 01:00:00,C,C1,8384.0,7000.0,0.1,1.0,0.0,200.0,25.7,VALID,138.4
2026-08-22 01:00:00,C,C2,8421.0,7000.0,0.1,1.0,0.0,200.0,25.81,VALID,142.1
2026-08-22 01:00:00,C,C3,8371.0,7000.0,0.1,1.0,0.0,200.0,25.6,VALID,137.1
2026-08-22 01:00:00,D,D1,7965.0,7000.0,0.1,1.0,0.0,200.0,25.71,VALID,96.5
2026-08-22 01:00:00,D,D2,7986.0,7000.0,0.1,1.0,0.0,200.0,26.0,VALID,98.6
2026-08-22 01:00:00,D,D3,7973.0,7000.0,0.1,1.0,0.0,200.0,25.56,VALID,97.3
2026-08-22 01:15:00,A,A1,8211.0,7000.0,0.1,1.0,0.0,200.0,25.9,VALID,121.1
2026-08-22 01:15:00,A,A2,8228.0,7000.0,0.1,1.0,0.0,200.0,25.91,VALID,122.8
2026-08-22 01:15:00,A,A3,8238.0,7000.0,0.1,1.0,0.0,200.0,25.52,VALID,123.8
2026-08-22 01:15:00,B,B1,8036.0,7000.0,0.1,1.0,0.0,200.0,25.96,VALID,103.6
2026-08-22 01:15:00,B,B2,8048.0,7000.0,0.1,1.0,0.0,200.0,26.14,VALID,104.8
2026-08-22 01:15:00,B,B3,8055.0,7000.0,0.1,1.0,0.0,200.0,25.95,VALID,105.5
2026-08-22 01:15:00,C,C1,8375.0,7000.0,0.1,1.0,0.0,200.0,25.94,VALID,137.5
2026-08-22 01:15:00,C,C2,8419.0,7000.0,0.1,1.0,0.0,200.0,25.95,VALID,141.9
2026-08-22 01:15:00,C,C3,8396.0,7000.0,0.1,1.0,0.0,200.0,26.01,VALID,139.6
2026-08-22 01:15:00,D,D1,7974.0,7000.0,0.1,1.0,0.0,200.0,25.72,VALID,97.4
2026-08-22 01:15:00,D,D2,7976.0,7000.0,0.1,1.0,0.0,200.0,25.61,VALID,97.6
2026-08-22 01:15:00,D,D3,7985.0,7000.0,0.1,1.0,0.0,200.0,26.01,VALID,98.5
2026-08-22 01:30:00,A,A1,8214.0,7000.0,0.1,1.0,0.0,200.0,25.86,VALID,121.4
2026-08-22 01:30:00,A,A2,8247.0,7000.0,0.1,1.0,0.0,200.0,26.03,VALID,124.7
2026-08-22 01:30:00,A,A3,8221.0,7000.0,0.1,1.0,0.0,200.0,26.32,VALID,122.1
2026-08-22 01:30:00,B,B1,8032.0,7000.0,0.1,1.0,0.0,200.0,26.04,VALID,103.2
2026-08-22 01:30:00,B,B2,8058.0,7000.0,0.1,1.0,0.0,200.0,26.72,VALID,105.8
2026-08-22 01:30:00,B,B3,8052.0,7000.0,0.1,1.0,0.0,200.0,26.47,VALID,105.2
2026-08-22 01:30:00,C,C1,8390.0,7000.0,0.1,1.0,0.0,200.0,26.22,VALID,139.0
2026-08-22 01:30:00,C,C2,8412.0,7000.0,0.1,1.0,0.0,200.0,26.36,VALID,141.2
2026-08-22 01:30:00,C,C3,8386.0,7000.0,0.1,1.0,0.0,200.0,26.47,VALID,138.6
2026-08-22 01:30:00,D,D1,7971.0,7000.0,0.1,1.0,0.0,200.0,25.62,VALID,97.1
2026-08-22 01:30:00,D,D2,7984.0,7000.0,0.1,1.0,0.0,200.0,26.28,VALID,98.4
2026-08-22 01:30:00,D,D3,7977.0,7000.0,0.1,1.0,0.0,200.0,26.29,VALID,97.7
2026-08-22 01:45:00,A,A1,8203.0,7000.0,0.1,1.0,0.0,200.0,26.07,VALID,120.3
2026-08-22 01:45:00,A,A2,8232.0,7000.0,0.1,1.0,0.0,200.0,26.33,VALID,123.2
2026-08-22 01:45:00,A,A3,8218.0,7000.0,0.1,1.0,0.0,200.0,26.57,VALID,121.8
2026-08-22 01:45:00,B,B1,8035.0,7000.0,0.1,1.0,0.0,200.0,26.39,VALID,103.5
2026-08-22 01:45:00,B,B2,8059.0,7000.0,0.1,1.0,0.0,200.0,26.02,VALID,105.9
2026-08-22 01:45:00,B,B3,8039.0,7000.0,0.1,1.0,0.0,200.0,26.33,VALID,103.9
2026-08-22 01:45:00,C,C1,8399.0,7000.0,0.1,1.0,0.0,200.0,26.44,VALID,139.9
2026-08-22 01:45:00,C,C2,8407.0,7000.0,0.1,1.0,0.0,200.0,25.7,VALID,140.7
2026-08-22 01:45:00,C,C3,8408.0,7000.0,0.1,1.0,0.0,200.0,26.31,VALID,140.8
2026-08-22 01:45:00,D,D1,7981.0,7000.0,0.1,1.0,0.0,200.0,26.15,VALID,98.1
2026-08-22 01:45:00,D,D2,7992.0,7000.0,0.1,1.0,0.0,200.0,26.5,VALID,99.2
2026-08-22 01:45:00,D,D3,7977.0,7000.0,0.1,1.0,0.0,200.0,26.24,VALID,97.7
2026-08-22 02:00:00,A,A1,8213.0,7000.0,0.1,1.0,0.0,200.0,26.61,VALID,121.3
2026-08-22 02:00:00,A,A2,8234.0,7000.0,0.1,1.0,0.0,200.0,26.69,VALID,123.4
2026-08-22 02:00:00,A,A3,8218.0,7000.0,0.1,1.0,0.0,200.0,26.23,VALID,121.8
2026-08-22 02:00:00,B,B1,8062.0,7000.0,0.1,1.0,0.0,200.0,26.38,VALID,106.2
2026-08-22 02:00:00,B,B2,8054.0,7000.0,0.1,1.0,0.0,200.0,26.49,VALID,105.4
2026-08-22 02:00:00,B,B3,8053.0,7000.0,0.1,1.0,0.0,200.0,26.42,VALID,105.3
2026-08-22 02:00:00,C,C1,8382.0,7000.0,0.1,1.0,0.0,200.0,26.49,VALID,138.2
2026-08-22 02:00:00,C,C2,8426.0,7000.0,0.1,1.0,0.0,200.0,26.03,VALID,142.6
2026-08-22 02:00:00,C,C3,8419.0,7000.0,0.1,1.0,0.0,200.0,26.47,VALID,141.9
2026-08-22 02:00:00,D,D1,7978.0,7000.0,0.1,1.0,0.0,200.0,26.22,VALID,97.8
2026-08-22 02:00:00,D,D2,7986.0,7000.0,0.1,1.0,0.0,200.0,26.37,VALID,98.6
2026-08-22 02:00:00,D,D3,7996.0,7000.0,0.1,1.0,0.0,200.0,26.38,VALID,99.6
2026-08-22 02:15:00,A,A1,8221.0,7000.0,0.1,1.0,0.0,200.0,26.54,VALID,122.1
2026-08-22 02:15:00,A,A2,8232.0,7000.0,0.1,1.0,0.0,200.0,26.62,VALID,123.2
2026-08-22 02:15:00,A,A3,8236.0,7000.0,0.1,1.0,0.0,200.0,26.29,VALID,123.6
2026-08-22 02:15:00,B,B1,8034.0,7000.0,0.1,1.0,0.0,200.0,26.28,VALID,103.4
2026-08-22 02:15:00,B,B2,8051.0,7000.0,0.1,1.0,0.0,200.0,26.5,VALID,105.1
2026-08-22 02:15:00,B,B3,8039.0,7000.0,0.1,1.0,0.0,200.0,26.52,VALID,103.9
2026-08-22 02:15:00,C,C1,8366.0,7000.0,0.1,1.0,0.0,200.0,26.46,VALID,136.6
2026-08-22 02:15:00,C,C2,8437.0,7000.0,0.1,1.0,0.0,200.0,26.75,VALID,143.7
2026-08-22 02:15:00,C,C3,8406.0,7000.0,0.1,1.0,0.0,200.0,26.47,VALID,140.6
2026-08-22 02:15:00,D,D1,7960.0,7000.0,0.1,1.0,0.0,200.0,26.44,VALID,96.0
2026-08-22 02:15:00,D,D2,7992.0,7000.0,0.1,1.0,0.0,200.0,26.84,VALID,99.2
2026-08-22 02:15:00,D,D3,7992.0,7000.0,0.1,1.0,0.0,200.0,26.79,VALID,99.2
2026-08-22 02:30:00,A,A1,8209.0,7000.0,0.1,1.0,0.0,200.0,26.83,VALID,120.9
2026-08-22 02:30:00,A,A2,8235.0,7000.0,0.1,1.0,0.0,200.0,26.79,VALID,123.5
2026-08-22 02:30:00,A,A3,8244.0,7000.0,0.1,1.0,0.0,200.0,26.47,VALID,124.4
2026-08-22 02:30:00,B,B1,8045.0,7000.0,0.1,1.0,0.0,200.0,27.07,VALID,104.5
2026-08-22 02:30:00,B,B2,8049.0,7000.0,0.1,1.0,0.0,200.0,26.7,VALID,104.9
2026-08-22 02:30:00,B,B3,8051.0,7000.0,0.1,1.0,0.0,200.0,26.78,VALID,105.1
2026-08-22 02:30:00,C,C1,8371.0,7000.0,0.1,1.0,0.0,200.0,26.95,VALID,137.1
2026-08-22 02:30:00,C,C2,8433.0,7000.0,0.1,1.0,0.0,200.0,26.93,VALID,143.3
2026-08-22 02:30:00,C,C3,8398.0,7000.0,0.1,1.0,0.0,200.0,26.84,VALID,139.8
2026-08-22 02:30:00,D,D1,7967.0,7000.0,0.1,1.0,0.0,200.0,26.76,VALID,96.7
2026-08-22 02:30:00,D,D2,8013.0,7000.0,0.1,1.0,0.0,200.0,26.85,VALID,101.3
2026-08-22 02:30:00,D,D3,7975.0,7000.0,0.1,1.0,0.0,200.0,26.86,VALID,97.5
2026-08-22 02:45:00,A,A1,8205.0,7000.0,0.1,1.0,0.0,200.0,26.74,VALID,120.5
2026-08-22 02:45:00,A,A2,8229.0,7000.0,0.1,1.0,0.0,200.0,26.89,VALID,122.9
2026-08-22 02:45:00,A,A3,8235.0,7000.0,0.1,1.0,0.0,200.0,27.09,VALID,123.5
2026-08-22 02:45:00,B,B1,8053.0,7000.0,0.1,1.0,0.0,200.0,26.76,VALID,105.3
2026-08-22 02:45:00,B,B2,8059.0,7000.0,0.1,1.0,0.0,200.0,27.03,VALID,105.9
2026-08-22 02:45:00,B,B3,8051.0,7000.0,0.1,1.0,0.0,200.0,26.92,VALID,105.1
2026-08-22 02:45:00,C,C1,8391.0,7000.0,0.1,1.0,0.0,200.0,26.91,VALID,139.1
2026-08-22 02:45:00,C,C2,8431.0,7000.0,0.1,1.0,0.0,200.0,27.3,VALID,143.1
2026-08-22 02:45:00,C,C3,8405.0,7000.0,0.1,1.0,0.0,200.0,27.21,VALID,140.5
2026-08-22 02:45:00,D,D1,7982.0,7000.0,0.1,1.0,0.0,200.0,26.68,VALID,98.2
2026-08-22 02:45:00,D,D2,7985.0,7000.0,0.1,1.0,0.0,200.0,26.81,VALID,98.5
2026-08-22 02:45:00,D,D3,7979.0,7000.0,0.1,1.0,0.0,200.0,26.96,VALID,97.9
2026-08-22 03:00:00,A,A1,8224.0,7000.0,0.1,1.0,0.0,200.0,27.37,VALID,122.4
2026-08-22 03:00:00,A,A2,8243.0,7000.0,0.1,1.0,0.0,200.0,27.03,VALID,124.3
2026-08-22 03:00:00,A,A3,8209.0,7000.0,0.1,1.0,0.0,200.0,27.14,VALID,120.9
2026-08-22 03:00:00,B,B1,8050.0,7000.0,0.1,1.0,0.0,200.0,27.16,VALID,105.0
2026-08-22 03:00:00,B,B2,8084.0,7000.0,0.1,1.0,0.0,200.0,27.37,VALID,108.4
2026-08-22 03:00:00,B,B3,8065.0,7000.0,0.1,1.0,0.0,200.0,26.93,VALID,106.5
2026-08-22 03:00:00,C,C1,8383.0,7000.0,0.1,1.0,0.0,200.0,27.1,VALID,138.3
2026-08-22 03:00:00,C,C2,8423.0,7000.0,0.1,1.0,0.0,200.0,27.22,VALID,142.3
2026-08-22 03:00:00,C,C3,8411.0,7000.0,0.1,1.0,0.0,200.0,26.9,VALID,141.1
2026-08-22 03:00:00,D,D1,7989.0,7000.0,0.1,1.0,0.0,200.0,27.14,VALID,98.9
2026-08-22 03:00:00,D,D2,7980.0,7000.0,0.1,1.0,0.0,200.0,27.11,VALID,98.0
2026-08-22 03:00:00,D,D3,7991.0,7000.0,0.1,1.0,0.0,200.0,27.32,VALID,99.1
2026-08-22 03:15:00,A,A1,8216.0,7000.0,0.1,1.0,0.0,200.0,27.42,VALID,121.6
2026-08-22 03:15:00,A,A2,6850.0,7000.0,0.1,1.0,0.0,200.0,26.99,VALID,-15.0
2026-08-22 03:15:00,A,A3,8216.0,7000.0,0.1,1.0,0.0,200.0,27.48,VALID,121.6
2026-08-22 03:15:00,B,B1,8062.0,7000.0,0.1,1.0,0.0,200.0,27.32,VALID,106.2
2026-08-22 03:15:00,B,B2,8080.0,7000.0,0.1,1.0,0.0,200.0,27.47,VALID,108.0
2026-08-22 03:15:00,B,B3,8065.0,7000.0,0.1,1.0,0.0,200.0,27.07,VALID,106.5
2026-08-22 03:15:00,C,C1,8405.0,7000.0,0.1,1.0,0.0,200.0,27.36,VALID,140.5
2026-08-22 03:15:00,C,C2,8428.0,7000.0,0.1,1.0,0.0,200.0,27.12,VALID,142.8
2026-08-22 03:15:00,C,C3,8412.0,7000.0,0.1,1.0,0.0,200.0,26.92,VALID,141.2
2026-08-22 03:15:00,D,D1,7985.0,7000.0,0.1,1.0,0.0,200.0,27.06,VALID,98.5
2026-08-22 03:15:00,D,D2,8001.0,7000.0,0.1,1.0,0.0,200.0,27.15,VALID,100.1
2026-08-22 03:15:00,D,D3,7987.0,7000.0,0.1,1.0,0.0,200.0,27.1,VALID,98.7
2026-08-22 03:30:00,A,A1,8219.0,7000.0,0.1,1.0,0.0,200.0,27.76,VALID,121.9
2026-08-22 03:30:00,A,A2,6850.0,7000.0,0.1,1.0,0.0,200.0,27.45,VALID,-15.0
2026-08-22 03:30:00,A,A3,8230.0,7000.0,0.1,1.0,0.0,200.0,27.55,VALID,123.0
2026-08-22 03:30:00,B,B1,8062.0,7000.0,0.1,1.0,0.0,200.0,27.21,VALID,106.2
2026-08-22 03:30:00,B,B2,8067.0,7000.0,0.1,1.0,0.0,200.0,27.02,VALID,106.7
2026-08-22 03:30:00,B,B3,8070.0,7000.0,0.1,1.0,0.0,200.0,27.79,VALID,107.0
2026-08-22 03:30:00,C,C1,8391.0,7000.0,0.1,1.0,0.0,200.0,26.96,VALID,139.1
2026-08-22 03:30:00,C,C2,8438.0,7000.0,0.1,1.0,0.0,200.0,27.2,VALID,143.8
2026-08-22 03:30:00,C,C3,8404.0,7000.0,0.1,1.0,0.0,200.0,27.51,VALID,140.4
2026-08-22 03:30:00,D,D1,7983.0,7000.0,0.1,1.0,0.0,200.0,27.28,VALID,98.3
2026-08-22 03:30:00,D,D2,7992.0,7000.0,0.1,1.0,0.0,200.0,27.41,VALID,99.2
2026-08-22 03:30:00,D,D3,7987.0,7000.0,0.1,1.0,0.0,200.0,27.16,VALID,98.7
2026-08-22 03:45:00,A,A1,8218.0,7000.0,0.1,1.0,0.0,200.0,27.56,VALID,121.8
2026-08-22 03:45:00,A,A2,6850.0,7000.0,0.1,1.0,0.0,200.0,27.21,VALID,-15.0
2026-08-22 03:45:00,A,A3,8240.0,7000.0,0.1,1.0,0.0,200.0,26.95,VALID,124.0
2026-08-22 03:45:00,B,B1,8049.0,7000.0,0.1,1.0,0.0,200.0,27.37,VALID,104.9
2026-08-22 03:45:00,B,B2,8070.0,7000.0,0.1,1.0,0.0,200.0,27.61,VALID,107.0
2026-08-22 03:45:00,B,B3,8071.0,7000.0,0.1,1.0,0.0,200.0,27.35,VALID,107.1
2026-08-22 03:45:00,C,C1,8397.0,7000.0,0.1,1.0,0.0,200.0,27.53,VALID,139.7
2026-08-22 03:45:00,C,C2,8418.0,7000.0,0.1,1.0,0.0,200.0,27.87,VALID,141.8
2026-08-22 03:45:00,C,C3,8398.0,7000.0,0.1,1.0,0.0,200.0,27.58,VALID,139.8
2026-08-22 03:45:00,D,D1,7985.0,7000.0,0.1,1.0,0.0,200.0,27.55,VALID,98.5
2026-08-22 03:45:00,D,D2,7995.0,7000.0,0.1,1.0,0.0,200.0,27.66,VALID,99.5
2026-08-22 03:45:00,D,D3,7977.0,7000.0,0.1,1.0,0.0,200.0,27.48,VALID,97.7
2026-08-22 04:00:00,A,A1,8217.0,7000.0,0.1,1.0,0.0,200.0,27.46,VALID,121.7
2026-08-22 04:00:00,A,A2,6850.0,7000.0,0.1,1.0,0.0,200.0,27.81,VALID,-15.0
2026-08-22 04:00:00,A,A3,8229.0,7000.0,0.1,1.0,0.0,200.0,27.75,VALID,122.9
2026-08-22 04:00:00,B,B1,8055.0,7000.0,0.1,1.0,0.0,200.0,27.42,VALID,105.5
2026-08-22 04:00:00,B,B2,8067.0,7000.0,0.1,1.0,0.0,200.0,27.54,VALID,106.7
2026-08-22 04:00:00,B,B3,8056.0,7000.0,0.1,1.0,0.0,200.0,27.68,VALID,105.6
2026-08-22 04:00:00,C,C1,8394.0,7000.0,0.1,1.0,0.0,200.0,27.28,VALID,139.4
2026-08-22 04:00:00,C,C2,8419.0,7000.0,0.1,1.0,0.0,200.0,27.68,VALID,141.9
2026-08-22 04:00:00,C,C3,8405.0,7000.0,0.1,1.0,0.0,200.0,27.66,VALID,140.5
2026-08-22 04:00:00,D,D1,7989.0,7000.0,0.1,1.0,0.0,200.0,27.34,VALID,98.9
2026-08-22 04:00:00,D,D2,7987.0,7000.0,0.1,1.0,0.0,200.0,27.93,VALID,98.7
2026-08-22 04:00:00,D,D3,7995.0,7000.0,0.1,1.0,0.0,200.0,27.51,VALID,99.5
2026-08-22 04:15:00,A,A1,8214.0,7000.0,0.1,1.0,0.0,200.0,27.59,VALID,121.4
2026-08-22 04:15:00,A,A2,6850.0,7000.0,0.1,1.0,0.0,200.0,27.87,VALID,-15.0
2026-08-22 04:15:00,A,A3,8226.0,7000.0,0.1,1.0,0.0,200.0,27.91,VALID,122.6
2026-08-22 04:15:00,B,B1,8051.0,7000.0,0.1,1.0,0.0,200.0,27.48,VALID,105.1
2026-08-22 04:15:00,B,B2,8066.0,7000.0,0.1,1.0,0.0,200.0,27.17,VALID,106.6
2026-08-22 04:15:00,B,B3,8062.0,7000.0,0.1,1.0,0.0,200.0,27.66,VALID,106.2
2026-08-22 04:15:00,C,C1,8400.0,7000.0,0.1,1.0,0.0,200.0,27.31,VALID,140.0
2026-08-22 04:15:00,C,C2,8445.0,7000.0,0.1,1.0,0.0,200.0,27.85,VALID,144.5
2026-08-22 04:15:00,C,C3,8424.0,7000.0,0.1,1.0,0.0,200.0,27.68,VALID,142.4
2026-08-22 04:15:00,D,D1,7992.0,7000.0,0.1,1.0,0.0,200.0,27.4,VALID,99.2
2026-08-22 04:15:00,D,D2,8007.0,7000.0,0.1,1.0,0.0,200.0,27.54,VALID,100.7
2026-08-22 04:15:00,D,D3,7978.0,7000.0,0.1,1.0,0.0,200.0,27.47,VALID,97.8
2026-08-22 04:30:00,A,A1,8224.0,7000.0,0.1,1.0,0.0,200.0,27.61,VALID,122.4
2026-08-22 04:30:00,A,A2,6850.0,7000.0,0.1,1.0,0.0,200.0,27.41,VALID,-15.0
2026-08-22 04:30:00,A,A3,8214.0,7000.0,0.1,1.0,0.0,200.0,28.05,VALID,121.4
2026-08-22 04:30:00,B,B1,8064.0,7000.0,0.1,1.0,0.0,200.0,27.56,VALID,106.4
2026-08-22 04:30:00,B,B2,8070.0,7000.0,0.1,1.0,0.0,200.0,27.98,VALID,107.0
2026-08-22 04:30:00,B,B3,8067.0,7000.0,0.1,1.0,0.0,200.0,27.8,VALID,106.7
2026-08-22 04:30:00,C,C1,8403.0,7000.0,0.1,1.0,0.0,200.0,27.63,VALID,140.3
2026-08-22 04:30:00,C,C2,8436.0,7000.0,0.1,1.0,0.0,200.0,27.77,VALID,143.6
2026-08-22 04:30:00,C,C3,8411.0,7000.0,0.1,1.0,0.0,200.0,27.69,VALID,141.1
2026-08-22 04:30:00,D,D1,7984.0,7000.0,0.1,1.0,0.0,200.0,27.78,VALID,98.4
2026-08-22 04:30:00,D,D2,7992.0,7000.0,0.1,1.0,0.0,200.0,27.93,VALID,99.2
2026-08-22 04:30:00,D,D3,7985.0,7000.0,0.1,1.0,0.0,200.0,27.73,VALID,98.5
2026-08-22 04:45:00,A,A1,8221.0,7000.0,0.1,1.0,0.0,200.0,27.91,VALID,122.1
2026-08-22 04:45:00,A,A2,6850.0,7000.0,0.1,1.0,0.0,200.0,28.02,VALID,-15.0
2026-08-22 04:45:00,A,A3,8228.0,7000.0,0.1,1.0,0.0,200.0,28.08,VALID,122.8
2026-08-22 04:45:00,B,B1,8052.0,7000.0,0.1,1.0,0.0,200.0,27.83,VALID,105.2
2026-08-22 04:45:00,B,B2,8088.0,7000.0,0.1,1.0,0.0,200.0,27.79,VALID,108.8
2026-08-22 04:45:00,B,B3,8075.0,7000.0,0.1,1.0,0.0,200.0,27.85,VALID,107.5
2026-08-22 04:45:00,C,C1,8398.0,7000.0,0.1,1.0,0.0,200.0,27.85,VALID,139.8
2026-08-22 04:45:00,C,C2,8444.0,7000.0,0.1,1.0,0.0,200.0,27.7,VALID,144.4
2026-08-22 04:45:00,C,C3,8405.0,7000.0,0.1,1.0,0.0,200.0,27.71,VALID,140.5
2026-08-22 04:45:00,D,D1,7985.0,7000.0,0.1,1.0,0.0,200.0,27.8,VALID,98.5
2026-08-22 04:45:00,D,D2,8008.0,7000.0,0.1,1.0,0.0,200.0,28.1,VALID,100.8
2026-08-22 04:45:00,D,D3,7985.0,7000.0,0.1,1.0,0.0,200.0,27.69,VALID,98.5
2026-08-22 05:00:00,A,A1,8211.0,7000.0,0.1,1.0,0.0,200.0,28.3,VALID,121.1
2026-08-22 05:00:00,A,A2,6850.0,7000.0,0.1,1.0,0.0,200.0,27.99,VALID,-15.0
2026-08-22 05:00:00,A,A3,8222.0,7000.0,0.1,1.0,0.0,200.0,27.9,VALID,122.2
2026-08-22 05:00:00,B,B1,8061.0,7000.0,0.1,1.0,0.0,200.0,27.85,VALID,106.1
2026-08-22 05:00:00,B,B2,8081.0,7000.0,0.1,1.0,0.0,200.0,28.36,VALID,108.1
2026-08-22 05:00:00,B,B3,8056.0,7000.0,0.1,1.0,0.0,200.0,27.69,VALID,105.6
2026-08-22 05:00:00,C,C1,8386.0,7000.0,0.1,1.0,0.0,200.0,28.22,VALID,138.6
2026-08-22 05:00:00,C,C2,8446.0,7000.0,0.1,1.0,0.0,200.0,27.87,VALID,144.6
2026-08-22 05:00:00,C,C3,8415.0,7000.0,0.1,1.0,0.0,200.0,27.73,VALID,141.5
2026-08-22 05:00:00,D,D1,7992.0,7000.0,0.1,1.0,0.0,200.0,27.82,VALID,99.2
2026-08-22 05:00:00,D,D2,8000.0,7000.0,0.1,1.0,0.0,200.0,28.02,VALID,100.0
2026-08-22 05:00:00,D,D3,7993.0,7000.0,0.1,1.0,0.0,200.0,27.85,VALID,99.3
2026-08-22 05:15:00,A,A1,8225.0,7000.0,0.1,1.0,0.0,200.0,28.1,VALID,122.5
2026-08-22 05:15:00,A,A2,6850.0,7000.0,0.1,1.0,0.0,200.0,28.06,VALID,-15.0
2026-08-22 05:15:00,A,A3,8242.0,7000.0,0.1,1.0,0.0,200.0,27.9,VALID,124.2
2026-08-22 05:15:00,B,B1,8050.0,7000.0,0.1,1.0,0.0,200.0,28.07,VALID,105.0
2026-08-22 05:15:00,B,B2,8073.0,7000.0,0.1,1.0,0.0,200.0,27.66,VALID,107.3
2026-08-22 05:15:00,B,B3,8062.0,7000.0,0.1,1.0,0.0,200.0,27.93,VALID,106.2
2026-08-22 05:15:00,C,C1,8390.0,7000.0,0.1,1.0,0.0,200.0,28.24,VALID,139.0
2026-08-22 05:15:00,C,C2,8441.0,7000.0,0.1,1.0,0.0,200.0,28.22,VALID,144.1
2026-08-22 05:15:00,C,C3,8417.0,7000.0,0.1,1.0,0.0,200.0,27.96,VALID,141.7
2026-08-22 05:15:00,D,D1,7976.0,7000.0,0.1,1.0,0.0,200.0,27.94,VALID,97.6
2026-08-22 05:15:00,D,D2,8003.0,7000.0,0.1,1.0,0.0,200.0,27.67,VALID,100.3
2026-08-22 05:15:00,D,D3,7990.0,7000.0,0.1,1.0,0.0,200.0,27.88,VALID,99.0
2026-08-22 05:30:00,A,A1,8228.0,7000.0,0.1,1.0,0.0,200.0,28.07,VALID,122.8
2026-08-22 05:30:00,A,A2,6850.0,7000.0,0.1,1.0,0.0,200.0,28.07,VALID,-15.0
2026-08-22 05:30:00,A,A3,8233.0,7000.0,0.1,1.0,0.0,200.0,27.4,VALID,123.3
2026-08-22 05:30:00,B,B1,8052.0,7000.0,0.1,1.0,0.0,200.0,28.19,VALID,105.2
2026-08-22 05:30:00,B,B2,8057.0,7000.0,0.1,1.0,0.0,200.0,28.0,VALID,105.7
2026-08-22 05:30:00,B,B3,8079.0,7000.0,0.1,1.0,0.0,200.0,27.82,VALID,107.9
2026-08-22 05:30:00,C,C1,8395.0,7000.0,0.1,1.0,0.0,200.0,27.71,VALID,139.5
2026-08-22 05:30:00,C,C2,8451.0,7000.0,0.1,1.0,0.0,200.0,27.96,VALID,145.1
2026-08-22 05:30:00,C,C3,8415.0,7000.0,0.1,1.0,0.0,200.0,28.25,VALID,141.5
2026-08-22 05:30:00,D,D1,7991.0,7000.0,0.1,1.0,0.0,200.0,27.8,VALID,99.1
2026-08-22 05:30:00,D,D2,7997.0,7000.0,0.1,1.0,0.0,200.0,28.07,VALID,99.7
2026-08-22 05:30:00,D,D3,7989.0,7000.0,0.1,1.0,0.0,200.0,27.55,VALID,98.9
2026-08-22 05:45:00,A,A1,8224.0,7000.0,0.1,1.0,0.0,200.0,27.7,VALID,122.4
2026-08-22 05:45:00,A,A2,6850.0,7000.0,0.1,1.0,0.0,200.0,28.03,VALID,-15.0
2026-08-22 05:45:00,A,A3,8227.0,7000.0,0.1,1.0,0.0,200.0,27.85,VALID,122.7
2026-08-22 05:45:00,B,B1,8040.0,7000.0,0.1,1.0,0.0,200.0,27.77,VALID,104.0
2026-08-22 05:45:00,B,B2,8081.0,7000.0,0.1,1.0,0.0,200.0,28.44,VALID,108.1
2026-08-22 05:45:00,B,B3,8071.0,7000.0,0.1,1.0,0.0,200.0,27.98,VALID,107.1
2026-08-22 05:45:00,C,C1,8391.0,7000.0,0.1,1.0,0.0,200.0,27.8,VALID,139.1
2026-08-22 05:45:00,C,C2,8455.0,7000.0,0.1,1.0,0.0,200.0,27.96,VALID,145.5
2026-08-22 05:45:00,C,C3,8434.0,7000.0,0.1,1.0,0.0,200.0,28.27,VALID,143.4
2026-08-22 05:45:00,D,D1,7969.0,7000.0,0.1,1.0,0.0,200.0,27.86,VALID,96.9
2026-08-22 05:45:00,D,D2,7997.0,7000.0,0.1,1.0,0.0,200.0,27.98,VALID,99.7
2026-08-22 05:45:00,D,D3,7994.0,7000.0,0.1,1.0,0.0,200.0,28.59,VALID,99.4
2026-08-22 06:00:00,A,A1,8215.0,7000.0,0.1,1.0,0.0,200.0,28.05,VALID,121.5
2026-08-22 06:00:00,A,A2,8252.0,7000.0,0.1,1.0,0.0,200.0,28.0,VALID,125.2
2026-08-22 06:00:00,A,A3,8236.0,7000.0,0.1,1.0,0.0,200.0,27.79,VALID,123.6
2026-08-22 06:00:00,B,B1,8058.0,7000.0,0.1,1.0,0.0,200.0,28.1,VALID,105.8
2026-08-22 06:00:00,B,B2,8075.0,7000.0,0.1,1.0,0.0,200.0,28.11,VALID,107.5
2026-08-22 06:00:00,B,B3,8077.0,7000.0,0.1,1.0,0.0,200.0,28.19,VALID,107.7
2026-08-22 06:00:00,C,C1,8395.0,7000.0,0.1,1.0,0.0,200.0,27.77,VALID,139.5
2026-08-22 06:00:00,C,C2,8431.0,7000.0,0.1,1.0,0.0,200.0,27.96,VALID,143.1
2026-08-22 06:00:00,C,C3,8417.0,7000.0,0.1,1.0,0.0,200.0,27.9,VALID,141.7
2026-08-22 06:00:00,D,D1,7976.0,7000.0,0.1,1.0,0.0,200.0,27.76,VALID,97.6
2026-08-22 06:00:00,D,D2,7988.0,7000.0,0.1,1.0,0.0,200.0,27.95,VALID,98.8
2026-08-22 06:00:00,D,D3,7981.0,7000.0,0.1,1.0,0.0,200.0,27.8,VALID,98.1
2026-08-22 06:15:00,A,A1,8221.0,7000.0,0.1,1.0,0.0,200.0,27.73,VALID,122.1
2026-08-22 06:15:00,A,A2,8250.0,7000.0,0.1,1.0,0.0,200.0,28.14,VALID,125.0
2026-08-22 06:15:00,A,A3,8229.0,7000.0,0.1,1.0,0.0,200.0,27.91,VALID,122.9
2026-08-22 06:15:00,B,B1,8061.0,7000.0,0.1,1.0,0.0,200.0,27.85,VALID,106.1
2026-08-22 06:15:00,B,B2,8064.0,7000.0,0.1,1.0,0.0,200.0,28.23,VALID,106.4
2026-08-22 06:15:00,B,B3,8072.0,7000.0,0.1,1.0,0.0,200.0,28.11,VALID,107.2
2026-08-22 06:15:00,C,C1,8403.0,7000.0,0.1,1.0,0.0,200.0,27.6,VALID,140.3
2026-08-22 06:15:00,C,C2,8449.0,7000.0,0.1,1.0,0.0,200.0,28.07,VALID,144.9
2026-08-22 06:15:00,C,C3,8423.0,7000.0,0.1,1.0,0.0,200.0,28.07,VALID,142.3
2026-08-22 06:15:00,D,D1,7985.0,7000.0,0.1,1.0,0.0,200.0,27.94,VALID,98.5
2026-08-22 06:15:00,D,D2,8006.0,7000.0,0.1,1.0,0.0,200.0,27.93,VALID,100.6
2026-08-22 06:15:00,D,D3,8002.0,7000.0,0.1,1.0,0.0,200.0,27.68,VALID,100.2
2026-08-22 06:30:00,A,A1,8219.0,7000.0,0.1,1.0,0.0,200.0,28.38,VALID,121.9
2026-08-22 06:30:00,A,A2,8240.0,7000.0,0.1,1.0,0.0,200.0,27.93,VALID,124.0
2026-08-22 06:30:00,A,A3,8226.0,7000.0,0.1,1.0,0.0,200.0,28.04,VALID,122.6
2026-08-22 06:30:00,B,B1,8049.0,7000.0,0.1,1.0,0.0,200.0,27.94,VALID,104.9
2026-08-22 06:30:00,B,B2,8079.0,7000.0,0.1,1.0,0.0,200.0,27.83,VALID,107.9
2026-08-22 06:30:00,B,B3,8071.0,7000.0,0.1,1.0,0.0,200.0,28.14,VALID,107.1
2026-08-22 06:30:00,C,C1,8403.0,7000.0,0.1,1.0,0.0,200.0,28.0,VALID,140.3
2026-08-22 06:30:00,C,C2,8465.0,7000.0,0.1,1.0,0.0,200.0,28.19,VALID,146.5
2026-08-22 06:30:00,C,C3,8417.0,7000.0,0.1,1.0,0.0,200.0,27.8,VALID,141.7
2026-08-22 06:30:00,D,D1,7983.0,7000.0,0.1,1.0,0.0,200.0,28.26,VALID,98.3
2026-08-22 06:30:00,D,D2,8017.0,7000.0,0.1,1.0,0.0,200.0,28.27,VALID,101.7
2026-08-22 06:30:00,D,D3,8001.0,7000.0,0.1,1.0,0.0,200.0,27.72,VALID,100.1
2026-08-22 06:45:00,A,A1,8228.0,7000.0,0.1,1.0,0.0,200.0,27.69,VALID,122.8
2026-08-22 06:45:00,A,A2,8232.0,7000.0,0.1,1.0,0.0,200.0,27.99,VALID,123.2
2026-08-22 06:45:00,A,A3,8238.0,7000.0,0.1,1.0,0.0,200.0,28.12,VALID,123.8
2026-08-22 06:45:00,B,B1,8060.0,7000.0,0.1,1.0,0.0,200.0,28.05,VALID,106.0
2026-08-22 06:45:00,B,B2,8062.0,7000.0,0.1,1.0,0.0,200.0,27.92,VALID,106.2
2026-08-22 06:45:00,B,B3,8050.0,7000.0,0.1,1.0,0.0,200.0,27.54,VALID,105.0
2026-08-22 06:45:00,C,C1,8400.0,7000.0,0.1,1.0,0.0,200.0,27.79,VALID,140.0
2026-08-22 06:45:00,C,C2,8443.0,7000.0,0.1,1.0,0.0,200.0,28.16,VALID,144.3
2026-08-22 06:45:00,C,C3,8408.0,7000.0,0.1,1.0,0.0,200.0,28.06,VALID,140.8
2026-08-22 06:45:00,D,D1,7978.0,7000.0,0.1,1.0,0.0,200.0,27.57,VALID,97.8
2026-08-22 06:45:00,D,D2,8003.0,7000.0,0.1,1.0,0.0,200.0,27.85,VALID,100.3
2026-08-22 06:45:00,D,D3,7990.0,7000.0,0.1,1.0,0.0,200.0,28.34,VALID,99.0
2026-08-22 07:00:00,A,A1,8209.0,7000.0,0.1,1.0,0.0,200.0,27.97,VALID,120.9
2026-08-22 07:00:00,A,A2,8236.0,7000.0,0.1,1.0,0.0,200.0,28.08,VALID,123.6
2026-08-22 07:00:00,A,A3,8236.0,7000.0,0.1,1.0,0.0,200.0,27.97,VALID,123.6
2026-08-22 07:00:00,B,B1,8046.0,7000.0,0.1,1.0,0.0,200.0,27.74,VALID,104.6
2026-08-22 07:00:00,B,B2,8078.0,7000.0,0.1,1.0,0.0,200.0,28.25,VALID,107.8
2026-08-22 07:00:00,B,B3,8067.0,7000.0,0.1,1.0,0.0,200.0,27.72,VALID,106.7
2026-08-22 07:00:00,C,C1,8396.0,7000.0,0.1,1.0,0.0,200.0,28.38,VALID,139.6
2026-08-22 07:00:00,C,C2,8436.0,7000.0,0.1,1.0,0.0,200.0,28.19,VALID,143.6
2026-08-22 07:00:00,C,C3,8406.0,7000.0,0.1,1.0,0.0,200.0,27.89,VALID,140.6
2026-08-22 07:00:00,D,D1,7988.0,7000.0,0.1,1.0,0.0,200.0,27.98,VALID,98.8
2026-08-22 07:00:00,D,D2,7994.0,7000.0,0.1,1.0,0.0,200.0,27.74,VALID,99.4
2026-08-22 07:00:00,D,D3,8002.0,7000.0,0.1,1.0,0.0,200.0,28.14,VALID,100.2
2026-08-22 07:15:00,A,A1,8236.0,7000.0,0.1,1.0,0.0,200.0,28.2,VALID,123.6
2026-08-22 07:15:00,A,A2,8245.0,7000.0,0.1,1.0,0.0,200.0,27.78,VALID,124.5
2026-08-22 07:15:00,A,A3,8244.0,7000.0,0.1,1.0,0.0,200.0,27.98,VALID,124.4
2026-08-22 07:15:00,B,B1,8045.0,7000.0,0.1,1.0,0.0,200.0,27.63,VALID,104.5
2026-08-22 07:15:00,B,B2,8074.0,7000.0,0.1,1.0,0.0,200.0,27.81,VALID,107.4
2026-08-22 07:15:00,B,B3,8062.0,7000.0,0.1,1.0,0.0,200.0,28.06,VALID,106.2
2026-08-22 07:15:00,C,C1,8399.0,7000.0,0.1,1.0,0.0,200.0,28.11,VALID,139.9
2026-08-22 07:15:00,C,C2,8417.0,7000.0,0.1,1.0,0.0,200.0,27.89,VALID,141.7
2026-08-22 07:15:00,C,C3,8418.0,7000.0,0.1,1.0,0.0,200.0,27.54,VALID,141.8
2026-08-22 07:15:00,D,D1,7976.0,7000.0,0.1,1.0,0.0,200.0,27.67,VALID,97.6
2026-08-22 07:15:00,D,D2,8000.0,7000.0,0.1,1.0,0.0,200.0,28.17,VALID,100.0
2026-08-22 07:15:00,D,D3,8010.0,7000.0,0.1,1.0,0.0,200.0,27.68,VALID,101.0
2026-08-22 07:30:00,A,A1,8226.0,7000.0,0.1,1.0,0.0,200.0,27.88,VALID,122.6
2026-08-22 07:30:00,A,A2,8247.0,7000.0,0.1,1.0,0.0,200.0,27.85,VALID,124.7
2026-08-22 07:30:00,A,A3,8234.0,7000.0,0.1,1.0,0.0,200.0,28.11,VALID,123.4
2026-08-22 07:30:00,B,B1,8063.0,7000.0,0.1,1.0,0.0,200.0,27.56,VALID,106.3
2026-08-22 07:30:00,B,B2,8075.0,7000.0,0.1,1.0,0.0,200.0,27.95,VALID,107.5
2026-08-22 07:30:00,B,B3,8064.0,7000.0,0.1,1.0,0.0,200.0,28.0,VALID,106.4
2026-08-22 07:30:00,C,C1,8393.0,7000.0,0.1,1.0,0.0,200.0,27.81,VALID,139.3
2026-08-22 07:30:00,C,C2,8434.0,7000.0,0.1,1.0,0.0,200.0,27.37,VALID,143.4
2026-08-22 07:30:00,C,C3,8410.0,7000.0,0.1,1.0,0.0,200.0,27.64,VALID,141.0
2026-08-22 07:30:00,D,D1,7971.0,7000.0,0.1,1.0,0.0,200.0,28.06,VALID,97.1
2026-08-22 07:30:00,D,D2,8004.0,7000.0,0.1,1.0,0.0,200.0,27.77,VALID,100.4
2026-08-22 07:30:00,D,D3,7986.0,7000.0,0.1,1.0,0.0,200.0,27.83,VALID,98.6
2026-08-22 07:45:00,A,A1,8229.0,7000.0,0.1,1.0,0.0,200.0,27.53,VALID,122.9
2026-08-22 07:45:00,A,A2,8242.0,7000.0,0.1,1.0,0.0,200.0,27.86,VALID,124.2
2026-08-22 07:45:00,A,A3,8213.0,7000.0,0.1,1.0,0.0,200.0,27.68,VALID,121.3
2026-08-22 07:45:00,B,B1,8048.0,7000.0,0.1,1.0,0.0,200.0,27.66,VALID,104.8
2026-08-22 07:45:00,B,B2,8063.0,7000.0,0.1,1.0,0.0,200.0,27.72,VALID,106.3
2026-08-22 07:45:00,B,B3,8078.0,7000.0,0.1,1.0,0.0,200.0,27.63,VALID,107.8
2026-08-22 07:45:00,C,C1,8393.0,7000.0,0.1,1.0,0.0,200.0,28.09,VALID,139.3
2026-08-22 07:45:00,C,C2,8427.0,7000.0,0.1,1.0,0.0,200.0,28.05,VALID,142.7
2026-08-22 07:45:00,C,C3,8410.0,7000.0,0.1,1.0,0.0,200.0,28.05,VALID,141.0
2026-08-22 07:45:00,D,D1,7987.0,7000.0,0.1,1.0,0.0,200.0,27.75,VALID,98.7
2026-08-22 07:45:00,D,D2,7998.0,7000.0,0.1,1.0,0.0,200.0,27.57,VALID,99.8
2026-08-22 07:45:00,D,D3,7991.0,7000.0,0.1,1.0,0.0,200.0,27.87,VALID,99.1
2026-08-22 08:00:00,A,A1,8219.0,7000.0,0.1,1.0,0.0,200.0,27.53,VALID,121.9
2026-08-22 08:00:00,A,A2,8239.0,7000.0,0.1,1.0,0.0,200.0,27.8,VALID,123.9
2026-08-22 08:00:00,A,A3,8240.0,7000.0,0.1,1.0,0.0,200.0,27.46,VALID,124.0
2026-08-22 08:00:00,B,B1,8045.0,7000.0,0.1,1.0,0.0,200.0,27.67,VALID,104.5
2026-08-22 08:00:00,B,B2,8080.0,7000.0,0.1,1.0,0.0,200.0,27.83,VALID,108.0
2026-08-22 08:00:00,B,B3,8048.0,7000.0,0.1,1.0,0.0,200.0,27.55,VALID,104.8
2026-08-22 08:00:00,C,C1,8381.0,7000.0,0.1,1.0,0.0,200.0,27.54,VALID,138.1
2026-08-22 08:00:00,C,C2,8446.0,7000.0,0.1,1.0,0.0,200.0,27.31,VALID,144.6
2026-08-22 08:00:00,C,C3,8395.0,7000.0,0.1,1.0,0.0,200.0,27.43,VALID,139.5
2026-08-22 08:00:00,D,D1,7982.0,7000.0,0.1,1.0,0.0,200.0,27.72,VALID,98.2
2026-08-22 08:00:00,D,D2,8001.0,7000.0,0.1,1.0,0.0,200.0,27.83,VALID,100.1
2026-08-22 08:00:00,D,D3,7973.0,7000.0,0.1,1.0,0.0,200.0,27.84,VALID,97.3
2026-08-22 08:15:00,A,A1,8215.0,7000.0,0.1,1.0,0.0,200.0,27.64,VALID,121.5
2026-08-22 08:15:00,A,A2,8228.0,7000.0,0.1,1.0,0.0,200.0,27.5,VALID,122.8
2026-08-22 08:15:00,A,A3,8230.0,7000.0,0.1,1.0,0.0,200.0,27.73,VALID,123.0
2026-08-22 08:15:00,B,B1,6800.0,7000.0,0.1,1.0,0.0,200.0,27.5,VALID,-20.0
2026-08-22 08:15:00,B,B2,8055.0,7000.0,0.1,1.0,0.0,200.0,27.6,VALID,105.5
2026-08-22 08:15:00,B,B3,8065.0,7000.0,0.1,1.0,0.0,200.0,27.75,VALID,106.5
2026-08-22 08:15:00,C,C1,8383.0,7000.0,0.1,1.0,0.0,200.0,27.68,VALID,138.3
2026-08-22 08:15:00,C,C2,8442.0,7000.0,0.1,1.0,0.0,200.0,27.17,VALID,144.2
2026-08-22 08:15:00,C,C3,8413.0,7000.0,0.1,1.0,0.0,200.0,27.69,VALID,141.3
2026-08-22 08:15:00,D,D1,7976.0,7000.0,0.1,1.0,0.0,200.0,27.25,VALID,97.6
2026-08-22 08:15:00,D,D2,8004.0,7000.0,0.1,1.0,0.0,200.0,27.25,VALID,100.4
2026-08-22 08:15:00,D,D3,7986.0,7000.0,0.1,1.0,0.0,200.0,27.49,VALID,98.6
2026-08-22 08:30:00,A,A1,8223.0,7000.0,0.1,1.0,0.0,200.0,27.25,VALID,122.3
2026-08-22 08:30:00,A,A2,8232.0,7000.0,0.1,1.0,0.0,200.0,27.4,VALID,123.2
2026-08-22 08:30:00,A,A3,8236.0,7000.0,0.1,1.0,0.0,200.0,27.84,VALID,123.6
2026-08-22 08:30:00,B,B1,6800.0,7000.0,0.1,1.0,0.0,200.0,27.44,VALID,-20.0
2026-08-22 08:30:00,B,B2,8054.0,7000.0,0.1,1.0,0.0,200.0,27.58,VALID,105.4
2026-08-22 08:30:00,B,B3,8048.0,7000.0,0.1,1.0,0.0,200.0,27.25,VALID,104.8
2026-08-22 08:30:00,C,C1,8381.0,7000.0,0.1,1.0,0.0,200.0,27.36,VALID,138.1
2026-08-22 08:30:00,C,C2,8431.0,7000.0,0.1,1.0,0.0,200.0,27.48,VALID,143.1
2026-08-22 08:30:00,C,C3,8406.0,7000.0,0.1,1.0,0.0,200.0,27.11,VALID,140.6
2026-08-22 08:30:00,D,D1,7983.0,7000.0,0.1,1.0,0.0,200.0,27.37,VALID,98.3
2026-08-22 08:30:00,D,D2,8005.0,7000.0,0.1,1.0,0.0,200.0,27.24,VALID,100.5
2026-08-22 08:30:00,D,D3,7972.0,7000.0,0.1,1.0,0.0,200.0,27.37,VALID,97.2
2026-08-22 08:45:00,A,A1,8227.0,7000.0,0.1,1.0,0.0,200.0,27.29,VALID,122.7
2026-08-22 08:45:00,A,A2,8235.0,7000.0,0.1,1.0,0.0,200.0,27.08,VALID,123.5
2026-08-22 08:45:00,A,A3,8241.0,7000.0,0.1,1.0,0.0,200.0,27.05,VALID,124.1
2026-08-22 08:45:00,B,B1,6800.0,7000.0,0.1,1.0,0.0,200.0,27.37,VALID,-20.0
2026-08-22 08:45:00,B,B2,8045.0,7000.0,0.1,1.0,0.0,200.0,27.51,VALID,104.5
2026-08-22 08:45:00,B,B3,8061.0,7000.0,0.1,1.0,0.0,200.0,27.44,VALID,106.1
2026-08-22 08:45:00,C,C1,8390.0,7000.0,0.1,1.0,0.0,200.0,27.22,VALID,139.0
2026-08-22 08:45:00,C,C2,8418.0,7000.0,0.1,1.0,0.0,200.0,27.23,VALID,141.8
2026-08-22 08:45:00,C,C3,8396.0,7000.0,0.1,1.0,0.0,200.0,27.35,VALID,139.6
2026-08-22 08:45:00,D,D1,7982.0,7000.0,0.1,1.0,0.0,200.0,27.55,VALID,98.2
2026-08-22 08:45:00,D,D2,7996.0,7000.0,0.1,1.0,0.0,200.0,27.44,VALID,99.6
2026-08-22 08:45:00,D,D3,7982.0,7000.0,0.1,1.0,0.0,200.0,27.16,VALID,98.2
2026-08-22 09:00:00,A,A1,8218.0,7000.0,0.1,1.0,0.0,200.0,27.04,VALID,121.8
2026-08-22 09:00:00,A,A2,8238.0,7000.0,0.1,1.0,0.0,200.0,26.91,VALID,123.8
2026-08-22 09:00:00,A,A3,8216.0,7000.0,0.1,1.0,0.0,200.0,27.25,VALID,121.6
2026-08-22 09:00:00,B,B1,6800.0,7000.0,0.1,1.0,0.0,200.0,26.92,VALID,-20.0
2026-08-22 09:00:00,B,B2,8067.0,7000.0,0.1,1.0,0.0,200.0,27.01,VALID,106.7
2026-08-22 09:00:00,B,B3,8054.0,7000.0,0.1,1.0,0.0,200.0,27.4,VALID,105.4
2026-08-22 09:00:00,C,C1,8391.0,7000.0,0.1,1.0,0.0,200.0,27.28,VALID,139.1
2026-08-22 09:00:00,C,C2,8443.0,7000.0,0.1,1.0,0.0,200.0,26.98,VALID,144.3
2026-08-22 09:00:00,C,C3,8395.0,7000.0,0.1,1.0,0.0,200.0,26.98,VALID,139.5
2026-08-22 09:00:00,D,D1,7971.0,7000.0,0.1,1.0,0.0,200.0,26.65,VALID,97.1
2026-08-22 09:00:00,D,D2,7990.0,7000.0,0.1,1.0,0.0,200.0,27.01,VALID,99.0
2026-08-22 09:00:00,D,D3,7991.0,7000.0,0.1,1.0,0.0,200.0,27.19,VALID,99.1
2026-08-22 09:15:00,A,A1,8207.0,7000.0,0.1,1.0,0.0,200.0,27.1,VALID,120.7
2026-08-22 09:15:00,A,A2,8240.0,7000.0,0.1,1.0,0.0,200.0,26.82,VALID,124.0
2026-08-22 09:15:00,A,A3,8217.0,7000.0,0.1,1.0,0.0,200.0,26.53,VALID,121.7
2026-08-22 09:15:00,B,B1,6800.0,7000.0,0.1,1.0,0.0,200.0,26.83,VALID,-20.0
2026-08-22 09:15:00,B,B2,8060.0,7000.0,0.1,1.0,0.0,200.0,26.79,VALID,106.0
2026-08-22 09:15:00,B,B3,8047.0,7000.0,0.1,1.0,0.0,200.0,26.73,VALID,104.7
2026-08-22 09:15:00,C,C1,8383.0,7000.0,0.1,1.0,0.0,200.0,27.06,VALID,138.3
2026-08-22 09:15:00,C,C2,8428.0,7000.0,0.1,1.0,0.0,200.0,26.98,VALID,142.8
2026-08-22 09:15:00,C,C3,8388.0,7000.0,0.1,1.0,0.0,200.0,26.85,VALID,138.8
2026-08-22 09:15:00,D,D1,7968.0,7000.0,0.1,1.0,0.0,200.0,26.9,VALID,96.8
2026-08-22 09:15:00,D,D2,7991.0,7000.0,0.1,1.0,0.0,200.0,27.26,VALID,99.1
2026-08-22 09:15:00,D,D3,7989.0,7000.0,0.1,1.0,0.0,200.0,26.78,VALID,98.9
2026-08-22 09:30:00,A,A1,8216.0,7000.0,0.1,1.0,0.0,200.0,26.95,VALID,121.6
2026-08-22 09:30:00,A,A2,8225.0,7000.0,0.1,1.0,0.0,200.0,27.0,VALID,122.5
2026-08-22 09:30:00,A,A3,8219.0,7000.0,0.1,1.0,0.0,200.0,26.54,VALID,121.9
2026-08-22 09:30:00,B,B1,6800.0,7000.0,0.1,1.0,0.0,200.0,26.87,VALID,-20.0
2026-08-22 09:30:00,B,B2,8055.0,7000.0,0.1,1.0,0.0,200.0,26.82,VALID,105.5
2026-08-22 09:30:00,B,B3,8044.0,7000.0,0.1,1.0,0.0,200.0,26.95,VALID,104.4
2026-08-22 09:30:00,C,C1,8380.0,7000.0,0.1,1.0,0.0,200.0,26.86,VALID,138.0
2026-08-22 09:30:00,C,C2,8425.0,7000.0,0.1,1.0,0.0,200.0,26.6,VALID,142.5
2026-08-22 09:30:00,C,C3,8392.0,7000.0,0.1,1.0,0.0,200.0,26.38,VALID,139.2
2026-08-22 09:30:00,D,D1,7975.0,7000.0,0.1,1.0,0.0,200.0,26.58,VALID,97.5
2026-08-22 09:30:00,D,D2,7989.0,7000.0,0.1,1.0,0.0,200.0,26.9,VALID,98.9
2026-08-22 09:30:00,D,D3,7986.0,7000.0,0.1,1.0,0.0,200.0,26.59,VALID,98.6
2026-08-22 09:45:00,A,A1,8208.0,7000.0,0.1,1.0,0.0,200.0,27.0,VALID,120.8
2026-08-22 09:45:00,A,A2,8246.0,7000.0,0.1,1.0,0.0,200.0,26.86,VALID,124.6
2026-08-22 09:45:00,A,A3,8221.0,7000.0,0.1,1.0,0.0,200.0,26.47,VALID,122.1
2026-08-22 09:45:00,B,B1,6800.0,7000.0,0.1,1.0,0.0,200.0,26.64,VALID,-20.0
2026-08-22 09:45:00,B,B2,8060.0,7000.0,0.1,1.0,0.0,200.0,26.54,VALID,106.0
2026-08-22 09:45:00,B,B3,8047.0,7000.0,0.1,1.0,0.0,200.0,26.7,VALID,104.7
2026-08-22 09:45:00,C,C1,8381.0,7000.0,0.1,1.0,0.0,200.0,26.77,VALID,138.1
2026-08-22 09:45:00,C,C2,8415.0,7000.0,0.1,1.0,0.0,200.0,26.4,VALID,141.5
2026-08-22 09:45:00,C,C3,8413.0,7000.0,0.1,1.0,0.0,200.0,27.16,VALID,141.3
2026-08-22 09:45:00,D,D1,7972.0,7000.0,0.1,1.0,0.0,200.0,26.4,VALID,97.2
2026-08-22 09:45:00,D,D2,7979.0,7000.0,0.1,1.0,0.0,200.0,26.77,VALID,97.9
2026-08-22 09:45:00,D,D3,7991.0,7000.0,0.1,1.0,0.0,200.0,26.42,VALID,99.1
2026-08-22 10:00:00,A,A1,8205.0,7000.0,0.1,1.0,0.0,200.0,26.54,VALID,120.5
2026-08-22 10:00:00,A,A2,8236.0,7000.0,0.1,1.0,0.0,200.0,26.43,VALID,123.6
2026-08-22 10:00:00,A,A3,8202.0,7000.0,0.1,1.0,0.0,200.0,26.62,VALID,120.2
2026-08-22 10:00:00,B,B1,6800.0,7000.0,0.1,1.0,0.0,200.0,26.48,VALID,-20.0
2026-08-22 10:00:00,B,B2,8057.0,7000.0,0.1,1.0,0.0,200.0,26.41,VALID,105.7
2026-08-22 10:00:00,B,B3,8039.0,7000.0,0.1,1.0,0.0,200.0,26.71,VALID,103.9
2026-08-22 10:00:00,C,C1,8380.0,7000.0,0.1,1.0,0.0,200.0,26.6,VALID,138.0
2026-08-22 10:00:00,C,C2,8432.0,7000.0,0.1,1.0,0.0,200.0,26.29,VALID,143.2
2026-08-22 10:00:00,C,C3,8392.0,7000.0,0.1,1.0,0.0,200.0,26.53,VALID,139.2
2026-08-22 10:00:00,D,D1,7961.0,7000.0,0.1,1.0,0.0,200.0,26.66,VALID,96.1
2026-08-22 10:00:00,D,D2,7983.0,7000.0,0.1,1.0,0.0,200.0,26.3,VALID,98.3
2026-08-22 10:00:00,D,D3,7977.0,7000.0,0.1,1.0,0.0,200.0,26.53,VALID,97.7
2026-08-22 10:15:00,A,A1,8213.0,7000.0,0.1,1.0,0.0,200.0,26.41,VALID,121.3
2026-08-22 10:15:00,A,A2,8231.0,7000.0,0.1,1.0,0.0,200.0,26.39,VALID,123.1
2026-08-22 10:15:00,A,A3,8213.0,7000.0,0.1,1.0,0.0,200.0,26.18,VALID,121.3
2026-08-22 10:15:00,B,B1,6800.0,7000.0,0.1,1.0,0.0,200.0,26.26,VALID,-20.0
2026-08-22 10:15:00,B,B2,8067.0,7000.0,0.1,1.0,0.0,200.0,26.6,VALID,106.7
2026-08-22 10:15:00,B,B3,8050.0,7000.0,0.1,1.0,0.0,200.0,26.4,VALID,105.0
2026-08-22 10:15:00,C,C1,8374.0,7000.0,0.1,1.0,0.0,200.0,26.07,VALID,137.4
2026-08-22 10:15:00,C,C2,8415.0,7000.0,0.1,1.0,0.0,200.0,26.35,VALID,141.5
2026-08-22 10:15:00,C,C3,8397.0,7000.0,0.1,1.0,0.0,200.0,26.42,VALID,139.7
2026-08-22 10:15:00,D,D1,7973.0,7000.0,0.1,1.0,0.0,200.0,26.19,VALID,97.3
2026-08-22 10:15:00,D,D2,7976.0,7000.0,0.1,1.0,0.0,200.0,26.62,VALID,97.6
2026-08-22 10:15:00,D,D3,7982.0,7000.0,0.1,1.0,0.0,200.0,26.25,VALID,98.2
2026-08-22 10:30:00,A,A1,8202.0,7000.0,0.1,1.0,0.0,200.0,26.13,VALID,120.2
2026-08-22 10:30:00,A,A2,8225.0,7000.0,0.1,1.0,0.0,200.0,26.24,VALID,122.5
2026-08-22 10:30:00,A,A3,8235.0,7000.0,0.1,1.0,0.0,200.0,26.19,VALID,123.5
2026-08-22 10:30:00,B,B1,6800.0,7000.0,0.1,1.0,0.0,200.0,25.81,VALID,-20.0
2026-08-22 10:30:00,B,B2,8045.0,7000.0,0.1,1.0,0.0,200.0,26.39,VALID,104.5
2026-08-22 10:30:00,B,B3,8046.0,7000.0,0.1,1.0,0.0,200.0,25.27,VALID,104.6
2026-08-22 10:30:00,C,C1,8379.0,7000.0,0.1,1.0,0.0,200.0,26.53,VALID,137.9
2026-08-22 10:30:00,C,C2,8397.0,7000.0,0.1,1.0,0.0,200.0,26.45,VALID,139.7
2026-08-22 10:30:00,C,C3,8368.0,7000.0,0.1,1.0,0.0,200.0,26.34,VALID,136.8
2026-08-22 10:30:00,D,D1,7963.0,7000.0,0.1,1.0,0.0,200.0,25.68,VALID,96.3
2026-08-22 10:30:00,D,D2,7985.0,7000.0,0.1,1.0,0.0,200.0,26.38,VALID,98.5
2026-08-22 10:30:00,D,D3,7976.0,7000.0,0.1,1.0,0.0,200.0,26.27,VALID,97.6
2026-08-22 10:45:00,A,A1,8197.0,7000.0,0.1,1.0,0.0,200.0,25.59,VALID,119.7
2026-08-22 10:45:00,A,A2,8229.0,7000.0,0.1,1.0,0.0,200.0,26.31,VALID,122.9
2026-08-22 10:45:00,A,A3,8221.0,7000.0,0.1,1.0,0.0,200.0,25.57,VALID,122.1
2026-08-22 10:45:00,B,B1,6800.0,7000.0,0.1,1.0,0.0,200.0,25.8,VALID,-20.0
2026-08-22 10:45:00,B,B2,8033.0,7000.0,0.1,1.0,0.0,200.0,25.97,VALID,103.3
2026-08-22 10:45:00,B,B3,8044.0,7000.0,0.1,1.0,0.0,200.0,25.68,VALID,104.4
2026-08-22 10:45:00,C,C1,8378.0,7000.0,0.1,1.0,0.0,200.0,26.08,VALID,137.8
2026-08-22 10:45:00,C,C2,8408.0,7000.0,0.1,1.0,0.0,200.0,25.93,VALID,140.8
2026-08-22 10:45:00,C,C3,8373.0,7000.0,0.1,1.0,0.0,200.0,25.9,VALID,137.3
2026-08-22 10:45:00,D,D1,7961.0,7000.0,0.1,1.0,0.0,200.0,26.0,VALID,96.1
2026-08-22 10:45:00,D,D2,7982.0,7000.0,0.1,1.0,0.0,200.0,26.01,VALID,98.2
2026-08-22 10:45:00,D,D3,7968.0,7000.0,0.1,1.0,0.0,200.0,26.02,VALID,96.8
2026-08-22 11:00:00,A,A1,8208.0,7000.0,0.1,1.0,0.0,200.0,25.76,VALID,120.8
2026-08-22 11:00:00,A,A2,8223.0,7000.0,0.1,1.0,0.0,200.0,25.74,VALID,122.3
2026-08-22 11:00:00,A,A3,8203.0,7000.0,0.1,1.0,0.0,200.0,25.88,VALID,120.3
2026-08-22 11:00:00,B,B1,8026.0,7000.0,0.1,1.0,0.0,200.0,25.85,VALID,102.6
2026-08-22 11:00:00,B,B2,8046.0,7000.0,0.1,1.0,0.0,200.0,25.72,VALID,104.6
2026-08-22 11:00:00,B,B3,8036.0,7000.0,0.1,1.0,0.0,200.0,25.67,VALID,103.6
2026-08-22 11:00:00,C,C1,8354.0,7000.0,0.1,1.0,0.0,200.0,25.85,VALID,135.4
2026-08-22 11:00:00,C,C2,8413.0,7000.0,0.1,1.0,0.0,200.0,25.95,VALID,141.3
2026-08-22 11:00:00,C,C3,8384.0,7000.0,0.1,1.0,0.0,200.0,26.16,VALID,138.4
2026-08-22 11:00:00,D,D1,7955.0,7000.0,0.1,1.0,0.0,200.0,25.6,VALID,95.5
2026-08-22 11:00:00,D,D2,7968.0,7000.0,0.1,1.0,0.0,200.0,25.43,VALID,96.8
2026-08-22 11:00:00,D,D3,7982.0,7000.0,0.1,1.0,0.0,200.0,26.05,VALID,98.2
2026-08-22 11:15:00,A,A1,8202.0,7000.0,0.1,1.0,0.0,200.0,25.41,VALID,120.2
2026-08-22 11:15:00,A,A2,8235.0,7000.0,0.1,1.0,0.0,200.0,25.51,VALID,123.5
2026-08-22 11:15:00,A,A3,8204.0,7000.0,0.1,1.0,0.0,200.0,25.87,VALID,120.4
2026-08-22 11:15:00,B,B1,8034.0,7000.0,0.1,1.0,0.0,200.0,26.03,VALID,103.4
2026-08-22 11:15:00,B,B2,8046.0,7000.0,0.1,1.0,0.0,200.0,25.51,VALID,104.6
2026-08-22 11:15:00,B,B3,8031.0,7000.0,0.1,1.0,0.0,200.0,25.22,VALID,103.1
2026-08-22 11:15:00,C,C1,8364.0,7000.0,0.1,1.0,0.0,200.0,25.81,VALID,136.4
2026-08-22 11:15:00,C,C2,8414.0,7000.0,0.1,1.0,0.0,200.0,25.59,VALID,141.4
2026-08-22 11:15:00,C,C3,8377.0,7000.0,0.1,1.0,0.0,200.0,25.63,VALID,137.7
2026-08-22 11:15:00,D,D1,7966.0,7000.0,0.1,1.0,0.0,200.0,25.67,VALID,96.6
2026-08-22 11:15:00,D,D2,7976.0,7000.0,0.1,1.0,0.0,200.0,25.43,VALID,97.6
2026-08-22 11:15:00,D,D3,7974.0,7000.0,0.1,1.0,0.0,200.0,24.96,VALID,97.4
2026-08-22 11:30:00,A,A1,8198.0,7000.0,0.1,1.0,0.0,200.0,25.91,VALID,119.8
2026-08-22 11:30:00,A,A2,8203.0,7000.0,0.1,1.0,0.0,200.0,25.34,VALID,120.3
2026-08-22 11:30:00,A,A3,8204.0,7000.0,0.1,1.0,0.0,200.0,25.3,VALID,120.4
2026-08-22 11:30:00,B,B1,8036.0,7000.0,0.1,1.0,0.0,200.0,25.49,VALID,103.6
2026-08-22 11:30:00,B,B2,8043.0,7000.0,0.1,1.0,0.0,200.0,25.55,VALID,104.3
2026-08-22 11:30:00,B,B3,8034.0,7000.0,0.1,1.0,0.0,200.0,26.03,VALID,103.4
2026-08-22 11:30:00,C,C1,8366.0,7000.0,0.1,1.0,0.0,200.0,25.43,VALID,136.6
2026-08-22 11:30:00,C,C2,8391.0,7000.0,0.1,1.0,0.0,200.0,25.28,VALID,139.1
2026-08-22 11:30:00,C,C3,8395.0,7000.0,0.1,1.0,0.0,200.0,25.12,VALID,139.5
2026-08-22 11:30:00,D,D1,7935.0,7000.0,0.1,1.0,0.0,200.0,25.4,VALID,93.5
2026-08-22 11:30:00,D,D2,7985.0,7000.0,0.1,1.0,0.0,200.0,25.4,VALID,98.5
2026-08-22 11:30:00,D,D3,7961.0,7000.0,0.1,1.0,0.0,200.0,25.02,VALID,96.1
2026-08-22 11:45:00,A,A1,8196.0,7000.0,0.1,1.0,0.0,200.0,25.33,VALID,119.6
2026-08-22 11:45:00,A,A2,8198.0,7000.0,0.1,1.0,0.0,200.0,25.42,VALID,119.8
2026-08-22 11:45:00,A,A3,8209.0,7000.0,0.1,1.0,0.0,200.0,25.42,VALID,120.9
2026-08-22 11:45:00,B,B1,8029.0,7000.0,0.1,1.0,0.0,200.0,25.33,VALID,102.9
2026-08-22 11:45:00,B,B2,8044.0,7000.0,0.1,1.0,0.0,200.0,25.37,VALID,104.4
2026-08-22 11:45:00,B,B3,8016.0,7000.0,0.1,1.0,0.0,200.0,24.9,VALID,101.6
2026-08-22 11:45:00,C,C1,8356.0,7000.0,0.1,1.0,0.0,200.0,25.17,VALID,135.6
2026-08-22 11:45:00,C,C2,8408.0,7000.0,0.1,1.0,0.0,200.0,25.26,VALID,140.8
2026-08-22 11:45:00,C,C3,8392.0,7000.0,0.1,1.0,0.0,200.0,25.43,VALID,139.2
2026-08-22 11:45:00,D,D1,7944.0,7000.0,0.1,1.0,0.0,200.0,25.24,VALID,94.4
2026-08-22 11:45:00,D,D2,7963.0,7000.0,0.1,1.0,0.0,200.0,25.16,VALID,96.3
2026-08-22 11:45:00,D,D3,7965.0,7000.0,0.1,1.0,0.0,200.0,24.51,VALID,96.5
2026-08-22 12:00:00,A,A1,8212.0,7000.0,0.1,1.0,0.0,200.0,25.11,VALID,121.2
2026-08-22 12:00:00,A,A2,8207.0,7000.0,0.1,1.0,0.0,200.0,25.39,VALID,120.7
2026-08-22 12:00:00,A,A3,8197.0,7000.0,0.1,1.0,0.0,200.0,25.03,VALID,119.7
2026-08-22 12:00:00,B,B1,8018.0,7000.0,0.1,1.0,0.0,200.0,25.33,VALID,101.8
2026-08-22 12:00:00,B,B2,8036.0,7000.0,0.1,1.0,0.0,200.0,25.03,VALID,103.6
2026-08-22 12:00:00,B,B3,8041.0,7000.0,0.1,1.0,0.0,200.0,25.12,VALID,104.1
2026-08-22 12:00:00,C,C1,8360.0,7000.0,0.1,1.0,0.0,200.0,25.22,VALID,136.0
2026-08-22 12:00:00,C,C2,8425.0,7000.0,0.1,1.0,0.0,200.0,25.06,VALID,142.5
2026-08-22 12:00:00,C,C3,8381.0,7000.0,0.1,1.0,0.0,200.0,25.03,VALID,138.1
2026-08-22 12:00:00,D,D1,7962.0,7000.0,0.1,1.0,0.0,200.0,24.88,VALID,96.2
2026-08-22 12:00:00,D,D2,7965.0,7000.0,0.1,1.0,0.0,200.0,24.69,VALID,96.5
2026-08-22 12:00:00,D,D3,7949.0,7000.0,0.1,1.0,0.0,200.0,24.9,VALID,94.9
2026-08-22 12:15:00,A,A1,8187.0,7000.0,0.1,1.0,0.0,200.0,25.16,VALID,118.7
2026-08-22 12:15:00,A,A2,8215.0,7000.0,0.1,1.0,0.0,200.0,24.62,VALID,121.5
2026-08-22 12:15:00,A,A3,8191.0,7000.0,0.1,1.0,0.0,200.0,25.08,VALID,119.1
2026-08-22 12:15:00,B,B1,8030.0,7000.0,0.1,1.0,0.0,200.0,24.81,VALID,103.0
2026-08-22 12:15:00,B,B2,8031.0,7000.0,0.1,1.0,0.0,200.0,25.03,VALID,103.1
2026-08-22 12:15:00,B,B3,8019.0,7000.0,0.1,1.0,0.0,200.0,24.88,VALID,101.9
2026-08-22 12:15:00,C,C1,8378.0,7000.0,0.1,1.0,0.0,200.0,24.84,VALID,137.8
2026-08-22 12:15:00,C,C2,8393.0,7000.0,0.1,1.0,0.0,200.0,24.89,VALID,139.3
2026-08-22 12:15:00,C,C3,8374.0,7000.0,0.1,1.0,0.0,200.0,24.52,VALID,137.4
2026-08-22 12:15:00,D,D1,7954.0,7000.0,0.1,1.0,0.0,200.0,25.03,VALID,95.4
2026-08-22 12:15:00,D,D2,7963.0,7000.0,0.1,1.0,0.0,200.0,24.73,VALID,96.3
2026-08-22 12:15:00,D,D3,7949.0,7000.0,0.1,1.0,0.0,200.0,24.77,VALID,94.9
2026-08-22 12:30:00,A,A1,8181.0,7000.0,0.1,1.0,0.0,200.0,24.41,VALID,118.1
2026-08-22 12:30:00,A,A2,8225.0,7000.0,0.1,1.0,0.0,200.0,24.7,VALID,122.5
2026-08-22 12:30:00,A,A3,8201.0,7000.0,0.1,1.0,0.0,200.0,24.79,VALID,120.1
2026-08-22 12:30:00,B,B1,8025.0,7000.0,0.1,1.0,0.0,200.0,24.53,VALID,102.5
2026-08-22 12:30:00,B,B2,8035.0,7000.0,0.1,1.0,0.0,200.0,24.55,VALID,103.5
2026-08-22 12:30:00,B,B3,8030.0,7000.0,0.1,1.0,0.0,200.0,24.68,VALID,103.0
2026-08-22 12:30:00,C,C1,8352.0,7000.0,0.1,1.0,0.0,200.0,24.34,VALID,135.2
2026-08-22 12:30:00,C,C2,8399.0,7000.0,0.1,1.0,0.0,200.0,24.57,VALID,139.9
2026-08-22 12:30:00,C,C3,8359.0,7000.0,0.1,1.0,0.0,200.0,24.71,VALID,135.9
2026-08-22 12:30:00,D,D1,7954.0,7000.0,0.1,1.0,0.0,200.0,25.11,VALID,95.4
2026-08-22 12:30:00,D,D2,7960.0,7000.0,0.1,1.0,0.0,200.0,24.5,VALID,96.0
2026-08-22 12:30:00,D,D3,7946.0,7000.0,0.1,1.0,0.0,200.0,24.65,VALID,94.6
2026-08-22 12:45:00,A,A1,8185.0,7000.0,0.1,1.0,0.0,200.0,24.25,VALID,118.5
2026-08-22 12:45:00,A,A2,8204.0,7000.0,0.1,1.0,0.0,200.0,24.02,VALID,120.4
2026-08-22 12:45:00,A,A3,8202.0,7000.0,0.1,1.0,0.0,200.0,24.26,VALID,120.2
2026-08-22 12:45:00,B,B1,8015.0,7000.0,0.1,1.0,0.0,200.0,24.13,VALID,101.5
2026-08-22 12:45:00,B,B2,8025.0,7000.0,0.1,1.0,0.0,200.0,24.36,VALID,102.5
2026-08-22 12:45:00,B,B3,8023.0,7000.0,0.1,1.0,0.0,200.0,24.51,VALID,102.3
2026-08-22 12:45:00,C,C1,8367.0,7000.0,0.1,1.0,0.0,200.0,24.56,VALID,136.7
2026-08-22 12:45:00,C,C2,8404.0,7000.0,0.1,1.0,0.0,200.0,24.7,VALID,140.4
2026-08-22 12:45:00,C,C3,8379.0,7000.0,0.1,1.0,0.0,200.0,24.41,VALID,137.9
2026-08-22 12:45:00,D,D1,7953.0,7000.0,0.1,1.0,0.0,200.0,24.63,VALID,95.3
2026-08-22 12:45:00,D,D2,7967.0,7000.0,0.1,1.0,0.0,200.0,24.12,VALID,96.7
2026-08-22 12:45:00,D,D3,7946.0,7000.0,0.1,1.0,0.0,200.0,24.36,VALID,94.6
2026-08-22 13:00:00,A,A1,8188.0,7000.0,0.1,1.0,0.0,200.0,24.22,VALID,118.8
2026-08-22 13:00:00,A,A2,8214.0,7000.0,0.1,1.0,0.0,200.0,24.49,VALID,121.4
2026-08-22 13:00:00,A,A3,8202.0,7000.0,0.1,1.0,0.0,200.0,24.46,VALID,120.2
2026-08-22 13:00:00,B,B1,8004.0,7000.0,0.1,1.0,0.0,200.0,24.32,VALID,100.4
2026-08-22 13:00:00,B,B2,8023.0,7000.0,0.1,1.0,0.0,200.0,23.89,VALID,102.3
2026-08-22 13:00:00,B,B3,8019.0,7000.0,0.1,1.0,0.0,200.0,24.49,VALID,101.9
2026-08-22 13:00:00,C,C1,8356.0,7000.0,0.1,1.0,0.0,200.0,24.63,VALID,135.6
2026-08-22 13:00:00,C,C2,8395.0,7000.0,0.1,1.0,0.0,200.0,24.71,VALID,139.5
2026-08-22 13:00:00,C,C3,8373.0,7000.0,0.1,1.0,0.0,200.0,24.23,VALID,137.3
2026-08-22 13:00:00,D,D1,7930.0,7000.0,0.1,1.0,0.0,200.0,24.45,VALID,93.0
2026-08-22 13:00:00,D,D2,7955.0,7000.0,0.1,1.0,0.0,200.0,24.09,VALID,95.5
2026-08-22 13:00:00,D,D3,7963.0,7000.0,0.1,1.0,0.0,200.0,24.46,VALID,96.3
2026-08-22 13:15:00,A,A1,8190.0,7000.0,0.1,1.0,0.0,200.0,23.96,VALID,119.0
2026-08-22 13:15:00,A,A2,8201.0,7000.0,0.1,1.0,0.0,200.0,24.02,VALID,120.1
2026-08-22 13:15:00,A,A3,8196.0,7000.0,0.1,1.0,0.0,200.0,24.35,VALID,119.6
2026-08-22 13:15:00,B,B1,8015.0,7000.0,0.1,1.0,0.0,200.0,24.43,VALID,101.5
2026-08-22 13:15:00,B,B2,8034.0,7000.0,0.1,1.0,0.0,200.0,23.99,VALID,103.4
2026-08-22 13:15:00,B,B3,8027.0,7000.0,0.1,1.0,0.0,200.0,24.38,VALID,102.7
2026-08-22 13:15:00,C,C1,8367.0,7000.0,0.1,1.0,0.0,200.0,24.27,VALID,136.7
2026-08-22 13:15:00,C,C2,8392.0,7000.0,0.1,1.0,0.0,200.0,23.99,VALID,139.2
2026-08-22 13:15:00,C,C3,10500.0,7000.0,0.1,1.0,0.0,200.0,24.37,VALID,350.0
2026-08-22 13:15:00,D,D1,7943.0,7000.0,0.1,1.0,0.0,200.0,24.13,VALID,94.3
2026-08-22 13:15:00,D,D2,7958.0,7000.0,0.1,1.0,0.0,200.0,23.97,VALID,95.8
2026-08-22 13:15:00,D,D3,7948.0,7000.0,0.1,1.0,0.0,200.0,24.06,VALID,94.8
2026-08-22 13:30:00,A,A1,8193.0,7000.0,0.1,1.0,0.0,200.0,23.8,VALID,119.3
2026-08-22 13:30:00,A,A2,8200.0,7000.0,0.1,1.0,0.0,200.0,23.68,VALID,120.0
2026-08-22 13:30:00,A,A3,8194.0,7000.0,0.1,1.0,0.0,200.0,24.13,VALID,119.4
2026-08-22 13:30:00,B,B1,8024.0,7000.0,0.1,1.0,0.0,200.0,23.89,VALID,102.4
2026-08-22 13:30:00,B,B2,8030.0,7000.0,0.1,1.0,0.0,200.0,23.82,VALID,103.0
2026-08-22 13:30:00,B,B3,8022.0,7000.0,0.1,1.0,0.0,200.0,23.91,VALID,102.2
2026-08-22 13:30:00,C,C1,8348.0,7000.0,0.1,1.0,0.0,200.0,23.88,VALID,134.8
2026-08-22 13:30:00,C,C2,8393.0,7000.0,0.1,1.0,0.0,200.0,23.79,VALID,139.3
2026-08-22 13:30:00,C,C3,10500.0,7000.0,0.1,1.0,0.0,200.0,24.19,VALID,350.0
2026-08-22 13:30:00,D,D1,7962.0,7000.0,0.1,1.0,0.0,200.0,23.61,VALID,96.2
2026-08-22 13:30:00,D,D2,7944.0,7000.0,0.1,1.0,0.0,200.0,23.66,VALID,94.4
2026-08-22 13:30:00,D,D3,7946.0,7000.0,0.1,1.0,0.0,200.0,24.03,VALID,94.6
2026-08-22 13:45:00,A,A1,8181.0,7000.0,0.1,1.0,0.0,200.0,23.71,VALID,118.1
2026-08-22 13:45:00,A,A2,8202.0,7000.0,0.1,1.0,0.0,200.0,23.53,VALID,120.2
2026-08-22 13:45:00,A,A3,8183.0,7000.0,0.1,1.0,0.0,200.0,23.67,VALID,118.3
2026-08-22 13:45:00,B,B1,7993.0,7000.0,0.1,1.0,0.0,200.0,23.44,VALID,99.3
2026-08-22 13:45:00,B,B2,8012.0,7000.0,0.1,1.0,0.0,200.0,23.83,VALID,101.2
2026-08-22 13:45:00,B,B3,8018.0,7000.0,0.1,1.0,0.0,200.0,23.8,VALID,101.8
2026-08-22 13:45:00,C,C1,8329.0,7000.0,0.1,1.0,0.0,200.0,23.38,VALID,132.9
2026-08-22 13:45:00,C,C2,8393.0,7000.0,0.1,1.0,0.0,200.0,23.12,VALID,139.3
2026-08-22 13:45:00,C,C3,10500.0,7000.0,0.1,1.0,0.0,200.0,23.31,VALID,350.0
2026-08-22 13:45:00,D,D1,7943.0,7000.0,0.1,1.0,0.0,200.0,23.5,VALID,94.3
2026-08-22 13:45:00,D,D2,7963.0,7000.0,0.1,1.0,0.0,200.0,24.31,VALID,96.3
2026-08-22 13:45:00,D,D3,7925.0,7000.0,0.1,1.0,0.0,200.0,23.81,VALID,92.5
2026-08-22 14:00:00,A,A1,8157.0,7000.0,0.1,1.0,0.0,200.0,23.59,VALID,115.7
2026-08-22 14:00:00,A,A2,8194.0,7000.0,0.1,1.0,0.0,200.0,23.53,VALID,119.4
2026-08-22 14:00:00,A,A3,8175.0,7000.0,0.1,1.0,0.0,200.0,23.66,VALID,117.5
2026-08-22 14:00:00,B,B1,7992.0,7000.0,0.1,1.0,0.0,200.0,23.75,VALID,99.2
2026-08-22 14:00:00,B,B2,8017.0,7000.0,0.1,1.0,0.0,200.0,23.22,VALID,101.7
2026-08-22 14:00:00,B,B3,8028.0,7000.0,0.1,1.0,0.0,200.0,23.49,VALID,102.8
2026-08-22 14:00:00,C,C1,8361.0,7000.0,0.1,1.0,0.0,200.0,23.74,VALID,136.1
2026-08-22 14:00:00,C,C2,8378.0,7000.0,0.1,1.0,0.0,200.0,23.48,VALID,137.8
2026-08-22 14:00:00,C,C3,10500.0,7000.0,0.1,1.0,0.0,200.0,23.81,VALID,350.0
2026-08-22 14:00:00,D,D1,7937.0,7000.0,0.1,1.0,0.0,200.0,23.54,VALID,93.7
2026-08-22 14:00:00,D,D2,7950.0,7000.0,0.1,1.0,0.0,200.0,23.49,VALID,95.0
2026-08-22 14:00:00,D,D3,7955.0,7000.0,0.1,1.0,0.0,200.0,23.5,VALID,95.5
2026-08-22 14:15:00,A,A1,8168.0,7000.0,0.1,1.0,0.0,200.0,23.22,VALID,116.8
2026-08-22 14:15:00,A,A2,8189.0,7000.0,0.1,1.0,0.0,200.0,23.05,VALID,118.9
2026-08-22 14:15:00,A,A3,8175.0,7000.0,0.1,1.0,0.0,200.0,23.63,VALID,117.5
2026-08-22 14:15:00,B,B1,8002.0,7000.0,0.1,1.0,0.0,200.0,23.47,VALID,100.2
2026-08-22 14:15:00,B,B2,7996.0,7000.0,0.1,1.0,0.0,200.0,23.45,VALID,99.6
2026-08-22 14:15:00,B,B3,8010.0,7000.0,0.1,1.0,0.0,200.0,23.24,VALID,101.0
2026-08-22 14:15:00,C,C1,8343.0,7000.0,0.1,1.0,0.0,200.0,23.23,VALID,134.3
2026-08-22 14:15:00,C,C2,8364.0,7000.0,0.1,1.0,0.0,200.0,23.52,VALID,136.4
2026-08-22 14:15:00,C,C3,10500.0,7000.0,0.1,1.0,0.0,200.0,23.27,VALID,350.0
2026-08-22 14:15:00,D,D1,7923.0,7000.0,0.1,1.0,0.0,200.0,23.04,VALID,92.3
2026-08-22 14:15:00,D,D2,7952.0,7000.0,0.1,1.0,0.0,200.0,23.66,VALID,95.2
2026-08-22 14:15:00,D,D3,7943.0,7000.0,0.1,1.0,0.0,200.0,23.06,VALID,94.3
2026-08-22 14:30:00,A,A1,8172.0,7000.0,0.1,1.0,0.0,200.0,23.16,VALID,117.2
2026-08-22 14:30:00,A,A2,8200.0,7000.0,0.1,1.0,0.0,200.0,23.3,VALID,120.0
2026-08-22 14:30:00,A,A3,8153.0,7000.0,0.1,1.0,0.0,200.0,23.28,VALID,115.3
2026-08-22 14:30:00,B,B1,7993.0,7000.0,0.1,1.0,0.0,200.0,22.89,VALID,99.3
2026-08-22 14:30:00,B,B2,8015.0,7000.0,0.1,1.0,0.0,200.0,23.26,VALID,101.5
2026-08-22 14:30:00,B,B3,7995.0,7000.0,0.1,1.0,0.0,200.0,23.31,VALID,99.5
2026-08-22 14:30:00,C,C1,8347.0,7000.0,0.1,1.0,0.0,200.0,23.18,VALID,134.7
2026-08-22 14:30:00,C,C2,8374.0,7000.0,0.1,1.0,0.0,200.0,22.98,VALID,137.4
2026-08-22 14:30:00,C,C3,10500.0,7000.0,0.1,1.0,0.0,200.0,22.87,VALID,350.0
2026-08-22 14:30:00,D,D1,7939.0,7000.0,0.1,1.0,0.0,200.0,23.14,VALID,93.9
2026-08-22 14:30:00,D,D2,7947.0,7000.0,0.1,1.0,0.0,200.0,22.83,VALID,94.7
2026-08-22 14:30:00,D,D3,7938.0,7000.0,0.1,1.0,0.0,200.0,23.3,VALID,93.8
2026-08-22 14:45:00,A,A1,8156.0,7000.0,0.1,1.0,0.0,200.0,23.12,VALID,115.6
2026-08-22 14:45:00,A,A2,8191.0,7000.0,0.1,1.0,0.0,200.0,22.89,VALID,119.1
2026-08-22 14:45:00,A,A3,8186.0,7000.0,0.1,1.0,0.0,200.0,22.58,VALID,118.6
2026-08-22 14:45:00,B,B1,8003.0,7000.0,0.1,1.0,0.0,200.0,23.35,VALID,100.3
2026-08-22 14:45:00,B,B2,8028.0,7000.0,0.1,1.0,0.0,200.0,23.1,VALID,102.8
2026-08-22 14:45:00,B,B3,8005.0,7000.0,0.1,1.0,0.0,200.0,22.89,VALID,100.5
2026-08-22 14:45:00,C,C1,8335.0,7000.0,0.1,1.0,0.0,200.0,23.13,VALID,133.5
2026-08-22 14:45:00,C,C2,8373.0,7000.0,0.1,1.0,0.0,200.0,23.17,VALID,137.3
2026-08-22 14:45:00,C,C3,6000.0,7000.0,0.1,1.0,0.0,200.0,23.01,VALID,-100.0
2026-08-22 14:45:00,D,D1,7916.0,7000.0,0.1,1.0,0.0,200.0,22.75,VALID,91.6
2026-08-22 14:45:00,D,D2,7953.0,7000.0,0.1,1.0,0.0,200.0,23.01,VALID,95.3
2026-08-22 14:45:00,D,D3,7946.0,7000.0,0.1,1.0,0.0,200.0,22.92,VALID,94.6
2026-08-22 15:00:00,A,A1,8174.0,7000.0,0.1,1.0,0.0,200.0,22.85,VALID,117.4
2026-08-22 15:00:00,A,A2,8182.0,7000.0,0.1,1.0,0.0,200.0,22.8,VALID,118.2
2026-08-22 15:00:00,A,A3,8166.0,7000.0,0.1,1.0,0.0,200.0,23.28,VALID,116.6
2026-08-22 15:00:00,B,B1,7998.0,7000.0,0.1,1.0,0.0,200.0,23.01,VALID,99.8
2026-08-22 15:00:00,B,B2,8009.0,7000.0,0.1,1.0,0.0,200.0,22.67,VALID,100.9
2026-08-22 15:00:00,B,B3,8004.0,7000.0,0.1,1.0,0.0,200.0,23.1,VALID,100.4
2026-08-22 15:00:00,C,C1,8332.0,7000.0,0.1,1.0,0.0,200.0,22.7,VALID,133.2
2026-08-22 15:00:00,C,C2,8380.0,7000.0,0.1,1.0,0.0,200.0,22.98,VALID,138.0
2026-08-22 15:00:00,C,C3,6000.0,7000.0,0.1,1.0,0.0,200.0,22.95,VALID,-100.0
2026-08-22 15:00:00,D,D1,7932.0,7000.0,0.1,1.0,0.0,200.0,23.02,VALID,93.2
2026-08-22 15:00:00,D,D2,7934.0,7000.0,0.1,1.0,0.0,200.0,22.69,VALID,93.4
2026-08-22 15:00:00,D,D3,7927.0,7000.0,0.1,1.0,0.0,200.0,22.61,VALID,92.7
2026-08-22 15:15:00,A,A1,8172.0,7000.0,0.1,1.0,0.0,200.0,22.8,VALID,117.2
2026-08-22 15:15:00,A,A2,8188.0,7000.0,0.1,1.0,0.0,200.0,22.23,VALID,118.8
2026-08-22 15:15:00,A,A3,8193.0,7000.0,0.1,1.0,0.0,200.0,22.57,VALID,119.3
2026-08-22 15:15:00,B,B1,8015.0,7000.0,0.1,1.0,0.0,200.0,22.45,VALID,101.5
2026-08-22 15:15:00,B,B2,8005.0,7000.0,0.1,1.0,0.0,200.0,22.3,VALID,100.5
2026-08-22 15:15:00,B,B3,8008.0,7000.0,0.1,1.0,0.0,200.0,22.52,VALID,100.8
2026-08-22 15:15:00,C,C1,8325.0,7000.0,0.1,1.0,0.0,200.0,22.47,VALID,132.5
2026-08-22 15:15:00,C,C2,8384.0,7000.0,0.1,1.0,0.0,200.0,22.89,VALID,138.4
2026-08-22 15:15:00,C,C3,6000.0,7000.0,0.1,1.0,0.0,200.0,22.61,VALID,-100.0
2026-08-22 15:15:00,D,D1,7927.0,7000.0,0.1,1.0,0.0,200.0,22.49,VALID,92.7
2026-08-22 15:15:00,D,D2,7940.0,7000.0,0.1,1.0,0.0,200.0,22.64,VALID,94.0
2026-08-22 15:15:00,D,D3,7939.0,7000.0,0.1,1.0,0.0,200.0,22.95,VALID,93.9
2026-08-22 15:30:00,A,A1,8172.0,7000.0,0.1,1.0,0.0,200.0,22.45,VALID,117.2
2026-08-22 15:30:00,A,A2,8194.0,7000.0,0.1,1.0,0.0,200.0,22.61,VALID,119.4
2026-08-22 15:30:00,A,A3,8171.0,7000.0,0.1,1.0,0.0,200.0,22.48,VALID,117.1
2026-08-22 15:30:00,B,B1,7990.0,7000.0,0.1,1.0,0.0,200.0,22.97,VALID,99.0
2026-08-22 15:30:00,B,B2,8013.0,7000.0,0.1,1.0,0.0,200.0,22.65,VALID,101.3
2026-08-22 15:30:00,B,B3,8001.0,7000.0,0.1,1.0,0.0,200.0,23.11,VALID,100.1
2026-08-22 15:30:00,C,C1,8345.0,7000.0,0.1,1.0,0.0,200.0,22.48,VALID,134.5
2026-08-22 15:30:00,C,C2,8373.0,7000.0,0.1,1.0,0.0,200.0,22.58,VALID,137.3
2026-08-22 15:30:00,C,C3,6000.0,7000.0,0.1,1.0,0.0,200.0,22.48,VALID,-100.0
2026-08-22 15:30:00,D,D1,7927.0,7000.0,0.1,1.0,0.0,200.0,22.91,VALID,92.7
2026-08-22 15:30:00,D,D2,7930.0,7000.0,0.1,1.0,0.0,200.0,22.39,VALID,93.0
2026-08-22 15:30:00,D,D3,7929.0,7000.0,0.1,1.0,0.0,200.0,22.53,VALID,92.9
2026-08-22 15:45:00,A,A1,8180.0,7000.0,0.1,1.0,0.0,200.0,22.71,VALID,118.0
2026-08-22 15:45:00,A,A2,8193.0,7000.0,0.1,1.0,0.0,200.0,22.45,VALID,119.3
2026-08-22 15:45:00,A,A3,8170.0,7000.0,0.1,1.0,0.0,200.0,22.22,VALID,117.0
2026-08-22 15:45:00,B,B1,8001.0,7000.0,0.1,1.0,0.0,200.0,22.6,VALID,100.1
2026-08-22 15:45:00,B,B2,8021.0,7000.0,0.1,1.0,0.0,200.0,22.46,VALID,102.1
2026-08-22 15:45:00,B,B3,8001.0,7000.0,0.1,1.0,0.0,200.0,22.54,VALID,100.1
2026-08-22 15:45:00,C,C1,8340.0,7000.0,0.1,1.0,0.0,200.0,22.21,VALID,134.0
2026-08-22 15:45:00,C,C2,8381.0,7000.0,0.1,1.0,0.0,200.0,22.5,VALID,138.1
2026-08-22 15:45:00,C,C3,6000.0,7000.0,0.1,1.0,0.0,200.0,22.09,VALID,-100.0
2026-08-22 15:45:00,D,D1,7921.0,7000.0,0.1,1.0,0.0,200.0,22.8,VALID,92.1
2026-08-22 15:45:00,D,D2,7955.0,7000.0,0.1,1.0,0.0,200.0,22.58,VALID,95.5
2026-08-22 15:45:00,D,D3,7950.0,7000.0,0.1,1.0,0.0,200.0,22.5,VALID,95.0
2026-08-22 16:00:00,A,A1,8169.0,7000.0,0.1,1.0,0.0,200.0,22.31,VALID,116.9
2026-08-22 16:00:00,A,A2,8178.0,7000.0,0.1,1.0,0.0,200.0,22.27,VALID,117.8
2026-08-22 16:00:00,A,A3,8152.0,7000.0,0.1,1.0,0.0,200.0,22.66,VALID,115.2
2026-08-22 16:00:00,B,B1,7987.0,7000.0,0.1,1.0,0.0,200.0,22.24,VALID,98.7
2026-08-22 16:00:00,B,B2,7997.0,7000.0,0.1,1.0,0.0,200.0,22.36,VALID,99.7
2026-08-22 16:00:00,B,B3,8017.0,7000.0,0.1,1.0,0.0,200.0,22.82,VALID,101.7
2026-08-22 16:00:00,C,C1,8316.0,7000.0,0.1,1.0,0.0,200.0,22.33,VALID,131.6
2026-08-22 16:00:00,C,C2,8364.0,7000.0,0.1,1.0,0.0,200.0,22.6,VALID,136.4
2026-08-22 16:00:00,C,C3,8353.0,7000.0,0.1,1.0,0.0,200.0,22.27,VALID,135.3
2026-08-22 16:00:00,D,D1,7922.0,7000.0,0.1,1.0,0.0,200.0,22.31,VALID,92.2
2026-08-22 16:00:00,D,D2,7953.0,7000.0,0.1,1.0,0.0,200.0,22.51,VALID,95.3
2026-08-22 16:00:00,D,D3,7937.0,7000.0,0.1,1.0,0.0,200.0,21.87,VALID,93.7
2026-08-22 16:15:00,A,A1,8159.0,7000.0,0.1,1.0,0.0,200.0,22.73,VALID,115.9
2026-08-22 16:15:00,A,A2,8194.0,7000.0,0.1,1.0,0.0,200.0,21.94,VALID,119.4
2026-08-22 16:15:00,A,A3,8167.0,7000.0,0.1,1.0,0.0,200.0,22.07,VALID,116.7
2026-08-22 16:15:00,B,B1,8007.0,7000.0,0.1,1.0,0.0,200.0,22.36,VALID,100.7
2026-08-22 16:15:00,B,B2,8000.0,7000.0,0.1,1.0,0.0,200.0,22.32,VALID,100.0
2026-08-22 16:15:00,B,B3,7976.0,7000.0,0.1,1.0,0.0,200.0,22.09,VALID,97.6
2026-08-22 16:15:00,C,C1,8330.0,7000.0,0.1,1.0,0.0,200.0,22.48,VALID,133.0
2026-08-22 16:15:00,C,C2,8354.0,7000.0,0.1,1.0,0.0,200.0,22.23,VALID,135.4
2026-08-22 16:15:00,C,C3,8359.0,7000.0,0.1,1.0,0.0,200.0,22.02,VALID,135.9
2026-08-22 16:15:00,D,D1,7922.0,7000.0,0.1,1.0,0.0,200.0,22.32,VALID,92.2
2026-08-22 16:15:00,D,D2,7953.0,7000.0,0.1,1.0,0.0,200.0,22.26,VALID,95.3
2026-08-22 16:15:00,D,D3,7928.0,7000.0,0.1,1.0,0.0,200.0,22.48,VALID,92.8
2026-08-22 16:30:00,A,A1,8147.0,7000.0,0.1,1.0,0.0,200.0,22.18,VALID,114.7
2026-08-22 16:30:00,A,A2,8177.0,7000.0,0.1,1.0,0.0,200.0,22.2,VALID,117.7
2026-08-22 16:30:00,A,A3,8176.0,7000.0,0.1,1.0,0.0,200.0,22.34,VALID,117.6
2026-08-22 16:30:00,B,B1,7984.0,7000.0,0.1,1.0,0.0,200.0,22.26,VALID,98.4
2026-08-22 16:30:00,B,B2,8019.0,7000.0,0.1,1.0,0.0,200.0,22.06,VALID,101.9
2026-08-22 16:30:00,B,B3,8000.0,7000.0,0.1,1.0,0.0,200.0,22.19,VALID,100.0
2026-08-22 16:30:00,C,C1,8328.0,7000.0,0.1,1.0,0.0,200.0,21.9,VALID,132.8
2026-08-22 16:30:00,C,C2,8383.0,7000.0,0.1,1.0,0.0,200.0,22.07,VALID,138.3
2026-08-22 16:30:00,C,C3,8358.0,7000.0,0.1,1.0,0.0,200.0,22.1,VALID,135.8
2026-08-22 16:30:00,D,D1,7913.0,7000.0,0.1,1.0,0.0,200.0,22.47,VALID,91.3
2026-08-22 16:30:00,D,D2,7946.0,7000.0,0.1,1.0,0.0,200.0,22.27,VALID,94.6
2026-08-22 16:30:00,D,D3,7936.0,7000.0,0.1,1.0,0.0,200.0,22.17,VALID,93.6
2026-08-22 16:45:00,A,A1,8158.0,7000.0,0.1,1.0,0.0,200.0,22.03,VALID,115.8
2026-08-22 16:45:00,A,A2,8188.0,7000.0,0.1,1.0,0.0,200.0,22.02,VALID,118.8
2026-08-22 16:45:00,A,A3,8181.0,7000.0,0.1,1.0,0.0,200.0,22.1,VALID,118.1
2026-08-22 16:45:00,B,B1,7990.0,7000.0,0.1,1.0,0.0,200.0,22.31,VALID,99.0
2026-08-22 16:45:00,B,B2,8005.0,7000.0,0.1,1.0,0.0,200.0,22.1,VALID,100.5
2026-08-22 16:45:00,B,B3,7998.0,7000.0,0.1,1.0,0.0,200.0,22.34,VALID,99.8
2026-08-22 16:45:00,C,C1,8322.0,7000.0,0.1,1.0,0.0,200.0,22.13,VALID,132.2
2026-08-22 16:45:00,C,C2,8370.0,7000.0,0.1,1.0,0.0,200.0,22.33,VALID,137.0
2026-08-22 16:45:00,C,C3,8347.0,7000.0,0.1,1.0,0.0,200.0,22.52,VALID,134.7
2026-08-22 16:45:00,D,D1,7916.0,7000.0,0.1,1.0,0.0,200.0,22.11,VALID,91.6
2026-08-22 16:45:00,D,D2,7934.0,7000.0,0.1,1.0,0.0,200.0,21.9,VALID,93.4
2026-08-22 16:45:00,D,D3,7919.0,7000.0,0.1,1.0,0.0,200.0,22.05,VALID,91.9
2026-08-22 17:00:00,A,A1,8167.0,7000.0,0.1,1.0,0.0,200.0,22.1,VALID,116.7
2026-08-22 17:00:00,A,A2,8175.0,7000.0,0.1,1.0,0.0,200.0,22.35,VALID,117.5
2026-08-22 17:00:00,A,A3,8181.0,7000.0,0.1,1.0,0.0,200.0,22.35,VALID,118.1
2026-08-22 17:00:00,B,B1,7981.0,7000.0,0.1,1.0,0.0,200.0,22.0,VALID,98.1
2026-08-22 17:00:00,B,B2,8020.0,7000.0,0.1,1.0,0.0,200.0,22.15,VALID,102.0
2026-08-22 17:00:00,B,B3,7995.0,7000.0,0.1,1.0,0.0,200.0,22.25,VALID,99.5
2026-08-22 17:00:00,C,C1,8336.0,7000.0,0.1,1.0,0.0,200.0,21.99,VALID,133.6
2026-08-22 17:00:00,C,C2,8371.0,7000.0,0.1,1.0,0.0,200.0,22.29,VALID,137.1
2026-08-22 17:00:00,C,C3,8337.0,7000.0,0.1,1.0,0.0,200.0,22.1,VALID,133.7
2026-08-22 17:00:00,D,D1,7907.0,7000.0,0.1,1.0,0.0,200.0,21.91,VALID,90.7
2026-08-22 17:00:00,D,D2,7930.0,7000.0,0.1,1.0,0.0,200.0,22.2,VALID,93.0
2026-08-22 17:00:00,D,D3,7924.0,7000.0,0.1,1.0,0.0,200.0,21.97,VALID,92.4
2026-08-22 17:15:00,A,A1,8157.0,7000.0,0.1,1.0,0.0,200.0,21.83,VALID,115.7
2026-08-22 17:15:00,A,A2,8182.0,7000.0,0.1,1.0,0.0,200.0,22.28,VALID,118.2
2026-08-22 17:15:00,A,A3,8166.0,7000.0,0.1,1.0,0.0,200.0,22.02,VALID,116.6
2026-08-22 17:15:00,B,B1,7992.0,7000.0,0.1,1.0,0.0,200.0,21.65,VALID,99.2
2026-08-22 17:15:00,B,B2,8008.0,7000.0,0.1,1.0,0.0,200.0,22.68,VALID,100.8
2026-08-22 17:15:00,B,B3,7995.0,7000.0,0.1,1.0,0.0,200.0,22.03,VALID,99.5
2026-08-22 17:15:00,C,C1,8333.0,7000.0,0.1,1.0,0.0,200.0,22.39,VALID,133.3
2026-08-22 17:15:00,C,C2,8377.0,7000.0,0.1,1.0,0.0,200.0,21.63,VALID,137.7
2026-08-22 17:15:00,C,C3,8352.0,7000.0,0.1,1.0,0.0,200.0,22.57,VALID,135.2
2026-08-22 17:15:00,D,D1,7922.0,7000.0,0.1,1.0,0.0,200.0,21.83,VALID,92.2
2026-08-22 17:15:00,D,D2,7937.0,7000.0,0.1,1.0,0.0,200.0,21.8,VALID,93.7
2026-08-22 17:15:00,D,D3,7938.0,7000.0,0.1,1.0,0.0,200.0,21.87,VALID,93.8
2026-08-22 17:30:00,A,A1,8157.0,7000.0,0.1,1.0,0.0,200.0,21.85,VALID,115.7
2026-08-22 17:30:00,A,A2,8173.0,7000.0,0.1,1.0,0.0,200.0,22.32,VALID,117.3
2026-08-22 17:30:00,A,A3,8167.0,7000.0,0.1,1.0,0.0,200.0,21.91,VALID,116.7
2026-08-22 17:30:00,B,B1,7978.0,7000.0,0.1,1.0,0.0,200.0,21.65,VALID,97.8
2026-08-22 17:30:00,B,B2,7992.0,7000.0,0.1,1.0,0.0,200.0,22.05,VALID,99.2
2026-08-22 17:30:00,B,B3,8005.0,7000.0,0.1,1.0,0.0,200.0,21.91,VALID,100.5
2026-08-22 17:30:00,C,C1,8340.0,7000.0,0.1,1.0,0.0,200.0,21.88,VALID,134.0
2026-08-22 17:30:00,C,C2,8366.0,7000.0,0.1,1.0,0.0,200.0,21.81,VALID,136.6
2026-08-22 17:30:00,C,C3,8355.0,7000.0,0.1,1.0,0.0,200.0,22.45,VALID,135.5
2026-08-22 17:30:00,D,D1,7900.0,7000.0,0.1,1.0,0.0,200.0,21.96,VALID,90.0
2026-08-22 17:30:00,D,D2,7945.0,7000.0,0.1,1.0,0.0,200.0,21.74,VALID,94.5
2026-08-22 17:30:00,D,D3,7931.0,7000.0,0.1,1.0,0.0,200.0,22.27,VALID,93.1
2026-08-22 17:45:00,A,A1,8156.0,7000.0,0.1,1.0,0.0,200.0,22.12,VALID,115.6
2026-08-22 17:45:00,A,A2,8193.0,7000.0,0.1,1.0,0.0,200.0,22.4,VALID,119.3
2026-08-22 17:45:00,A,A3,8165.0,7000.0,0.1,1.0,0.0,200.0,21.9,VALID,116.5
2026-08-22 17:45:00,B,B1,7979.0,7000.0,0.1,1.0,0.0,200.0,22.2,VALID,97.9
2026-08-22 17:45:00,B,B2,7990.0,7000.0,0.1,1.0,0.0,200.0,21.96,VALID,99.0
2026-08-22 17:45:00,B,B3,7997.0,7000.0,0.1,1.0,0.0,200.0,21.91,VALID,99.7
2026-08-22 17:45:00,C,C1,8328.0,7000.0,0.1,1.0,0.0,200.0,22.52,VALID,132.8
2026-08-22 17:45:00,C,C2,8367.0,7000.0,0.1,1.0,0.0,200.0,21.92,VALID,136.7
2026-08-22 17:45:00,C,C3,8355.0,7000.0,0.1,1.0,0.0,200.0,22.05,VALID,135.5
2026-08-22 17:45:00,D,D1,7929.0,7000.0,0.1,1.0,0.0,200.0,22.04,VALID,92.9
2026-08-22 17:45:00,D,D2,7931.0,7000.0,0.1,1.0,0.0,200.0,21.65,VALID,93.1
2026-08-22 17:45:00,D,D3,7911.0,7000.0,0.1,1.0,0.0,200.0,21.64,VALID,91.1
2026-08-22 18:00:00,A,A1,8159.0,7000.0,0.1,1.0,0.0,200.0,21.73,VALID,115.9
2026-08-22 18:00:00,A,A2,8189.0,7000.0,0.1,1.0,0.0,200.0,22.01,VALID,118.9
2026-08-22 18:00:00,A,A3,8163.0,7000.0,0.1,1.0,0.0,200.0,21.83,VALID,116.3
2026-08-22 18:00:00,B,B1,7993.0,7000.0,0.1,1.0,0.0,200.0,21.84,VALID,99.3
2026-08-22 18:00:00,B,B2,7993.0,7000.0,0.1,1.0,0.0,200.0,22.24,VALID,99.3
2026-08-22 18:00:00,B,B3,7999.0,7000.0,0.1,1.0,0.0,200.0,21.95,VALID,99.9
2026-08-22 18:00:00,C,C1,8331.0,7000.0,0.1,1.0,0.0,200.0,22.0,VALID,133.1
2026-08-22 18:00:00,C,C2,8371.0,7000.0,0.1,1.0,0.0,200.0,21.84,VALID,137.1
2026-08-22 18:00:00,C,C3,8364.0,7000.0,0.1,1.0,0.0,200.0,21.88,VALID,136.4
2026-08-22 18:00:00,D,D1,7929.0,7000.0,0.1,1.0,0.0,200.0,21.96,VALID,92.9
2026-08-22 18:00:00,D,D2,7941.0,7000.0,0.1,1.0,0.0,200.0,22.15,VALID,94.1
2026-08-22 18:00:00,D,D3,7936.0,7000.0,0.1,1.0,0.0,200.0,21.83,VALID,93.6
2026-08-22 18:15:00,A,A1,8165.0,7000.0,0.1,1.0,0.0,200.0,22.38,VALID,116.5
2026-08-22 18:15:00,A,A2,8175.0,7000.0,0.1,1.0,0.0,200.0,22.01,VALID,117.5
2026-08-22 18:15:00,A,A3,8161.0,7000.0,0.1,1.0,0.0,200.0,21.94,VALID,116.1
2026-08-22 18:15:00,B,B1,8003.0,7000.0,0.1,1.0,0.0,200.0,21.81,VALID,100.3
2026-08-22 18:15:00,B,B2,7994.0,7000.0,0.1,1.0,0.0,200.0,22.33,VALID,99.4
2026-08-22 18:15:00,B,B3,8001.0,7000.0,0.1,1.0,0.0,200.0,22.43,VALID,100.1
2026-08-22 18:15:00,C,C1,8321.0,7000.0,0.1,1.0,0.0,200.0,22.03,VALID,132.1
2026-08-22 18:15:00,C,C2,8361.0,7000.0,0.1,1.0,0.0,200.0,22.04,VALID,136.1
2026-08-22 18:15:00,C,C3,8329.0,7000.0,0.1,1.0,0.0,200.0,22.14,VALID,132.9
2026-08-22 18:15:00,D,D1,7918.0,7000.0,0.1,1.0,0.0,200.0,21.99,VALID,91.8
2026-08-22 18:15:00,D,D2,,7000.0,0.1,1.0,0.0,200.0,21.83,INVALID,
2026-08-22 18:15:00,D,D3,7932.0,7000.0,0.1,1.0,0.0,200.0,21.77,VALID,93.2
2026-08-22 18:30:00,A,A1,8160.0,7000.0,0.1,1.0,0.0,200.0,22.44,VALID,116.0
2026-08-22 18:30:00,A,A2,8191.0,7000.0,0.1,1.0,0.0,200.0,21.72,VALID,119.1
2026-08-22 18:30:00,A,A3,8160.0,7000.0,0.1,1.0,0.0,200.0,22.11,VALID,116.0
2026-08-22 18:30:00,B,B1,7987.0,7000.0,0.1,1.0,0.0,200.0,21.75,VALID,98.7
2026-08-22 18:30:00,B,B2,8006.0,7000.0,0.1,1.0,0.0,200.0,22.02,VALID,100.6
2026-08-22 18:30:00,B,B3,8012.0,7000.0,0.1,1.0,0.0,200.0,21.98,VALID,101.2
2026-08-22 18:30:00,C,C1,8336.0,7000.0,0.1,1.0,0.0,200.0,21.77,VALID,133.6
2026-08-22 18:30:00,C,C2,8358.0,7000.0,0.1,1.0,0.0,200.0,22.17,VALID,135.8
2026-08-22 18:30:00,C,C3,8355.0,7000.0,0.1,1.0,0.0,200.0,21.83,VALID,135.5
2026-08-22 18:30:00,D,D1,7915.0,7000.0,0.1,1.0,0.0,200.0,21.75,VALID,91.5
2026-08-22 18:30:00,D,D2,,7000.0,0.1,1.0,0.0,200.0,22.19,INVALID,
2026-08-22 18:30:00,D,D3,7921.0,7000.0,0.1,1.0,0.0,200.0,21.98,VALID,92.1
2026-08-22 18:45:00,A,A1,8145.0,7000.0,0.1,1.0,0.0,200.0,21.93,VALID,114.5
2026-08-22 18:45:00,A,A2,8193.0,7000.0,0.1,1.0,0.0,200.0,22.07,VALID,119.3
2026-08-22 18:45:00,A,A3,8156.0,7000.0,0.1,1.0,0.0,200.0,21.99,VALID,115.6
2026-08-22 18:45:00,B,B1,7973.0,7000.0,0.1,1.0,0.0,200.0,21.85,VALID,97.3
2026-08-22 18:45:00,B,B2,8015.0,7000.0,0.1,1.0,0.0,200.0,22.03,VALID,101.5
2026-08-22 18:45:00,B,B3,8012.0,7000.0,0.1,1.0,0.0,200.0,22.04,VALID,101.2
2026-08-22 18:45:00,C,C1,8325.0,7000.0,0.1,1.0,0.0,200.0,22.19,VALID,132.5
2026-08-22 18:45:00,C,C2,8343.0,7000.0,0.1,1.0,0.0,200.0,22.1,VALID,134.3
2026-08-22 18:45:00,C,C3,8345.0,7000.0,0.1,1.0,0.0,200.0,22.35,VALID,134.5
2026-08-22 18:45:00,D,D1,7924.0,7000.0,0.1,1.0,0.0,200.0,21.83,VALID,92.4
2026-08-22 18:45:00,D,D2,,7000.0,0.1,1.0,0.0,200.0,22.01,INVALID,
2026-08-22 18:45:00,D,D3,7917.0,7000.0,0.1,1.0,0.0,200.0,22.1,VALID,91.7
2026-08-22 19:00:00,A,A1,8154.0,7000.0,0.1,1.0,0.0,200.0,22.41,VALID,115.4
2026-08-22 19:00:00,A,A2,8181.0,7000.0,0.1,1.0,0.0,200.0,22.14,VALID,118.1
2026-08-22 19:00:00,A,A3,8174.0,7000.0,0.1,1.0,0.0,200.0,22.32,VALID,117.4
2026-08-22 19:00:00,B,B1,7995.0,7000.0,0.1,1.0,0.0,200.0,22.39,VALID,99.5
2026-08-22 19:00:00,B,B2,8008.0,7000.0,0.1,1.0,0.0,200.0,22.14,VALID,100.8
2026-08-22 19:00:00,B,B3,8007.0,7000.0,0.1,1.0,0.0,200.0,22.08,VALID,100.7
2026-08-22 19:00:00,C,C1,8326.0,7000.0,0.1,1.0,0.0,200.0,22.45,VALID,132.6
2026-08-22 19:00:00,C,C2,8382.0,7000.0,0.1,1.0,0.0,200.0,22.1,VALID,138.2
2026-08-22 19:00:00,C,C3,8342.0,7000.0,0.1,1.0,0.0,200.0,22.39,VALID,134.2
2026-08-22 19:00:00,D,D1,7923.0,7000.0,0.1,1.0,0.0,200.0,22.17,VALID,92.3
2026-08-22 19:00:00,D,D2,,7000.0,0.1,1.0,0.0,200.0,22.17,INVALID,
2026-08-22 19:00:00,D,D3,7925.0,7000.0,0.1,1.0,0.0,200.0,21.97,VALID,92.5
2026-08-22 19:15:00,A,A1,8157.0,7000.0,0.1,1.0,0.0,200.0,22.21,VALID,115.7
2026-08-22 19:15:00,A,A2,8175.0,7000.0,0.1,1.0,0.0,200.0,22.34,VALID,117.5
2026-08-22 19:15:00,A,A3,8178.0,7000.0,0.1,1.0,0.0,200.0,22.35,VALID,117.8
2026-08-22 19:15:00,B,B1,7986.0,7000.0,0.1,1.0,0.0,200.0,22.31,VALID,98.6
2026-08-22 19:15:00,B,B2,8004.0,7000.0,0.1,1.0,0.0,200.0,21.91,VALID,100.4
2026-08-22 19:15:00,B,B3,8002.0,7000.0,0.1,1.0,0.0,200.0,22.19,VALID,100.2
2026-08-22 19:15:00,C,C1,8349.0,7000.0,0.1,1.0,0.0,200.0,22.45,VALID,134.9
2026-08-22 19:15:00,C,C2,8374.0,7000.0,0.1,1.0,0.0,200.0,22.21,VALID,137.4
2026-08-22 19:15:00,C,C3,8348.0,7000.0,0.1,1.0,0.0,200.0,21.96,VALID,134.8
2026-08-22 19:15:00,D,D1,7900.0,7000.0,0.1,1.0,0.0,200.0,21.98,VALID,90.0
2026-08-22 19:15:00,D,D2,,7000.0,0.1,1.0,0.0,200.0,21.74,INVALID,
2026-08-22 19:15:00,D,D3,7921.0,7000.0,0.1,1.0,0.0,200.0,22.11,VALID,92.1
2026-08-22 19:30:00,A,A1,8155.0,7000.0,0.1,1.0,0.0,200.0,22.1,VALID,115.5
2026-08-22 19:30:00,A,A2,8175.0,7000.0,0.1,1.0,0.0,200.0,22.57,VALID,117.5
2026-08-22 19:30:00,A,A3,8173.0,7000.0,0.1,1.0,0.0,200.0,22.12,VALID,117.3
2026-08-22 19:30:00,B,B1,7988.0,7000.0,0.1,1.0,0.0,200.0,22.22,VALID,98.8
2026-08-22 19:30:00,B,B2,7997.0,7000.0,0.1,1.0,0.0,200.0,22.07,VALID,99.7
2026-08-22 19:30:00,B,B3,8006.0,7000.0,0.1,1.0,0.0,200.0,22.14,VALID,100.6
2026-08-22 19:30:00,C,C1,8317.0,7000.0,0.1,1.0,0.0,200.0,22.22,VALID,131.7
2026-08-22 19:30:00,C,C2,8370.0,7000.0,0.1,1.0,0.0,200.0,21.83,VALID,137.0
2026-08-22 19:30:00,C,C3,8346.0,7000.0,0.1,1.0,0.0,200.0,22.4,VALID,134.6
2026-08-22 19:30:00,D,D1,7921.0,7000.0,0.1,1.0,0.0,200.0,22.67,VALID,92.1
2026-08-22 19:30:00,D,D2,,7000.0,0.1,1.0,0.0,200.0,22.52,INVALID,
2026-08-22 19:30:00,D,D3,7952.0,7000.0,0.1,1.0,0.0,200.0,22.38,VALID,95.2
2026-08-22 19:45:00,A,A1,8159.0,7000.0,0.1,1.0,0.0,200.0,22.5,VALID,115.9
2026-08-22 19:45:00,A,A2,8174.0,7000.0,0.1,1.0,0.0,200.0,22.33,VALID,117.4
2026-08-22 19:45:00,A,A3,8161.0,7000.0,0.1,1.0,0.0,200.0,22.39,VALID,116.1
2026-08-22 19:45:00,B,B1,7983.0,7000.0,0.1,1.0,0.0,200.0,22.17,VALID,98.3
2026-08-22 19:45:00,B,B2,8008.0,7000.0,0.1,1.0,0.0,200.0,22.28,VALID,100.8
2026-08-22 19:45:00,B,B3,7980.0,7000.0,0.1,1.0,0.0,200.0,22.02,VALID,98.0
2026-08-22 19:45:00,C,C1,8317.0,7000.0,0.1,1.0,0.0,200.0,22.13,VALID,131.7
2026-08-22 19:45:00,C,C2,8373.0,7000.0,0.1,1.0,0.0,200.0,22.35,VALID,137.3
2026-08-22 19:45:00,C,C3,8357.0,7000.0,0.1,1.0,0.0,200.0,22.46,VALID,135.7
2026-08-22 19:45:00,D,D1,7927.0,7000.0,0.1,1.0,0.0,200.0,22.43,VALID,92.7
2026-08-22 19:45:00,D,D2,,7000.0,0.1,1.0,0.0,200.0,22.53,INVALID,
2026-08-22 19:45:00,D,D3,7935.0,7000.0,0.1,1.0,0.0,200.0,22.38,VALID,93.5
2026-08-22 20:00:00,A,A1,8169.0,7000.0,0.1,1.0,0.0,200.0,21.93,VALID,116.9
2026-08-22 20:00:00,A,A2,8177.0,7000.0,0.1,1.0,0.0,200.0,22.34,VALID,117.7
2026-08-22 20:00:00,A,A3,8178.0,7000.0,0.1,1.0,0.0,200.0,22.72,VALID,117.8
2026-08-22 20:00:00,B,B1,7977.0,7000.0,0.1,1.0,0.0,200.0,22.68,VALID,97.7
2026-08-22 20:00:00,B,B2,7994.0,7000.0,0.1,1.0,0.0,200.0,22.17,VALID,99.4
2026-08-22 20:00:00,B,B3,7996.0,7000.0,0.1,1.0,0.0,200.0,22.34,VALID,99.6
2026-08-22 20:00:00,C,C1,8314.0,7000.0,0.1,1.0,0.0,200.0,22.53,VALID,131.4
2026-08-22 20:00:00,C,C2,8376.0,7000.0,0.1,1.0,0.0,200.0,22.61,VALID,137.6
2026-08-22 20:00:00,C,C3,8344.0,7000.0,0.1,1.0,0.0,200.0,22.39,VALID,134.4
2026-08-22 20:00:00,D,D1,7918.0,7000.0,0.1,1.0,0.0,200.0,22.74,VALID,91.8
2026-08-22 20:00:00,D,D2,,7000.0,0.1,1.0,0.0,200.0,22.21,INVALID,
2026-08-22 20:00:00,D,D3,7928.0,7000.0,0.1,1.0,0.0,200.0,22.18,VALID,92.8
2026-08-22 20:15:00,A,A1,8156.0,7000.0,0.1,1.0,0.0,200.0,22.48,VALID,115.6
2026-08-22 20:15:00,A,A2,8175.0,7000.0,0.1,1.0,0.0,200.0,22.52,VALID,117.5
2026-08-22 20:15:00,A,A3,8174.0,7000.0,0.1,1.0,0.0,200.0,22.46,VALID,117.4
2026-08-22 20:15:00,B,B1,7987.0,7000.0,0.1,1.0,0.0,200.0,22.47,VALID,98.7
2026-08-22 20:15:00,B,B2,8006.0,7000.0,0.1,1.0,0.0,200.0,22.16,VALID,100.6
2026-08-22 20:15:00,B,B3,8003.0,7000.0,0.1,1.0,0.0,200.0,22.42,VALID,100.3
2026-08-22 20:15:00,C,C1,8340.0,7000.0,0.1,1.0,0.0,200.0,22.62,VALID,134.0
2026-08-22 20:15:00,C,C2,8381.0,7000.0,0.1,1.0,0.0,200.0,22.3,VALID,138.1
2026-08-22 20:15:00,C,C3,8345.0,7000.0,0.1,1.0,0.0,200.0,22.26,VALID,134.5
2026-08-22 20:15:00,D,D1,7912.0,7000.0,0.1,1.0,0.0,200.0,22.76,VALID,91.2
2026-08-22 20:15:00,D,D2,,7000.0,0.1,1.0,0.0,200.0,22.28,INVALID,
2026-08-22 20:15:00,D,D3,7925.0,7000.0,0.1,1.0,0.0,200.0,22.49,VALID,92.5
2026-08-22 20:30:00,A,A1,8165.0,7000.0,0.1,1.0,0.0,200.0,22.27,VALID,116.5
2026-08-22 20:30:00,A,A2,8167.0,7000.0,0.1,1.0,0.0,200.0,22.72,VALID,116.7
2026-08-22 20:30:00,A,A3,8152.0,7000.0,0.1,1.0,0.0,200.0,22.53,VALID,115.2
2026-08-22 20:30:00,B,B1,7993.0,7000.0,0.1,1.0,0.0,200.0,22.7,VALID,99.3
2026-08-22 20:30:00,B,B2,8005.0,7000.0,0.1,1.0,0.0,200.0,22.55,VALID,100.5
2026-08-22 20:30:00,B,B3,8007.0,7000.0,0.1,1.0,0.0,200.0,22.68,VALID,100.7
2026-08-22 20:30:00,C,C1,8324.0,7000.0,0.1,1.0,0.0,200.0,22.63,VALID,132.4
2026-08-22 20:30:00,C,C2,8375.0,7000.0,0.1,1.0,0.0,200.0,22.96,VALID,137.5
2026-08-22 20:30:00,C,C3,8357.0,7000.0,0.1,1.0,0.0,200.0,22.86,VALID,135.7
2026-08-22 20:30:00,D,D1,7914.0,7000.0,0.1,1.0,0.0,200.0,22.52,VALID,91.4
2026-08-22 20:30:00,D,D2,,7000.0,0.1,1.0,0.0,200.0,22.59,INVALID,
2026-08-22 20:30:00,D,D3,7921.0,7000.0,0.1,1.0,0.0,200.0,22.87,VALID,92.1
2026-08-22 20:45:00,A,A1,8169.0,7000.0,0.1,1.0,0.0,200.0,22.68,VALID,116.9
2026-08-22 20:45:00,A,A2,8189.0,7000.0,0.1,1.0,0.0,200.0,22.79,VALID,118.9
2026-08-22 20:45:00,A,A3,8177.0,7000.0,0.1,1.0,0.0,200.0,22.48,VALID,117.7
2026-08-22 20:45:00,B,B1,7991.0,7000.0,0.1,1.0,0.0,200.0,22.73,VALID,99.1
2026-08-22 20:45:00,B,B2,8013.0,7000.0,0.1,1.0,0.0,200.0,22.62,VALID,101.3
2026-08-22 20:45:00,B,B3,7978.0,7000.0,0.1,1.0,0.0,200.0,22.53,VALID,97.8
2026-08-22 20:45:00,C,C1,8330.0,7000.0,0.1,1.0,0.0,200.0,22.76,VALID,133.0
2026-08-22 20:45:00,C,C2,8388.0,7000.0,0.1,1.0,0.0,200.0,22.86,VALID,138.8
2026-08-22 20:45:00,C,C3,8352.0,7000.0,0.1,1.0,0.0,200.0,22.74,VALID,135.2
2026-08-22 20:45:00,D,D1,7931.0,7000.0,0.1,1.0,0.0,200.0,22.63,VALID,93.1
2026-08-22 20:45:00,D,D2,,7000.0,0.1,1.0,0.0,200.0,22.53,INVALID,
2026-08-22 20:45:00,D,D3,7944.0,7000.0,0.1,1.0,0.0,200.0,22.82,VALID,94.4
2026-08-22 21:00:00,A,A1,8156.0,7000.0,0.1,1.0,0.0,200.0,22.86,VALID,115.6
2026-08-22 21:00:00,A,A2,8189.0,7000.0,0.1,1.0,0.0,200.0,22.83,VALID,118.9
2026-08-22 21:00:00,A,A3,8167.0,7000.0,0.1,1.0,0.0,200.0,22.75,VALID,116.7
2026-08-22 21:00:00,B,B1,7997.0,7000.0,0.1,1.0,0.0,200.0,22.81,VALID,99.7
2026-08-22 21:00:00,B,B2,8005.0,7000.0,0.1,1.0,0.0,200.0,22.61,VALID,100.5
2026-08-22 21:00:00,B,B3,8003.0,7000.0,0.1,1.0,0.0,200.0,22.84,VALID,100.3
2026-08-22 21:00:00,C,C1,8329.0,7000.0,0.1,1.0,0.0,200.0,22.92,VALID,132.9
2026-08-22 21:00:00,C,C2,8381.0,7000.0,0.1,1.0,0.0,200.0,23.02,VALID,138.1
2026-08-22 21:00:00,C,C3,8357.0,7000.0,0.1,1.0,0.0,200.0,22.83,VALID,135.7
2026-08-22 21:00:00,D,D1,7917.0,7000.0,0.1,1.0,0.0,200.0,22.67,VALID,91.7
2026-08-22 21:00:00,D,D2,7935.0,7000.0,0.1,1.0,0.0,200.0,22.88,VALID,93.5
2026-08-22 21:00:00,D,D3,7925.0,7000.0,0.1,1.0,0.0,200.0,22.9,VALID,92.5
2026-08-22 21:15:00,A,A1,8155.0,7000.0,0.1,1.0,0.0,200.0,22.69,VALID,115.5
2026-08-22 21:15:00,A,A2,8193.0,7000.0,0.1,1.0,0.0,200.0,22.93,VALID,119.3
2026-08-22 21:15:00,A,A3,8166.0,7000.0,0.1,1.0,0.0,200.0,22.8,VALID,116.6
2026-08-22 21:15:00,B,B1,7999.0,7000.0,0.1,1.0,0.0,200.0,23.3,VALID,99.9
2026-08-22 21:15:00,B,B2,8007.0,7000.0,0.1,1.0,0.0,200.0,22.98,VALID,100.7
2026-08-22 21:15:00,B,B3,8013.0,7000.0,0.1,1.0,0.0,200.0,22.66,VALID,101.3
2026-08-22 21:15:00,C,C1,8351.0,7000.0,0.1,1.0,0.0,200.0,23.51,VALID,135.1
2026-08-22 21:15:00,C,C2,8351.0,7000.0,0.1,1.0,0.0,200.0,23.0,VALID,135.1
2026-08-22 21:15:00,C,C3,8347.0,7000.0,0.1,1.0,0.0,200.0,22.97,VALID,134.7
2026-08-22 21:15:00,D,D1,7919.0,7000.0,0.1,1.0,0.0,200.0,23.18,VALID,91.9
2026-08-22 21:15:00,D,D2,7940.0,7000.0,0.1,1.0,0.0,200.0,22.84,VALID,94.0
2026-08-22 21:15:00,D,D3,7932.0,7000.0,0.1,1.0,0.0,200.0,23.12,VALID,93.2
2026-08-22 21:30:00,A,A1,8154.0,7000.0,0.1,1.0,0.0,200.0,22.84,VALID,115.4
2026-08-22 21:30:00,A,A2,8205.0,7000.0,0.1,1.0,0.0,200.0,23.05,VALID,120.5
2026-08-22 21:30:00,A,A3,8173.0,7000.0,0.1,1.0,0.0,200.0,23.09,VALID,117.3
2026-08-22 21:30:00,B,B1,8002.0,7000.0,0.1,1.0,0.0,200.0,23.53,VALID,100.2
2026-08-22 21:30:00,B,B2,8017.0,7000.0,0.1,1.0,0.0,200.0,22.87,VALID,101.7
2026-08-22 21:30:00,B,B3,7992.0,7000.0,0.1,1.0,0.0,200.0,23.09,VALID,99.2
2026-08-22 21:30:00,C,C1,8332.0,7000.0,0.1,1.0,0.0,200.0,22.83,VALID,133.2
2026-08-22 21:30:00,C,C2,8384.0,7000.0,0.1,1.0,0.0,200.0,22.96,VALID,138.4
2026-08-22 21:30:00,C,C3,8368.0,7000.0,0.1,1.0,0.0,200.0,23.54,VALID,136.8
2026-08-22 21:30:00,D,D1,7922.0,7000.0,0.1,1.0,0.0,200.0,23.26,VALID,92.2
2026-08-22 21:30:00,D,D2,7931.0,7000.0,0.1,1.0,0.0,200.0,23.3,VALID,93.1
2026-08-22 21:30:00,D,D3,7930.0,7000.0,0.1,1.0,0.0,200.0,22.96,VALID,93.0
2026-08-22 21:45:00,A,A1,8163.0,7000.0,0.1,1.0,0.0,200.0,23.24,VALID,116.3
2026-08-22 21:45:00,A,A2,8185.0,7000.0,0.1,1.0,0.0,200.0,23.52,VALID,118.5
2026-08-22 21:45:00,A,A3,8169.0,7000.0,0.1,1.0,0.0,200.0,23.68,VALID,116.9
2026-08-22 21:45:00,B,B1,7986.0,7000.0,0.1,1.0,0.0,200.0,23.66,VALID,98.6
2026-08-22 21:45:00,B,B2,8004.0,7000.0,0.1,1.0,0.0,200.0,23.33,VALID,100.4
2026-08-22 21:45:00,B,B3,8002.0,7000.0,0.1,1.0,0.0,200.0,23.26,VALID,100.2
2026-08-22 21:45:00,C,C1,8343.0,7000.0,0.1,1.0,0.0,200.0,23.63,VALID,134.3
2026-08-22 21:45:00,C,C2,8389.0,7000.0,0.1,1.0,0.0,200.0,23.25,VALID,138.9
2026-08-22 21:45:00,C,C3,8358.0,7000.0,0.1,1.0,0.0,200.0,23.18,VALID,135.8
2026-08-22 21:45:00,D,D1,7917.0,7000.0,0.1,1.0,0.0,200.0,23.1,VALID,91.7
2026-08-22 21:45:00,D,D2,7940.0,7000.0,0.1,1.0,0.0,200.0,23.38,VALID,94.0
2026-08-22 21:45:00,D,D3,7919.0,7000.0,0.1,1.0,0.0,200.0,23.32,VALID,91.9
2026-08-22 22:00:00,A,A1,8181.0,7000.0,0.1,1.0,0.0,200.0,23.72,VALID,118.1
2026-08-22 22:00:00,A,A2,8184.0,7000.0,0.1,1.0,0.0,200.0,23.22,VALID,118.4
2026-08-22 22:00:00,A,A3,8182.0,7000.0,0.1,1.0,0.0,200.0,23.04,VALID,118.2
2026-08-22 22:00:00,B,B1,8009.0,7000.0,0.1,1.0,0.0,200.0,23.46,VALID,100.9
2026-08-22 22:00:00,B,B2,8031.0,7000.0,0.1,1.0,0.0,200.0,23.15,VALID,103.1
2026-08-22 22:00:00,B,B3,8016.0,7000.0,0.1,1.0,0.0,200.0,23.48,VALID,101.6
2026-08-22 22:00:00,C,C1,8335.0,7000.0,0.1,1.0,0.0,200.0,23.23,VALID,133.5
2026-08-22 22:00:00,C,C2,8385.0,7000.0,0.1,1.0,0.0,200.0,23.64,VALID,138.5
2026-08-22 22:00:00,C,C3,8374.0,7000.0,0.1,1.0,0.0,200.0,23.7,VALID,137.4
2026-08-22 22:00:00,D,D1,7922.0,7000.0,0.1,1.0,0.0,200.0,23.3,VALID,92.2
2026-08-22 22:00:00,D,D2,7933.0,7000.0,0.1,1.0,0.0,200.0,23.79,VALID,93.3
2026-08-22 22:00:00,D,D3,7930.0,7000.0,0.1,1.0,0.0,200.0,23.8,VALID,93.0
2026-08-22 22:15:00,A,A1,8174.0,7000.0,0.1,1.0,0.0,200.0,23.74,VALID,117.4
2026-08-22 22:15:00,A,A2,8188.0,7000.0,0.1,1.0,0.0,200.0,23.81,VALID,118.8
2026-08-22 22:15:00,A,A3,8179.0,7000.0,0.1,1.0,0.0,200.0,23.6,VALID,117.9
2026-08-22 22:15:00,B,B1,8007.0,7000.0,0.1,1.0,0.0,200.0,23.64,VALID,100.7
2026-08-22 22:15:00,B,B2,8009.0,7000.0,0.1,1.0,0.0,200.0,23.79,VALID,100.9
2026-08-22 22:15:00,B,B3,8008.0,7000.0,0.1,1.0,0.0,200.0,23.77,VALID,100.8
2026-08-22 22:15:00,C,C1,8335.0,7000.0,0.1,1.0,0.0,200.0,23.43,VALID,133.5
2026-08-22 22:15:00,C,C2,8397.0,7000.0,0.1,1.0,0.0,200.0,23.98,VALID,139.7
2026-08-22 22:15:00,C,C3,8367.0,7000.0,0.1,1.0,0.0,200.0,23.6,VALID,136.7
2026-08-22 22:15:00,D,D1,7926.0,7000.0,0.1,1.0,0.0,200.0,23.95,VALID,92.6
2026-08-22 22:15:00,D,D2,7944.0,7000.0,0.1,1.0,0.0,200.0,23.55,VALID,94.4
2026-08-22 22:15:00,D,D3,7956.0,7000.0,0.1,1.0,0.0,200.0,23.66,VALID,95.6
2026-08-22 22:30:00,A,A1,8187.0,7000.0,0.1,1.0,0.0,200.0,23.57,VALID,118.7
2026-08-22 22:30:00,A,A2,8197.0,7000.0,0.1,1.0,0.0,200.0,24.27,VALID,119.7
2026-08-22 22:30:00,A,A3,8181.0,7000.0,0.1,1.0,0.0,200.0,23.8,VALID,118.1
2026-08-22 22:30:00,B,B1,7992.0,7000.0,0.1,1.0,0.0,200.0,24.07,VALID,99.2
2026-08-22 22:30:00,B,B2,8011.0,7000.0,0.1,1.0,0.0,200.0,23.83,VALID,101.1
2026-08-22 22:30:00,B,B3,8000.0,7000.0,0.1,1.0,0.0,200.0,24.16,VALID,100.0
2026-08-22 22:30:00,C,C1,8351.0,7000.0,0.1,1.0,0.0,200.0,23.85,VALID,135.1
2026-08-22 22:30:00,C,C2,8372.0,7000.0,0.1,1.0,0.0,200.0,24.16,VALID,137.2
2026-08-22 22:30:00,C,C3,8357.0,7000.0,0.1,1.0,0.0,200.0,23.63,VALID,135.7
2026-08-22 22:30:00,D,D1,7915.0,7000.0,0.1,1.0,0.0,200.0,23.72,VALID,91.5
2026-08-22 22:30:00,D,D2,7936.0,7000.0,0.1,1.0,0.0,200.0,23.73,VALID,93.6
2026-08-22 22:30:00,D,D3,7947.0,7000.0,0.1,1.0,0.0,200.0,23.78,VALID,94.7
2026-08-22 22:45:00,A,A1,8176.0,7000.0,0.1,1.0,0.0,200.0,23.89,VALID,117.6
2026-08-22 22:45:00,A,A2,8195.0,7000.0,0.1,1.0,0.0,200.0,24.42,VALID,119.5
2026-08-22 22:45:00,A,A3,8179.0,7000.0,0.1,1.0,0.0,200.0,24.11,VALID,117.9
2026-08-22 22:45:00,B,B1,7990.0,7000.0,0.1,1.0,0.0,200.0,24.34,VALID,99.0
2026-08-22 22:45:00,B,B2,8015.0,7000.0,0.1,1.0,0.0,200.0,24.25,VALID,101.5
2026-08-22 22:45:00,B,B3,8011.0,7000.0,0.1,1.0,0.0,200.0,24.16,VALID,101.1
2026-08-22 22:45:00,C,C1,8348.0,7000.0,0.1,1.0,0.0,200.0,23.95,VALID,134.8
2026-08-22 22:45:00,C,C2,8394.0,7000.0,0.1,1.0,0.0,200.0,23.88,VALID,139.4
2026-08-22 22:45:00,C,C3,8369.0,7000.0,0.1,1.0,0.0,200.0,23.96,VALID,136.9
2026-08-22 22:45:00,D,D1,7935.0,7000.0,0.1,1.0,0.0,200.0,23.94,VALID,93.5
2026-08-22 22:45:00,D,D2,7951.0,7000.0,0.1,1.0,0.0,200.0,23.82,VALID,95.1
2026-08-22 22:45:00,D,D3,7945.0,7000.0,0.1,1.0,0.0,200.0,24.04,VALID,94.5
2026-08-22 23:00:00,A,A1,8169.0,7000.0,0.1,1.0,0.0,200.0,24.21,VALID,116.9
2026-08-22 23:00:00,A,A2,8197.0,7000.0,0.1,1.0,0.0,200.0,24.1,VALID,119.7
2026-08-22 23:00:00,A,A3,8183.0,7000.0,0.1,1.0,0.0,200.0,24.02,VALID,118.3
2026-08-22 23:00:00,B,B1,8027.0,7000.0,0.1,1.0,0.0,200.0,24.44,VALID,102.7
2026-08-22 23:00:00,B,B2,8024.0,7000.0,0.1,1.0,0.0,200.0,24.46,VALID,102.4
2026-08-22 23:00:00,B,B3,7996.0,7000.0,0.1,1.0,0.0,200.0,23.71,VALID,99.6
2026-08-22 23:00:00,C,C1,8340.0,7000.0,0.1,1.0,0.0,200.0,23.95,VALID,134.0
2026-08-22 23:00:00,C,C2,8384.0,7000.0,0.1,1.0,0.0,200.0,24.26,VALID,138.4
2026-08-22 23:00:00,C,C3,8372.0,7000.0,0.1,1.0,0.0,200.0,24.0,VALID,137.2
2026-08-22 23:00:00,D,D1,7938.0,7000.0,0.1,1.0,0.0,200.0,24.23,VALID,93.8
2026-08-22 23:00:00,D,D2,7955.0,7000.0,0.1,1.0,0.0,200.0,24.12,VALID,95.5
2026-08-22 23:00:00,D,D3,7957.0,7000.0,0.1,1.0,0.0,200.0,24.2,VALID,95.7
2026-08-22 23:15:00,A,A1,8192.0,7000.0,0.1,1.0,0.0,200.0,24.26,VALID,119.2
2026-08-22 23:15:00,A,A2,8204.0,7000.0,0.1,1.0,0.0,200.0,24.4,VALID,120.4
2026-08-22 23:15:00,A,A3,8183.0,7000.0,0.1,1.0,0.0,200.0,24.54,VALID,118.3
2026-08-22 23:15:00,B,B1,8005.0,7000.0,0.1,1.0,0.0,200.0,23.88,VALID,100.5
2026-08-22 23:15:00,B,B2,7995.0,7000.0,0.1,1.0,0.0,200.0,24.67,VALID,99.5
2026-08-22 23:15:00,B,B3,8027.0,7000.0,0.1,1.0,0.0,200.0,24.79,VALID,102.7
2026-08-22 23:15:00,C,C1,8346.0,7000.0,0.1,1.0,0.0,200.0,24.16,VALID,134.6
2026-08-22 23:15:00,C,C2,8384.0,7000.0,0.1,1.0,0.0,200.0,24.42,VALID,138.4
2026-08-22 23:15:00,C,C3,8357.0,7000.0,0.1,1.0,0.0,200.0,24.74,VALID,135.7
2026-08-22 23:15:00,D,D1,7956.0,7000.0,0.1,1.0,0.0,200.0,24.51,VALID,95.6
2026-08-22 23:15:00,D,D2,7954.0,7000.0,0.1,1.0,0.0,200.0,24.16,VALID,95.4
2026-08-22 23:15:00,D,D3,7960.0,7000.0,0.1,1.0,0.0,200.0,24.43,VALID,96.0
2026-08-22 23:30:00,A,A1,8175.0,7000.0,0.1,1.0,0.0,200.0,24.7,VALID,117.5
2026-08-22 23:30:00,A,A2,8194.0,7000.0,0.1,1.0,0.0,200.0,24.64,VALID,119.4
2026-08-22 23:30:00,A,A3,8175.0,7000.0,0.1,1.0,0.0,200.0,24.83,VALID,117.5
2026-08-22 23:30:00,B,B1,8009.0,7000.0,0.1,1.0,0.0,200.0,24.84,VALID,100.9
2026-08-22 23:30:00,B,B2,8023.0,7000.0,0.1,1.0,0.0,200.0,24.58,VALID,102.3
2026-08-22 23:30:00,B,B3,8007.0,7000.0,0.1,1.0,0.0,200.0,24.76,VALID,100.7
2026-08-22 23:30:00,C,C1,8340.0,7000.0,0.1,1.0,0.0,200.0,24.51,VALID,134.0
2026-08-22 23:30:00,C,C2,8390.0,7000.0,0.1,1.0,0.0,200.0,24.63,VALID,139.0
2026-08-22 23:30:00,C,C3,8352.0,7000.0,0.1,1.0,0.0,200.0,24.56,VALID,135.2
2026-08-22 23:30:00,D,D1,7945.0,7000.0,0.1,1.0,0.0,200.0,24.53,VALID,94.5
2026-08-22 23:30:00,D,D2,7954.0,7000.0,0.1,1.0,0.0,200.0,24.64,VALID,95.4
2026-08-22 23:30:00,D,D3,7946.0,7000.0,0.1,1.0,0.0,200.0,24.4,VALID,94.6
2026-08-22 23:45:00,A,A1,8179.0,7000.0,0.1,1.0,0.0,200.0,25.0,VALID,117.9
2026-08-22 23:45:00,A,A2,8192.0,7000.0,0.1,1.0,0.0,200.0,24.73,VALID,119.2
2026-08-22 23:45:00,A,A3,8177.0,7000.0,0.1,1.0,0.0,200.0,24.99,VALID,117.7
2026-08-22 23:45:00,B,B1,8011.0,7000.0,0.1,1.0,0.0,200.0,24.63,VALID,101.1
2026-08-22 23:45:00,B,B2,8027.0,7000.0,0.1,1.0,0.0,200.0,24.56,VALID,102.7
2026-08-22 23:45:00,B,B3,8010.0,7000.0,0.1,1.0,0.0,200.0,24.51,VALID,101.0
2026-08-22 23:45:00,C,C1,8340.0,7000.0,0.1,1.0,0.0,200.0,25.08,VALID,134.0
2026-08-22 23:45:00,C,C2,8385.0,7000.0,0.1,1.0,0.0,200.0,24.9,VALID,138.5
2026-08-22 23:45:00,C,C3,8362.0,7000.0,0.1,1.0,0.0,200.0,24.96,VALID,136.2
2026-08-22 23:45:00,D,D1,7930.0,7000.0,0.1,1.0,0.0,200.0,24.81,VALID,93.0
2026-08-22 23:45:00,D,D2,7958.0,7000.0,0.1,1.0,0.0,200.0,25.27,VALID,95.8
2026-08-22 23:45:00,D,D3,7955.0,7000.0,0.1,1.0,0.0,200.0,24.69,VALID,95.5
2026-08-23 00:00:00,A,A1,8187.0,7000.0,0.1,1.0,0.0,200.0,25.43,VALID,118.7
2026-08-23 00:00:00,A,A2,8189.0,7000.0,0.1,1.0,0.0,200.0,24.83,VALID,118.9
2026-08-23 00:00:00,A,A3,8189.0,7000.0,0.1,1.0,0.0,200.0,24.92,VALID,118.9
2026-08-23 00:00:00,B,B1,8010.0,7000.0,0.1,1.0,0.0,200.0,24.74,VALID,101.0
2026-08-23 00:00:00,B,B2,8041.0,7000.0,0.1,1.0,0.0,200.0,24.72,VALID,104.1
2026-08-23 00:00:00,B,B3,8019.0,7000.0,0.1,1.0,0.0,200.0,25.21,VALID,101.9
2026-08-23 00:00:00,C,C1,8431.0,7000.0,0.1,1.0,0.0,200.0,24.8,VALID,143.1
2026-08-23 00:00:00,C,C2,8461.0,7000.0,0.1,1.0,0.0,200.0,24.95,VALID,146.1
2026-08-23 00:00:00,C,C3,8444.0,7000.0,0.1,1.0,0.0,200.0,25.04,VALID,144.4
2026-08-23 00:00:00,D,D1,7929.0,7000.0,0.1,1.0,0.0,200.0,25.16,VALID,92.9
2026-08-23 00:00:00,D,D2,7960.0,7000.0,0.1,1.0,0.0,200.0,25.04,VALID,96.0
2026-08-23 00:00:00,D,D3,7964.0,7000.0,0.1,1.0,0.0,200.0,24.91,VALID,96.4
2026-08-23 00:15:00,A,A1,8176.0,7000.0,0.1,1.0,0.0,200.0,25.09,VALID,117.6
2026-08-23 00:15:00,A,A2,8203.0,7000.0,0.1,1.0,0.0,200.0,25.18,VALID,120.3
2026-08-23 00:15:00,A,A3,8186.0,7000.0,0.1,1.0,0.0,200.0,24.79,VALID,118.6
2026-08-23 00:15:00,B,B1,8010.0,7000.0,0.1,1.0,0.0,200.0,25.27,VALID,101.0
2026-08-23 00:15:00,B,B2,8031.0,7000.0,0.1,1.0,0.0,200.0,25.44,VALID,103.1
2026-08-23 00:15:00,B,B3,8041.0,7000.0,0.1,1.0,0.0,200.0,25.35,VALID,104.1
2026-08-23 00:15:00,C,C1,8445.0,7000.0,0.1,1.0,0.0,200.0,25.35,VALID,144.5
2026-08-23 00:15:00,C,C2,8490.0,7000.0,0.1,1.0,0.0,200.0,25.57,VALID,149.0
2026-08-23 00:15:00,C,C3,8462.0,7000.0,0.1,1.0,0.0,200.0,25.34,VALID,146.2
2026-08-23 00:15:00,D,D1,7941.0,7000.0,0.1,1.0,0.0,200.0,25.19,VALID,94.1
2026-08-23 00:15:00,D,D2,7958.0,7000.0,0.1,1.0,0.0,200.0,25.32,VALID,95.8
2026-08-23 00:15:00,D,D3,7947.0,7000.0,0.1,1.0,0.0,200.0,25.16,VALID,94.7
2026-08-23 00:30:00,A,A1,8164.0,7000.0,0.1,1.0,0.0,200.0,25.74,VALID,116.4
2026-08-23 00:30:00,A,A2,8205.0,7000.0,0.1,1.0,0.0,200.0,25.48,VALID,120.5
2026-08-23 00:30:00,A,A3,8208.0,7000.0,0.1,1.0,0.0,200.0,25.45,VALID,120.8
2026-08-23 00:30:00,B,B1,8030.0,7000.0,0.1,1.0,0.0,200.0,25.14,VALID,103.0
2026-08-23 00:30:00,B,B2,8053.0,7000.0,0.1,1.0,0.0,200.0,25.61,VALID,105.3
2026-08-23 00:30:00,B,B3,8027.0,7000.0,0.1,1.0,0.0,200.0,25.68,VALID,102.7
2026-08-23 00:30:00,C,C1,8424.0,7000.0,0.1,1.0,0.0,200.0,25.33,VALID,142.4
2026-08-23 00:30:00,C,C2,8490.0,7000.0,0.1,1.0,0.0,200.0,25.02,VALID,149.0
2026-08-23 00:30:00,C,C3,8460.0,7000.0,0.1,1.0,0.0,200.0,25.5,VALID,146.0
2026-08-23 00:30:00,D,D1,7963.0,7000.0,0.1,1.0,0.0,200.0,25.07,VALID,96.3
2026-08-23 00:30:00,D,D2,7977.0,7000.0,0.1,1.0,0.0,200.0,25.28,VALID,97.7
2026-08-23 00:30:00,D,D3,7951.0,7000.0,0.1,1.0,0.0,200.0,25.15,VALID,95.1
2026-08-23 00:45:00,A,A1,8177.0,7000.0,0.1,1.0,0.0,200.0,25.67,VALID,117.7
2026-08-23 00:45:00,A,A2,8199.0,7000.0,0.1,1.0,0.0,200.0,25.73,VALID,119.9
2026-08-23 00:45:00,A,A3,8191.0,7000.0,0.1,1.0,0.0,200.0,25.34,VALID,119.1
2026-08-23 00:45:00,B,B1,8014.0,7000.0,0.1,1.0,0.0,200.0,25.65,VALID,101.4
2026-08-23 00:45:00,B,B2,8031.0,7000.0,0.1,1.0,0.0,200.0,25.59,VALID,103.1
2026-08-23 00:45:00,B,B3,8033.0,7000.0,0.1,1.0,0.0,200.0,25.8,VALID,103.3
2026-08-23 00:45:00,C,C1,8434.0,7000.0,0.1,1.0,0.0,200.0,25.38,VALID,143.4
2026-08-23 00:45:00,C,C2,8479.0,7000.0,0.1,1.0,0.0,200.0,25.68,VALID,147.9
2026-08-23 00:45:00,C,C3,8443.0,7000.0,0.1,1.0,0.0,200.0,25.41,VALID,144.3
2026-08-23 00:45:00,D,D1,7940.0,7000.0,0.1,1.0,0.0,200.0,25.54,VALID,94.0
2026-08-23 00:45:00,D,D2,7958.0,7000.0,0.1,1.0,0.0,200.0,25.73,VALID,95.8
2026-08-23 00:45:00,D,D3,7942.0,7000.0,0.1,1.0,0.0,200.0,25.27,VALID,94.2
2026-08-23 01:00:00,A,A1,8185.0,7000.0,0.1,1.0,0.0,200.0,25.74,VALID,118.5
2026-08-23 01:00:00,A,A2,8197.0,7000.0,0.1,1.0,0.0,200.0,25.66,VALID,119.7
2026-08-23 01:00:00,A,A3,8195.0,7000.0,0.1,1.0,0.0,200.0,25.7,VALID,119.5
2026-08-23 01:00:00,B,B1,8022.0,7000.0,0.1,1.0,0.0,200.0,25.64,VALID,102.2
2026-08-23 01:00:00,B,B2,8049.0,7000.0,0.1,1.0,0.0,200.0,25.87,VALID,104.9
2026-08-23 01:00:00,B,B3,8021.0,7000.0,0.1,1.0,0.0,200.0,25.8,VALID,102.1
2026-08-23 01:00:00,C,C1,8439.0,7000.0,0.1,1.0,0.0,200.0,26.02,VALID,143.9
2026-08-23 01:00:00,C,C2,8475.0,7000.0,0.1,1.0,0.0,200.0,25.93,VALID,147.5
2026-08-23 01:00:00,C,C3,8459.0,7000.0,0.1,1.0,0.0,200.0,26.07,VALID,145.9
2026-08-23 01:00:00,D,D1,7960.0,7000.0,0.1,1.0,0.0,200.0,25.82,VALID,96.0
2026-08-23 01:00:00,D,D2,7964.0,7000.0,0.1,1.0,0.0,200.0,25.88,VALID,96.4
2026-08-23 01:00:00,D,D3,7957.0,7000.0,0.1,1.0,0.0,200.0,26.11,VALID,95.7
2026-08-23 01:15:00,A,A1,8191.0,7000.0,0.1,1.0,0.0,200.0,25.88,VALID,119.1
2026-08-23 01:15:00,A,A2,8208.0,7000.0,0.1,1.0,0.0,200.0,25.72,VALID,120.8
2026-08-23 01:15:00,A,A3,8205.0,7000.0,0.1,1.0,0.0,200.0,25.8,VALID,120.5
2026-08-23 01:15:00,B,B1,8032.0,7000.0,0.1,1.0,0.0,200.0,25.71,VALID,103.2
2026-08-23 01:15:00,B,B2,8038.0,7000.0,0.1,1.0,0.0,200.0,26.19,VALID,103.8
2026-08-23 01:15:00,B,B3,8011.0,7000.0,0.1,1.0,0.0,200.0,26.37,VALID,101.1
2026-08-23 01:15:00,C,C1,8436.0,7000.0,0.1,1.0,0.0,200.0,25.99,VALID,143.6
2026-08-23 01:15:00,C,C2,8487.0,7000.0,0.1,1.0,0.0,200.0,26.11,VALID,148.7
2026-08-23 01:15:00,C,C3,8463.0,7000.0,0.1,1.0,0.0,200.0,26.16,VALID,146.3
2026-08-23 01:15:00,D,D1,7955.0,7000.0,0.1,1.0,0.0,200.0,26.32,VALID,95.5
2026-08-23 01:15:00,D,D2,7973.0,7000.0,0.1,1.0,0.0,200.0,26.36,VALID,97.3
2026-08-23 01:15:00,D,D3,7968.0,7000.0,0.1,1.0,0.0,200.0,25.6,VALID,96.8
2026-08-23 01:30:00,A,A1,8215.0,7000.0,0.1,1.0,0.0,200.0,26.03,VALID,121.5
2026-08-23 01:30:00,A,A2,8227.0,7000.0,0.1,1.0,0.0,200.0,26.15,VALID,122.7
2026-08-23 01:30:00,A,A3,8211.0,7000.0,0.1,1.0,0.0,200.0,26.01,VALID,121.1
2026-08-23 01:30:00,B,B1,8029.0,7000.0,0.1,1.0,0.0,200.0,26.1,VALID,102.9
2026-08-23 01:30:00,B,B2,8053.0,7000.0,0.1,1.0,0.0,200.0,26.24,VALID,105.3
2026-08-23 01:30:00,B,B3,8040.0,7000.0,0.1,1.0,0.0,200.0,25.72,VALID,104.0
2026-08-23 01:30:00,C,C1,8441.0,7000.0,0.1,1.0,0.0,200.0,26.23,VALID,144.1
2026-08-23 01:30:00,C,C2,8486.0,7000.0,0.1,1.0,0.0,200.0,26.34,VALID,148.6
2026-08-23 01:30:00,C,C3,8458.0,7000.0,0.1,1.0,0.0,200.0,26.16,VALID,145.8
2026-08-23 01:30:00,D,D1,7962.0,7000.0,0.1,1.0,0.0,200.0,25.69,VALID,96.2
2026-08-23 01:30:00,D,D2,7975.0,7000.0,0.1,1.0,0.0,200.0,26.08,VALID,97.5
2026-08-23 01:30:00,D,D3,7954.0,7000.0,0.1,1.0,0.0,200.0,26.22,VALID,95.4
2026-08-23 01:45:00,A,A1,8204.0,7000.0,0.1,1.0,0.0,200.0,26.53,VALID,120.4
2026-08-23 01:45:00,A,A2,8214.0,7000.0,0.1,1.0,0.0,200.0,26.5,VALID,121.4
2026-08-23 01:45:00,A,A3,8211.0,7000.0,0.1,1.0,0.0,200.0,26.31,VALID,121.1
2026-08-23 01:45:00,B,B1,8019.0,7000.0,0.1,1.0,0.0,200.0,26.2,VALID,101.9
2026-08-23 01:45:00,B,B2,8048.0,7000.0,0.1,1.0,0.0,200.0,26.32,VALID,104.8
2026-08-23 01:45:00,B,B3,8024.0,7000.0,0.1,1.0,0.0,200.0,25.99,VALID,102.4
2026-08-23 01:45:00,C,C1,8451.0,7000.0,0.1,1.0,0.0,200.0,26.22,VALID,145.1
2026-08-23 01:45:00,C,C2,8488.0,7000.0,0.1,1.0,0.0,200.0,26.57,VALID,148.8
2026-08-23 01:45:00,C,C3,8452.0,7000.0,0.1,1.0,0.0,200.0,26.32,VALID,145.2
2026-08-23 01:45:00,D,D1,7952.0,7000.0,0.1,1.0,0.0,200.0,26.4,VALID,95.2
2026-08-23 01:45:00,D,D2,7983.0,7000.0,0.1,1.0,0.0,200.0,26.06,VALID,98.3
2026-08-23 01:45:00,D,D3,7969.0,7000.0,0.1,1.0,0.0,200.0,26.53,VALID,96.9
2026-08-23 02:00:00,A,A1,8193.0,7000.0,0.1,1.0,0.0,200.0,26.47,VALID,119.3
2026-08-23 02:00:00,A,A2,8221.0,7000.0,0.1,1.0,0.0,200.0,26.57,VALID,122.1
2026-08-23 02:00:00,A,A3,8210.0,7000.0,0.1,1.0,0.0,200.0,26.61,VALID,121.0
2026-08-23 02:00:00,B,B1,8018.0,7000.0,0.1,1.0,0.0,200.0,26.7,VALID,101.8
2026-08-23 02:00:00,B,B2,8052.0,7000.0,0.1,1.0,0.0,200.0,26.54,VALID,105.2
2026-08-23 02:00:00,B,B3,8022.0,7000.0,0.1,1.0,0.0,200.0,26.48,VALID,102.2
2026-08-23 02:00:00,C,C1,8447.0,7000.0,0.1,1.0,0.0,200.0,26.27,VALID,144.7
2026-08-23 02:00:00,C,C2,8484.0,7000.0,0.1,1.0,0.0,200.0,26.22,VALID,148.4
2026-08-23 02:00:00,C,C3,8470.0,7000.0,0.1,1.0,0.0,200.0,26.53,VALID,147.0
2026-08-23 02:00:00,D,D1,7940.0,7000.0,0.1,1.0,0.0,200.0,26.57,VALID,94.0
2026-08-23 02:00:00,D,D2,7972.0,7000.0,0.1,1.0,0.0,200.0,26.6,VALID,97.2
2026-08-23 02:00:00,D,D3,7961.0,7000.0,0.1,1.0,0.0,200.0,26.34,VALID,96.1
2026-08-23 02:15:00,A,A1,8190.0,7000.0,0.1,1.0,0.0,200.0,26.56,VALID,119.0
2026-08-23 02:15:00,A,A2,8219.0,7000.0,0.1,1.0,0.0,200.0,26.7,VALID,121.9
2026-08-23 02:15:00,A,A3,8205.0,7000.0,0.1,1.0,0.0,200.0,26.58,VALID,120.5
2026-08-23 02:15:00,B,B1,8025.0,7000.0,0.1,1.0,0.0,200.0,27.17,VALID,102.5
2026-08-23 02:15:00,B,B2,8037.0,7000.0,0.1,1.0,0.0,200.0,26.56,VALID,103.7
2026-08-23 02:15:00,B,B3,8066.0,7000.0,0.1,1.0,0.0,200.0,26.75,VALID,106.6
2026-08-23 02:15:00,C,C1,8434.0,7000.0,0.1,1.0,0.0,200.0,26.84,VALID,143.4
2026-08-23 02:15:00,C,C2,8480.0,7000.0,0.1,1.0,0.0,200.0,26.85,VALID,148.0
2026-08-23 02:15:00,C,C3,8465.0,7000.0,0.1,1.0,0.0,200.0,26.58,VALID,146.5
2026-08-23 02:15:00,D,D1,7971.0,7000.0,0.1,1.0,0.0,200.0,26.78,VALID,97.1
2026-08-23 02:15:00,D,D2,7983.0,7000.0,0.1,1.0,0.0,200.0,26.75,VALID,98.3
2026-08-23 02:15:00,D,D3,7962.0,7000.0,0.1,1.0,0.0,200.0,26.79,VALID,96.2
2026-08-23 02:30:00,A,A1,8209.0,7000.0,0.1,1.0,0.0,200.0,26.85,VALID,120.9
2026-08-23 02:30:00,A,A2,8236.0,7000.0,0.1,1.0,0.0,200.0,27.0,VALID,123.6
2026-08-23 02:30:00,A,A3,8210.0,7000.0,0.1,1.0,0.0,200.0,26.88,VALID,121.0
2026-08-23 02:30:00,B,B1,8031.0,7000.0,0.1,1.0,0.0,200.0,26.58,VALID,103.1
2026-08-23 02:30:00,B,B2,8044.0,7000.0,0.1,1.0,0.0,200.0,26.87,VALID,104.4
2026-08-23 02:30:00,B,B3,8034.0,7000.0,0.1,1.0,0.0,200.0,26.89,VALID,103.4
2026-08-23 02:30:00,C,C1,8448.0,7000.0,0.1,1.0,0.0,200.0,26.98,VALID,144.8
2026-08-23 02:30:00,C,C2,8496.0,7000.0,0.1,1.0,0.0,200.0,26.86,VALID,149.6
2026-08-23 02:30:00,C,C3,8456.0,7000.0,0.1,1.0,0.0,200.0,27.18,VALID,145.6
2026-08-23 02:30:00,D,D1,7957.0,7000.0,0.1,1.0,0.0,200.0,26.81,VALID,95.7
2026-08-23 02:30:00,D,D2,7973.0,7000.0,0.1,1.0,0.0,200.0,26.73,VALID,97.3
2026-08-23 02:30:00,D,D3,7982.0,7000.0,0.1,1.0,0.0,200.0,27.1,VALID,98.2
2026-08-23 02:45:00,A,A1,8203.0,7000.0,0.1,1.0,0.0,200.0,26.96,VALID,120.3
2026-08-23 02:45:00,A,A2,8227.0,7000.0,0.1,1.0,0.0,200.0,26.99,VALID,122.7
2026-08-23 02:45:00,A,A3,8208.0,7000.0,0.1,1.0,0.0,200.0,27.05,VALID,120.8
2026-08-23 02:45:00,B,B1,8027.0,7000.0,0.1,1.0,0.0,200.0,27.03,VALID,102.7
2026-08-23 02:45:00,B,B2,8048.0,7000.0,0.1,1.0,0.0,200.0,27.1,VALID,104.8
2026-08-23 02:45:00,B,B3,8034.0,7000.0,0.1,1.0,0.0,200.0,27.12,VALID,103.4
2026-08-23 02:45:00,C,C1,8441.0,7000.0,0.1,1.0,0.0,200.0,26.86,VALID,144.1
2026-08-23 02:45:00,C,C2,8487.0,7000.0,0.1,1.0,0.0,200.0,26.76,VALID,148.7
2026-08-23 02:45:00,C,C3,8478.0,7000.0,0.1,1.0,0.0,200.0,26.78,VALID,147.8
2026-08-23 02:45:00,D,D1,7953.0,7000.0,0.1,1.0,0.0,200.0,27.23,VALID,95.3
2026-08-23 02:45:00,D,D2,7972.0,7000.0,0.1,1.0,0.0,200.0,26.94,VALID,97.2
2026-08-23 02:45:00,D,D3,7960.0,7000.0,0.1,1.0,0.0,200.0,27.14,VALID,96.0
2026-08-23 03:00:00,A,A1,8208.0,7000.0,0.1,1.0,0.0,200.0,27.27,VALID,120.8
2026-08-23 03:00:00,A,A2,8227.0,7000.0,0.1,1.0,0.0,200.0,27.14,VALID,122.7
2026-08-23 03:00:00,A,A3,8206.0,7000.0,0.1,1.0,0.0,200.0,26.96,VALID,120.6
2026-08-23 03:00:00,B,B1,8044.0,7000.0,0.1,1.0,0.0,200.0,27.27,VALID,104.4
2026-08-23 03:00:00,B,B2,8041.0,7000.0,0.1,1.0,0.0,200.0,27.13,VALID,104.1
2026-08-23 03:00:00,B,B3,8038.0,7000.0,0.1,1.0,0.0,200.0,26.9,VALID,103.8
2026-08-23 03:00:00,C,C1,8372.0,7000.0,0.1,1.0,0.0,200.0,27.04,VALID,137.2
2026-08-23 03:00:00,C,C2,8404.0,7000.0,0.1,1.0,0.0,200.0,26.83,VALID,140.4
2026-08-23 03:00:00,C,C3,8377.0,7000.0,0.1,1.0,0.0,200.0,27.05,VALID,137.7
2026-08-23 03:00:00,D,D1,7960.0,7000.0,0.1,1.0,0.0,200.0,26.95,VALID,96.0
2026-08-23 03:00:00,D,D2,7984.0,7000.0,0.1,1.0,0.0,200.0,27.11,VALID,98.4
2026-08-23 03:00:00,D,D3,7976.0,7000.0,0.1,1.0,0.0,200.0,27.08,VALID,97.6
2026-08-23 03:15:00,A,A1,8195.0,7000.0,0.1,1.0,0.0,200.0,27.28,VALID,119.5
2026-08-23 03:15:00,A,A2,8212.0,7000.0,0.1,1.0,0.0,200.0,27.36,VALID,121.2
2026-08-23 03:15:00,A,A3,8203.0,7000.0,0.1,1.0,0.0,200.0,27.44,VALID,120.3
2026-08-23 03:15:00,B,B1,8031.0,7000.0,0.1,1.0,0.0,200.0,27.47,VALID,103.1
2026-08-23 03:15:00,B,B2,8039.0,7000.0,0.1,1.0,0.0,200.0,27.12,VALID,103.9
2026-08-23 03:15:00,B,B3,8045.0,7000.0,0.1,1.0,0.0,200.0,27.49,VALID,104.5
2026-08-23 03:15:00,C,C1,8387.0,7000.0,0.1,1.0,0.0,200.0,27.26,VALID,138.7
2026-08-23 03:15:00,C,C2,8430.0,7000.0,0.1,1.0,0.0,200.0,27.2,VALID,143.0
2026-08-23 03:15:00,C,C3,8402.0,7000.0,0.1,1.0,0.0,200.0,27.07,VALID,140.2
2026-08-23 03:15:00,D,D1,7966.0,7000.0,0.1,1.0,0.0,200.0,26.79,VALID,96.6
2026-08-23 03:15:00,D,D2,7970.0,7000.0,0.1,1.0,0.0,200.0,27.35,VALID,97.0
2026-08-23 03:15:00,D,D3,7960.0,7000.0,0.1,1.0,0.0,200.0,27.34,VALID,96.0
2026-08-23 03:30:00,A,A1,8211.0,7000.0,0.1,1.0,0.0,200.0,27.28,VALID,121.1
2026-08-23 03:30:00,A,A2,8216.0,7000.0,0.1,1.0,0.0,200.0,27.29,VALID,121.6
2026-08-23 03:30:00,A,A3,8204.0,7000.0,0.1,1.0,0.0,200.0,27.36,VALID,120.4
2026-08-23 03:30:00,B,B1,8036.0,7000.0,0.1,1.0,0.0,200.0,27.32,VALID,103.6
2026-08-23 03:30:00,B,B2,8065.0,7000.0,0.1,1.0,0.0,200.0,27.24,VALID,106.5
2026-08-23 03:30:00,B,B3,8055.0,7000.0,0.1,1.0,0.0,200.0,27.17,VALID,105.5
2026-08-23 03:30:00,C,C1,8374.0,7000.0,0.1,1.0,0.0,200.0,27.62,VALID,137.4
2026-08-23 03:30:00,C,C2,8425.0,7000.0,0.1,1.0,0.0,200.0,27.3,VALID,142.5
2026-08-23 03:30:00,C,C3,8398.0,7000.0,0.1,1.0,0.0,200.0,27.46,VALID,139.8
2026-08-23 03:30:00,D,D1,7958.0,7000.0,0.1,1.0,0.0,200.0,27.5,VALID,95.8
2026-08-23 03:30:00,D,D2,7998.0,7000.0,0.1,1.0,0.0,200.0,27.47,VALID,99.8
2026-08-23 03:30:00,D,D3,7978.0,7000.0,0.1,1.0,0.0,200.0,27.51,VALID,97.8
2026-08-23 03:45:00,A,A1,8191.0,7000.0,0.1,1.0,0.0,200.0,27.59,VALID,119.1
2026-08-23 03:45:00,A,A2,8217.0,7000.0,0.1,1.0,0.0,200.0,27.38,VALID,121.7
2026-08-23 03:45:00,A,A3,8233.0,7000.0,0.1,1.0,0.0,200.0,27.44,VALID,123.3
2026-08-23 03:45:00,B,B1,8029.0,7000.0,0.1,1.0,0.0,200.0,27.72,VALID,102.9
2026-08-23 03:45:00,B,B2,8042.0,7000.0,0.1,1.0,0.0,200.0,27.4,VALID,104.2
2026-08-23 03:45:00,B,B3,8055.0,7000.0,0.1,1.0,0.0,200.0,27.5,VALID,105.5
2026-08-23 03:45:00,C,C1,8360.0,7000.0,0.1,1.0,0.0,200.0,27.6,VALID,136.0
2026-08-23 03:45:00,C,C2,8412.0,7000.0,0.1,1.0,0.0,200.0,27.8,VALID,141.2
2026-08-23 03:45:00,C,C3,8388.0,7000.0,0.1,1.0,0.0,200.0,27.7,VALID,138.8
2026-08-23 03:45:00,D,D1,7980.0,7000.0,0.1,1.0,0.0,200.0,27.32,VALID,98.0
2026-08-23 03:45:00,D,D2,7980.0,7000.0,0.1,1.0,0.0,200.0,27.57,VALID,98.0
2026-08-23 03:45:00,D,D3,7966.0,7000.0,0.1,1.0,0.0,200.0,27.55,VALID,96.6
2026-08-23 04:00:00,A,A1,8203.0,7000.0,0.1,1.0,0.0,200.0,27.55,VALID,120.3
2026-08-23 04:00:00,A,A2,8227.0,7000.0,0.1,1.0,0.0,200.0,27.61,VALID,122.7
2026-08-23 04:00:00,A,A3,8216.0,7000.0,0.1,1.0,0.0,200.0,27.48,VALID,121.6
2026-08-23 04:00:00,B,B1,8032.0,7000.0,0.1,1.0,0.0,200.0,27.57,VALID,103.2
2026-08-23 04:00:00,B,B2,8051.0,7000.0,0.1,1.0,0.0,200.0,27.51,VALID,105.1
2026-08-23 04:00:00,B,B3,8048.0,7000.0,0.1,1.0,0.0,200.0,27.24,VALID,104.8
2026-08-23 04:00:00,C,C1,8368.0,7000.0,0.1,1.0,0.0,200.0,27.54,VALID,136.8
2026-08-23 04:00:00,C,C2,8409.0,7000.0,0.1,1.0,0.0,200.0,27.92,VALID,140.9
2026-08-23 04:00:00,C,C3,8395.0,7000.0,0.1,1.0,0.0,200.0,27.63,VALID,139.5
2026-08-23 04:00:00,D,D1,7960.0,7000.0,0.1,1.0,0.0,200.0,27.59,VALID,96.0
2026-08-23 04:00:00,D,D2,7972.0,7000.0,0.1,1.0,0.0,200.0,27.56,VALID,97.2
2026-08-23 04:00:00,D,D3,7966.0,7000.0,0.1,1.0,0.0,200.0,27.54,VALID,96.6
2026-08-23 04:15:00,A,A1,8183.0,7000.0,0.1,1.0,0.0,200.0,27.47,VALID,118.3
2026-08-23 04:15:00,A,A2,6850.0,7000.0,0.1,1.0,0.0,200.0,27.86,VALID,-15.0
2026-08-23 04:15:00,A,A3,8227.0,7000.0,0.1,1.0,0.0,200.0,27.97,VALID,122.7
2026-08-23 04:15:00,B,B1,8044.0,7000.0,0.1,1.0,0.0,200.0,27.6,VALID,104.4
2026-08-23 04:15:00,B,B2,8043.0,7000.0,0.1,1.0,0.0,200.0,27.92,VALID,104.3
2026-08-23 04:15:00,B,B3,8046.0,7000.0,0.1,1.0,0.0,200.0,28.19,VALID,104.6
2026-08-23 04:15:00,C,C1,8372.0,7000.0,0.1,1.0,0.0,200.0,28.09,VALID,137.2
2026-08-23 04:15:00,C,C2,8416.0,7000.0,0.1,1.0,0.0,200.0,27.96,VALID,141.6
2026-08-23 04:15:00,C,C3,8411.0,7000.0,0.1,1.0,0.0,200.0,27.49,VALID,141.1
2026-08-23 04:15:00,D,D1,7961.0,7000.0,0.1,1.0,0.0,200.0,27.48,VALID,96.1
2026-08-23 04:15:00,D,D2,7973.0,7000.0,0.1,1.0,0.0,200.0,27.82,VALID,97.3
2026-08-23 04:15:00,D,D3,7974.0,7000.0,0.1,1.0,0.0,200.0,27.7,VALID,97.4
2026-08-23 04:30:00,A,A1,8211.0,7000.0,0.1,1.0,0.0,200.0,27.4,VALID,121.1
2026-08-23 04:30:00,A,A2,6850.0,7000.0,0.1,1.0,0.0,200.0,27.7,VALID,-15.0
2026-08-23 04:30:00,A,A3,8221.0,7000.0,0.1,1.0,0.0,200.0,27.9,VALID,122.1
2026-08-23 04:30:00,B,B1,8051.0,7000.0,0.1,1.0,0.0,200.0,27.75,VALID,105.1
2026-08-23 04:30:00,B,B2,8034.0,7000.0,0.1,1.0,0.0,200.0,27.78,VALID,103.4
2026-08-23 04:30:00,B,B3,8048.0,7000.0,0.1,1.0,0.0,200.0,27.56,VALID,104.8
2026-08-23 04:30:00,C,C1,8378.0,7000.0,0.1,1.0,0.0,200.0,27.7,VALID,137.8
2026-08-23 04:30:00,C,C2,8406.0,7000.0,0.1,1.0,0.0,200.0,27.91,VALID,140.6
2026-08-23 04:30:00,C,C3,8391.0,7000.0,0.1,1.0,0.0,200.0,27.69,VALID,139.1
2026-08-23 04:30:00,D,D1,7962.0,7000.0,0.1,1.0,0.0,200.0,28.02,VALID,96.2
2026-08-23 04:30:00,D,D2,7984.0,7000.0,0.1,1.0,0.0,200.0,27.79,VALID,98.4
2026-08-23 04:30:00,D,D3,7972.0,7000.0,0.1,1.0,0.0,200.0,27.86,VALID,97.2
2026-08-23 04:45:00,A,A1,8219.0,7000.0,0.1,1.0,0.0,200.0,27.97,VALID,121.9
2026-08-23 04:45:00,A,A2,6850.0,7000.0,0.1,1.0,0.0,200.0,27.96,VALID,-15.0
2026-08-23 04:45:00,A,A3,8204.0,7000.0,0.1,1.0,0.0,200.0,27.67,VALID,120.4
2026-08-23 04:45:00,B,B1,8037.0,7000.0,0.1,1.0,0.0,200.0,27.7,VALID,103.7
2026-08-23 04:45:00,B,B2,8044.0,7000.0,0.1,1.0,0.0,200.0,27.47,VALID,104.4
2026-08-23 04:45:00,B,B3,8035.0,7000.0,0.1,1.0,0.0,200.0,27.79,VALID,103.5
2026-08-23 04:45:00,C,C1,8376.0,7000.0,0.1,1.0,0.0,200.0,27.68,VALID,137.6
2026-08-23 04:45:00,C,C2,8420.0,7000.0,0.1,1.0,0.0,200.0,27.75,VALID,142.0
2026-08-23 04:45:00,C,C3,8407.0,7000.0,0.1,1.0,0.0,200.0,27.81,VALID,140.7
2026-08-23 04:45:00,D,D1,7973.0,7000.0,0.1,1.0,0.0,200.0,27.88,VALID,97.3
2026-08-23 04:45:00,D,D2,7972.0,7000.0,0.1,1.0,0.0,200.0,27.82,VALID,97.2
2026-08-23 04:45:00,D,D3,7966.0,7000.0,0.1,1.0,0.0,200.0,27.82,VALID,96.6
2026-08-23 05:00:00,A,A1,8201.0,7000.0,0.1,1.0,0.0,200.0,27.97,VALID,120.1
2026-08-23 05:00:00,A,A2,6850.0,7000.0,0.1,1.0,0.0,200.0,27.9,VALID,-15.0
2026-08-23 05:00:00,A,A3,8222.0,7000.0,0.1,1.0,0.0,200.0,28.08,VALID,122.2
2026-08-23 05:00:00,B,B1,8032.0,7000.0,0.1,1.0,0.0,200.0,27.9,VALID,103.2
2026-08-23 05:00:00,B,B2,8056.0,7000.0,0.1,1.0,0.0,200.0,28.21,VALID,105.6
2026-08-23 05:00:00,B,B3,8034.0,7000.0,0.1,1.0,0.0,200.0,27.72,VALID,103.4
2026-08-23 05:00:00,C,C1,8403.0,7000.0,0.1,1.0,0.0,200.0,27.84,VALID,140.3
2026-08-23 05:00:00,C,C2,8402.0,7000.0,0.1,1.0,0.0,200.0,27.78,VALID,140.2
2026-08-23 05:00:00,C,C3,8372.0,7000.0,0.1,1.0,0.0,200.0,27.95,VALID,137.2
2026-08-23 05:00:00,D,D1,7975.0,7000.0,0.1,1.0,0.0,200.0,27.72,VALID,97.5
2026-08-23 05:00:00,D,D2,7981.0,7000.0,0.1,1.0,0.0,200.0,28.08,VALID,98.1
2026-08-23 05:00:00,D,D3,7962.0,7000.0,0.1,1.0,0.0,200.0,27.63,VALID,96.2
2026-08-23 05:15:00,A,A1,8206.0,7000.0,0.1,1.0,0.0,200.0,27.79,VALID,120.6
2026-08-23 05:15:00,A,A2,6850.0,7000.0,0.1,1.0,0.0,200.0,27.69,VALID,-15.0
2026-08-23 05:15:00,A,A3,8220.0,7000.0,0.1,1.0,0.0,200.0,27.91,VALID,122.0
2026-08-23 05:15:00,B,B1,8045.0,7000.0,0.1,1.0,0.0,200.0,27.98,VALID,104.5
2026-08-23 05:15:00,B,B2,8057.0,7000.0,0.1,1.0,0.0,200.0,27.65,VALID,105.7
2026-08-23 05:15:00,B,B3,8052.0,7000.0,0.1,1.0,0.0,200.0,27.88,VALID,105.2
2026-08-23 05:15:00,C,C1,8376.0,7000.0,0.1,1.0,0.0,200.0,28.15,VALID,137.6
2026-08-23 05:15:00,C,C2,8413.0,7000.0,0.1,1.0,0.0,200.0,28.21,VALID,141.3
2026-08-23 05:15:00,C,C3,8411.0,7000.0,0.1,1.0,0.0,200.0,28.09,VALID,141.1
2026-08-23 05:15:00,D,D1,7959.0,7000.0,0.1,1.0,0.0,200.0,27.51,VALID,95.9
2026-08-23 05:15:00,D,D2,7995.0,7000.0,0.1,1.0,0.0,200.0,27.96,VALID,99.5
2026-08-23 05:15:00,D,D3,7971.0,7000.0,0.1,1.0,0.0,200.0,28.18,VALID,97.1
2026-08-23 05:30:00,A,A1,8200.0,7000.0,0.1,1.0,0.0,200.0,27.89,VALID,120.0
2026-08-23 05:30:00,A,A2,6850.0,7000.0,0.1,1.0,0.0,200.0,27.75,VALID,-15.0
2026-08-23 05:30:00,A,A3,8217.0,7000.0,0.1,1.0,0.0,200.0,28.19,VALID,121.7
2026-08-23 05:30:00,B,B1,8042.0,7000.0,0.1,1.0,0.0,200.0,28.22,VALID,104.2
2026-08-23 05:30:00,B,B2,8065.0,7000.0,0.1,1.0,0.0,200.0,27.98,VALID,106.5
2026-08-23 05:30:00,B,B3,8027.0,7000.0,0.1,1.0,0.0,200.0,27.75,VALID,102.7
2026-08-23 05:30:00,C,C1,8385.0,7000.0,0.1,1.0,0.0,200.0,27.66,VALID,138.5
2026-08-23 05:30:00,C,C2,8417.0,7000.0,0.1,1.0,0.0,200.0,28.04,VALID,141.7
2026-08-23 05:30:00,C,C3,8411.0,7000.0,0.1,1.0,0.0,200.0,27.86,VALID,141.1
2026-08-23 05:30:00,D,D1,7962.0,7000.0,0.1,1.0,0.0,200.0,27.96,VALID,96.2
2026-08-23 05:30:00,D,D2,7989.0,7000.0,0.1,1.0,0.0,200.0,27.94,VALID,98.9
2026-08-23 05:30:00,D,D3,7987.0,7000.0,0.1,1.0,0.0,200.0,27.81,VALID,98.7
2026-08-23 05:45:00,A,A1,8209.0,7000.0,0.1,1.0,0.0,200.0,28.08,VALID,120.9
2026-08-23 05:45:00,A,A2,6850.0,7000.0,0.1,1.0,0.0,200.0,28.16,VALID,-15.0
2026-08-23 05:45:00,A,A3,8219.0,7000.0,0.1,1.0,0.0,200.0,28.15,VALID,121.9
2026-08-23 05:45:00,B,B1,8042.0,7000.0,0.1,1.0,0.0,200.0,28.07,VALID,104.2
2026-08-23 05:45:00,B,B2,8049.0,7000.0,0.1,1.0,0.0,200.0,27.87,VALID,104.9
2026-08-23 05:45:00,B,B3,8059.0,7000.0,0.1,1.0,0.0,200.0,28.12,VALID,105.9
2026-08-23 05:45:00,C,C1,8369.0,7000.0,0.1,1.0,0.0,200.0,28.03,VALID,136.9
2026-08-23 05:45:00,C,C2,8399.0,7000.0,0.1,1.0,0.0,200.0,27.88,VALID,139.9
2026-08-23 05:45:00,C,C3,8407.0,7000.0,0.1,1.0,0.0,200.0,27.97,VALID,140.7
2026-08-23 05:45:00,D,D1,7969.0,7000.0,0.1,1.0,0.0,200.0,27.39,VALID,96.9
2026-08-23 05:45:00,D,D2,7982.0,7000.0,0.1,1.0,0.0,200.0,28.06,VALID,98.2
2026-08-23 05:45:00,D,D3,7982.0,7000.0,0.1,1.0,0.0,200.0,28.19,VALID,98.2
2026-08-23 06:00:00,A,A1,8206.0,7000.0,0.1,1.0,0.0,200.0,27.97,VALID,120.6
2026-08-23 06:00:00,A,A2,6850.0,7000.0,0.1,1.0,0.0,200.0,27.96,VALID,-15.0
2026-08-23 06:00:00,A,A3,8207.0,7000.0,0.1,1.0,0.0,200.0,27.63,VALID,120.7
2026-08-23 06:00:00,B,B1,8030.0,7000.0,0.1,1.0,0.0,200.0,28.3,VALID,103.0
2026-08-23 06:00:00,B,B2,8052.0,7000.0,0.1,1.0,0.0,200.0,28.04,VALID,105.2
2026-08-23 06:00:00,B,B3,8043.0,7000.0,0.1,1.0,0.0,200.0,27.64,VALID,104.3
2026-08-23 06:00:00,C,C1,8386.0,7000.0,0.1,1.0,0.0,200.0,27.57,VALID,138.6
2026-08-23 06:00:00,C,C2,8415.0,7000.0,0.1,1.0,0.0,200.0,27.99,VALID,141.5
2026-08-23 06:00:00,C,C3,8400.0,7000.0,0.1,1.0,0.0,200.0,27.85,VALID,140.0
2026-08-23 06:00:00,D,D1,7951.0,7000.0,0.1,1.0,0.0,200.0,27.84,VALID,95.1
2026-08-23 06:00:00,D,D2,7979.0,7000.0,0.1,1.0,0.0,200.0,27.85,VALID,97.9
2026-08-23 06:00:00,D,D3,7987.0,7000.0,0.1,1.0,0.0,200.0,27.76,VALID,98.7
2026-08-23 06:15:00,A,A1,8210.0,7000.0,0.1,1.0,0.0,200.0,28.03,VALID,121.0
2026-08-23 06:15:00,A,A2,6850.0,7000.0,0.1,1.0,0.0,200.0,27.97,VALID,-15.0
2026-08-23 06:15:00,A,A3,8225.0,7000.0,0.1,1.0,0.0,200.0,27.96,VALID,122.5
2026-08-23 06:15:00,B,B1,8044.0,7000.0,0.1,1.0,0.0,200.0,27.69,VALID,104.4
2026-08-23 06:15:00,B,B2,8031.0,7000.0,0.1,1.0,0.0,200.0,28.07,VALID,103.1
2026-08-23 06:15:00,B,B3,8052.0,7000.0,0.1,1.0,0.0,200.0,28.09,VALID,105.2
2026-08-23 06:15:00,C,C1,8373.0,7000.0,0.1,1.0,0.0,200.0,28.29,VALID,137.3
2026-08-23 06:15:00,C,C2,8416.0,7000.0,0.1,1.0,0.0,200.0,28.08,VALID,141.6
2026-08-23 06:15:00,C,C3,8403.0,7000.0,0.1,1.0,0.0,200.0,28.34,VALID,140.3
2026-08-23 06:15:00,D,D1,7965.0,7000.0,0.1,1.0,0.0,200.0,27.86,VALID,96.5
2026-08-23 06:15:00,D,D2,7972.0,7000.0,0.1,1.0,0.0,200.0,28.3,VALID,97.2
2026-08-23 06:15:00,D,D3,7981.0,7000.0,0.1,1.0,0.0,200.0,28.08,VALID,98.1
2026-08-23 06:30:00,A,A1,8235.0,7000.0,0.1,1.0,0.0,200.0,28.04,VALID,123.5
2026-08-23 06:30:00,A,A2,6850.0,7000.0,0.1,1.0,0.0,200.0,27.94,VALID,-15.0
2026-08-23 06:30:00,A,A3,8209.0,7000.0,0.1,1.0,0.0,200.0,27.9,VALID,120.9
2026-08-23 06:30:00,B,B1,8036.0,7000.0,0.1,1.0,0.0,200.0,27.86,VALID,103.6
2026-08-23 06:30:00,B,B2,8042.0,7000.0,0.1,1.0,0.0,200.0,28.29,VALID,104.2
2026-08-23 06:30:00,B,B3,8050.0,7000.0,0.1,1.0,0.0,200.0,27.93,VALID,105.0
2026-08-23 06:30:00,C,C1,8384.0,7000.0,0.1,1.0,0.0,200.0,28.07,VALID,138.4
2026-08-23 06:30:00,C,C2,8422.0,7000.0,0.1,1.0,0.0,200.0,28.11,VALID,142.2
2026-08-23 06:30:00,C,C3,8399.0,7000.0,0.1,1.0,0.0,200.0,28.11,VALID,139.9
2026-08-23 06:30:00,D,D1,7974.0,7000.0,0.1,1.0,0.0,200.0,28.01,VALID,97.4
2026-08-23 06:30:00,D,D2,7983.0,7000.0,0.1,1.0,0.0,200.0,28.28,VALID,98.3
2026-08-23 06:30:00,D,D3,7973.0,7000.0,0.1,1.0,0.0,200.0,28.05,VALID,97.3
2026-08-23 06:45:00,A,A1,8211.0,7000.0,0.1,1.0,0.0,200.0,27.82,VALID,121.1
2026-08-23 06:45:00,A,A2,6850.0,7000.0,0.1,1.0,0.0,200.0,27.87,VALID,-15.0
2026-08-23 06:45:00,A,A3,8213.0,7000.0,0.1,1.0,0.0,200.0,27.65,VALID,121.3
2026-08-23 06:45:00,B,B1,8033.0,7000.0,0.1,1.0,0.0,200.0,28.0,VALID,103.3
2026-08-23 06:45:00,B,B2,8065.0,7000.0,0.1,1.0,0.0,200.0,28.05,VALID,106.5
2026-08-23 06:45:00,B,B3,8024.0,7000.0,0.1,1.0,0.0,200.0,28.07,VALID,102.4
2026-08-23 06:45:00,C,C1,8372.0,7000.0,0.1,1.0,0.0,200.0,28.03,VALID,137.2
2026-08-23 06:45:00,C,C2,8419.0,7000.0,0.1,1.0,0.0,200.0,27.9,VALID,141.9
2026-08-23 06:45:00,C,C3,8396.0,7000.0,0.1,1.0,0.0,200.0,27.94,VALID,139.6
2026-08-23 06:45:00,D,D1,7979.0,7000.0,0.1,1.0,0.0,200.0,27.94,VALID,97.9
2026-08-23 06:45:00,D,D2,7995.0,7000.0,0.1,1.0,0.0,200.0,28.13,VALID,99.5
2026-08-23 06:45:00,D,D3,7983.0,7000.0,0.1,1.0,0.0,200.0,27.59,VALID,98.3
2026-08-23 07:00:00,A,A1,8216.0,7000.0,0.1,1.0,0.0,200.0,27.81,VALID,121.6
2026-08-23 07:00:00,A,A2,8235.0,7000.0,0.1,1.0,0.0,200.0,27.7,VALID,123.5
2026-08-23 07:00:00,A,A3,8206.0,7000.0,0.1,1.0,0.0,200.0,28.29,VALID,120.6
2026-08-23 07:00:00,B,B1,8030.0,7000.0,0.1,1.0,0.0,200.0,28.13,VALID,103.0
2026-08-23 07:00:00,B,B2,8054.0,7000.0,0.1,1.0,0.0,200.0,27.81,VALID,105.4
2026-08-23 07:00:00,B,B3,8046.0,7000.0,0.1,1.0,0.0,200.0,27.64,VALID,104.6
2026-08-23 07:00:00,C,C1,8376.0,7000.0,0.1,1.0,0.0,200.0,27.68,VALID,137.6
2026-08-23 07:00:00,C,C2,8415.0,7000.0,0.1,1.0,0.0,200.0,28.08,VALID,141.5
2026-08-23 07:00:00,C,C3,8399.0,7000.0,0.1,1.0,0.0,200.0,27.6,VALID,139.9
2026-08-23 07:00:00,D,D1,7974.0,7000.0,0.1,1.0,0.0,200.0,27.9,VALID,97.4
2026-08-23 07:00:00,D,D2,7980.0,7000.0,0.1,1.0,0.0,200.0,28.05,VALID,98.0
2026-08-23 07:00:00,D,D3,7975.0,7000.0,0.1,1.0,0.0,200.0,27.66,VALID,97.5
2026-08-23 07:15:00,A,A1,8222.0,7000.0,0.1,1.0,0.0,200.0,27.84,VALID,122.2
2026-08-23 07:15:00,A,A2,8227.0,7000.0,0.1,1.0,0.0,200.0,27.76,VALID,122.7
2026-08-23 07:15:00,A,A3,8226.0,7000.0,0.1,1.0,0.0,200.0,27.74,VALID,122.6
2026-08-23 07:15:00,B,B1,8024.0,7000.0,0.1,1.0,0.0,200.0,27.71,VALID,102.4
2026-08-23 07:15:00,B,B2,8065.0,7000.0,0.1,1.0,0.0,200.0,28.01,VALID,106.5
2026-08-23 07:15:00,B,B3,8043.0,7000.0,0.1,1.0,0.0,200.0,28.12,VALID,104.3
2026-08-23 07:15:00,C,C1,8382.0,7000.0,0.1,1.0,0.0,200.0,27.79,VALID,138.2
2026-08-23 07:15:00,C,C2,8416.0,7000.0,0.1,1.0,0.0,200.0,27.91,VALID,141.6
2026-08-23 07:15:00,C,C3,8388.0,7000.0,0.1,1.0,0.0,200.0,27.84,VALID,138.8
2026-08-23 07:15:00,D,D1,7968.0,7000.0,0.1,1.0,0.0,200.0,27.5,VALID,96.8
2026-08-23 07:15:00,D,D2,7982.0,7000.0,0.1,1.0,0.0,200.0,27.78,VALID,98.2
2026-08-23 07:15:00,D,D3,7985.0,7000.0,0.1,1.0,0.0,200.0,27.47,VALID,98.5
2026-08-23 07:30:00,A,A1,8201.0,7000.0,0.1,1.0,0.0,200.0,27.68,VALID,120.1
2026-08-23 07:30:00,A,A2,8236.0,7000.0,0.1,1.0,0.0,200.0,27.76,VALID,123.6
2026-08-23 07:30:00,A,A3,8231.0,7000.0,0.1,1.0,0.0,200.0,27.9,VALID,123.1
2026-08-23 07:30:00,B,B1,8033.0,7000.0,0.1,1.0,0.0,200.0,27.82,VALID,103.3
2026-08-23 07:30:00,B,B2,8049.0,7000.0,0.1,1.0,0.0,200.0,27.94,VALID,104.9
2026-08-23 07:30:00,B,B3,8033.0,7000.0,0.1,1.0,0.0,200.0,27.61,VALID,103.3
2026-08-23 07:30:00,C,C1,8379.0,7000.0,0.1,1.0,0.0,200.0,28.02,VALID,137.9
2026-08-23 07:30:00,C,C2,8397.0,7000.0,0.1,1.0,0.0,200.0,28.05,VALID,139.7
2026-08-23 07:30:00,C,C3,8394.0,7000.0,0.1,1.0,0.0,200.0,27.39,VALID,139.4
2026-08-23 07:30:00,D,D1,7938.0,7000.0,0.1,1.0,0.0,200.0,27.47,VALID,93.8
2026-08-23 07:30:00,D,D2,7983.0,7000.0,0.1,1.0,0.0,200.0,27.76,VALID,98.3
2026-08-23 07:30:00,D,D3,7981.0,7000.0,0.1,1.0,0.0,200.0,27.66,VALID,98.1
2026-08-23 07:45:00,A,A1,8194.0,7000.0,0.1,1.0,0.0,200.0,27.61,VALID,119.4
2026-08-23 07:45:00,A,A2,8226.0,7000.0,0.1,1.0,0.0,200.0,27.74,VALID,122.6
2026-08-23 07:45:00,A,A3,8207.0,7000.0,0.1,1.0,0.0,200.0,27.87,VALID,120.7
2026-08-23 07:45:00,B,B1,8030.0,7000.0,0.1,1.0,0.0,200.0,27.52,VALID,103.0
2026-08-23 07:45:00,B,B2,8046.0,7000.0,0.1,1.0,0.0,200.0,27.91,VALID,104.6
2026-08-23 07:45:00,B,B3,8043.0,7000.0,0.1,1.0,0.0,200.0,27.55,VALID,104.3
2026-08-23 07:45:00,C,C1,8382.0,7000.0,0.1,1.0,0.0,200.0,28.12,VALID,138.2
2026-08-23 07:45:00,C,C2,8418.0,7000.0,0.1,1.0,0.0,200.0,27.94,VALID,141.8
2026-08-23 07:45:00,C,C3,8403.0,7000.0,0.1,1.0,0.0,200.0,27.57,VALID,140.3
2026-08-23 07:45:00,D,D1,7964.0,7000.0,0.1,1.0,0.0,200.0,27.43,VALID,96.4
2026-08-23 07:45:00,D,D2,7980.0,7000.0,0.1,1.0,0.0,200.0,27.57,VALID,98.0
2026-08-23 07:45:00,D,D3,7970.0,7000.0,0.1,1.0,0.0,200.0,27.54,VALID,97.0
2026-08-23 08:00:00,A,A1,8200.0,7000.0,0.1,1.0,0.0,200.0,27.7,VALID,120.0
2026-08-23 08:00:00,A,A2,8224.0,7000.0,0.1,1.0,0.0,200.0,27.23,VALID,122.4
2026-08-23 08:00:00,A,A3,8206.0,7000.0,0.1,1.0,0.0,200.0,27.29,VALID,120.6
2026-08-23 08:00:00,B,B1,8037.0,7000.0,0.1,1.0,0.0,200.0,27.7,VALID,103.7
2026-08-23 08:00:00,B,B2,8052.0,7000.0,0.1,1.0,0.0,200.0,27.44,VALID,105.2
2026-08-23 08:00:00,B,B3,8045.0,7000.0,0.1,1.0,0.0,200.0,27.5,VALID,104.5
2026-08-23 08:00:00,C,C1,8363.0,7000.0,0.1,1.0,0.0,200.0,27.75,VALID,136.3
2026-08-23 08:00:00,C,C2,8422.0,7000.0,0.1,1.0,0.0,200.0,27.79,VALID,142.2
2026-08-23 08:00:00,C,C3,8388.0,7000.0,0.1,1.0,0.0,200.0,27.83,VALID,138.8
2026-08-23 08:00:00,D,D1,7959.0,7000.0,0.1,1.0,0.0,200.0,27.73,VALID,95.9
2026-08-23 08:00:00,D,D2,7976.0,7000.0,0.1,1.0,0.0,200.0,27.55,VALID,97.6
2026-08-23 08:00:00,D,D3,7951.0,7000.0,0.1,1.0,0.0,200.0,27.54,VALID,95.1
2026-08-23 08:15:00,A,A1,8203.0,7000.0,0.1,1.0,0.0,200.0,27.41,VALID,120.3
2026-08-23 08:15:00,A,A2,8240.0,7000.0,0.1,1.0,0.0,200.0,27.26,VALID,124.0
2026-08-23 08:15:00,A,A3,8207.0,7000.0,0.1,1.0,0.0,200.0,27.31,VALID,120.7
2026-08-23 08:15:00,B,B1,8029.0,7000.0,0.1,1.0,0.0,200.0,27.7,VALID,102.9
2026-08-23 08:15:00,B,B2,8062.0,7000.0,0.1,1.0,0.0,200.0,27.35,VALID,106.2
2026-08-23 08:15:00,B,B3,8035.0,7000.0,0.1,1.0,0.0,200.0,27.26,VALID,103.5
2026-08-23 08:15:00,C,C1,8384.0,7000.0,0.1,1.0,0.0,200.0,27.72,VALID,138.4
2026-08-23 08:15:00,C,C2,8413.0,7000.0,0.1,1.0,0.0,200.0,27.22,VALID,141.3
2026-08-23 08:15:00,C,C3,8380.0,7000.0,0.1,1.0,0.0,200.0,27.53,VALID,138.0
2026-08-23 08:15:00,D,D1,7967.0,7000.0,0.1,1.0,0.0,200.0,27.08,VALID,96.7
2026-08-23 08:15:00,D,D2,7977.0,7000.0,0.1,1.0,0.0,200.0,27.82,VALID,97.7
2026-08-23 08:15:00,D,D3,7970.0,7000.0,0.1,1.0,0.0,200.0,27.79,VALID,97.0
2026-08-23 08:30:00,A,A1,8206.0,7000.0,0.1,1.0,0.0,200.0,27.16,VALID,120.6
2026-08-23 08:30:00,A,A2,8220.0,7000.0,0.1,1.0,0.0,200.0,27.35,VALID,122.0
2026-08-23 08:30:00,A,A3,8202.0,7000.0,0.1,1.0,0.0,200.0,27.19,VALID,120.2
2026-08-23 08:30:00,B,B1,8046.0,7000.0,0.1,1.0,0.0,200.0,27.18,VALID,104.6
2026-08-23 08:30:00,B,B2,8057.0,7000.0,0.1,1.0,0.0,200.0,27.29,VALID,105.7
2026-08-23 08:30:00,B,B3,8040.0,7000.0,0.1,1.0,0.0,200.0,27.49,VALID,104.0
2026-08-23 08:30:00,C,C1,8365.0,7000.0,0.1,1.0,0.0,200.0,27.49,VALID,136.5
2026-08-23 08:30:00,C,C2,8394.0,7000.0,0.1,1.0,0.0,200.0,27.47,VALID,139.4
2026-08-23 08:30:00,C,C3,8368.0,7000.0,0.1,1.0,0.0,200.0,27.33,VALID,136.8
2026-08-23 08:30:00,D,D1,7968.0,7000.0,0.1,1.0,0.0,200.0,27.5,VALID,96.8
2026-08-23 08:30:00,D,D2,7967.0,7000.0,0.1,1.0,0.0,200.0,27.15,VALID,96.7
2026-08-23 08:30:00,D,D3,7964.0,7000.0,0.1,1.0,0.0,200.0,27.42,VALID,96.4
2026-08-23 08:45:00,A,A1,8181.0,7000.0,0.1,1.0,0.0,200.0,27.25,VALID,118.1
2026-08-23 08:45:00,A,A2,8224.0,7000.0,0.1,1.0,0.0,200.0,27.2,VALID,122.4
2026-08-23 08:45:00,A,A3,8214.0,7000.0,0.1,1.0,0.0,200.0,27.3,VALID,121.4
2026-08-23 08:45:00,B,B1,8026.0,7000.0,0.1,1.0,0.0,200.0,26.87,VALID,102.6
2026-08-23 08:45:00,B,B2,8047.0,7000.0,0.1,1.0,0.0,200.0,27.06,VALID,104.7
2026-08-23 08:45:00,B,B3,8034.0,7000.0,0.1,1.0,0.0,200.0,27.35,VALID,103.4
2026-08-23 08:45:00,C,C1,8382.0,7000.0,0.1,1.0,0.0,200.0,27.25,VALID,138.2
2026-08-23 08:45:00,C,C2,8416.0,7000.0,0.1,1.0,0.0,200.0,26.97,VALID,141.6
2026-08-23 08:45:00,C,C3,8391.0,7000.0,0.1,1.0,0.0,200.0,27.24,VALID,139.1
2026-08-23 08:45:00,D,D1,7970.0,7000.0,0.1,1.0,0.0,200.0,27.15,VALID,97.0
2026-08-23 08:45:00,D,D2,7975.0,7000.0,0.1,1.0,0.0,200.0,27.47,VALID,97.5
2026-08-23 08:45:00,D,D3,7968.0,7000.0,0.1,1.0,0.0,200.0,27.03,VALID,96.8
2026-08-23 09:00:00,A,A1,8221.0,7000.0,0.1,1.0,0.0,200.0,26.91,VALID,122.1
2026-08-23 09:00:00,A,A2,8219.0,7000.0,0.1,1.0,0.0,200.0,27.19,VALID,121.9
2026-08-23 09:00:00,A,A3,8210.0,7000.0,0.1,1.0,0.0,200.0,27.08,VALID,121.0
2026-08-23 09:00:00,B,B1,8028.0,7000.0,0.1,1.0,0.0,200.0,27.07,VALID,102.8
2026-08-23 09:00:00,B,B2,8035.0,7000.0,0.1,1.0,0.0,200.0,27.55,VALID,103.5
2026-08-23 09:00:00,B,B3,8036.0,7000.0,0.1,1.0,0.0,200.0,27.24,VALID,103.6
2026-08-23 09:00:00,C,C1,8365.0,7000.0,0.1,1.0,0.0,200.0,27.05,VALID,136.5
2026-08-23 09:00:00,C,C2,8406.0,7000.0,0.1,1.0,0.0,200.0,26.81,VALID,140.6
2026-08-23 09:00:00,C,C3,8386.0,7000.0,0.1,1.0,0.0,200.0,27.04,VALID,138.6
2026-08-23 09:00:00,D,D1,7968.0,7000.0,0.1,1.0,0.0,200.0,26.88,VALID,96.8
2026-08-23 09:00:00,D,D2,7971.0,7000.0,0.1,1.0,0.0,200.0,26.94,VALID,97.1
2026-08-23 09:00:00,D,D3,7981.0,7000.0,0.1,1.0,0.0,200.0,26.95,VALID,98.1
2026-08-23 09:15:00,A,A1,8201.0,7000.0,0.1,1.0,0.0,200.0,27.17,VALID,120.1
2026-08-23 09:15:00,A,A2,8217.0,7000.0,0.1,1.0,0.0,200.0,26.7,VALID,121.7
2026-08-23 09:15:00,A,A3,8194.0,7000.0,0.1,1.0,0.0,200.0,27.15,VALID,119.4
2026-08-23 09:15:00,B,B1,6800.0,7000.0,0.1,1.0,0.0,200.0,27.06,VALID,-20.0
2026-08-23 09:15:00,B,B2,8044.0,7000.0,0.1,1.0,0.0,200.0,27.05,VALID,104.4
2026-08-23 09:15:00,B,B3,8041.0,7000.0,0.1,1.0,0.0,200.0,26.79,VALID,104.1
2026-08-23 09:15:00,C,C1,8358.0,7000.0,0.1,1.0,0.0,200.0,27.12,VALID,135.8
2026-08-23 09:15:00,C,C2,8403.0,7000.0,0.1,1.0,0.0,200.0,26.43,VALID,140.3
2026-08-23 09:15:00,C,C3,8392.0,7000.0,0.1,1.0,0.0,200.0,26.77,VALID,139.2
2026-08-23 09:15:00,D,D1,7961.0,7000.0,0.1,1.0,0.0,200.0,27.26,VALID,96.1
2026-08-23 09:15:00,D,D2,7974.0,7000.0,0.1,1.0,0.0,200.0,27.18,VALID,97.4
2026-08-23 09:15:00,D,D3,7968.0,7000.0,0.1,1.0,0.0,200.0,27.3,VALID,96.8
2026-08-23 09:30:00,A,A1,8185.0,7000.0,0.1,1.0,0.0,200.0,26.82,VALID,118.5
2026-08-23 09:30:00,A,A2,8223.0,7000.0,0.1,1.0,0.0,200.0,26.79,VALID,122.3
2026-08-23 09:30:00,A,A3,8215.0,7000.0,0.1,1.0,0.0,200.0,26.74,VALID,121.5
2026-08-23 09:30:00,B,B1,6800.0,7000.0,0.1,1.0,0.0,200.0,27.25,VALID,-20.0
2026-08-23 09:30:00,B,B2,8044.0,7000.0,0.1,1.0,0.0,200.0,26.94,VALID,104.4
2026-08-23 09:30:00,B,B3,8045.0,7000.0,0.1,1.0,0.0,200.0,26.59,VALID,104.5
2026-08-23 09:30:00,C,C1,8353.0,7000.0,0.1,1.0,0.0,200.0,27.08,VALID,135.3
2026-08-23 09:30:00,C,C2,8409.0,7000.0,0.1,1.0,0.0,200.0,26.78,VALID,140.9
2026-08-23 09:30:00,C,C3,8385.0,7000.0,0.1,1.0,0.0,200.0,26.35,VALID,138.5
2026-08-23 09:30:00,D,D1,7953.0,7000.0,0.1,1.0,0.0,200.0,26.68,VALID,95.3
2026-08-23 09:30:00,D,D2,7981.0,7000.0,0.1,1.0,0.0,200.0,27.03,VALID,98.1
2026-08-23 09:30:00,D,D3,7970.0,7000.0,0.1,1.0,0.0,200.0,26.91,VALID,97.0
2026-08-23 09:45:00,A,A1,8180.0,7000.0,0.1,1.0,0.0,200.0,26.78,VALID,118.0
2026-08-23 09:45:00,A,A2,8221.0,7000.0,0.1,1.0,0.0,200.0,26.92,VALID,122.1
2026-08-23 09:45:00,A,A3,8222.0,7000.0,0.1,1.0,0.0,200.0,26.33,VALID,122.2
2026-08-23 09:45:00,B,B1,6800.0,7000.0,0.1,1.0,0.0,200.0,26.52,VALID,-20.0
2026-08-23 09:45:00,B,B2,8042.0,7000.0,0.1,1.0,0.0,200.0,26.67,VALID,104.2
2026-08-23 09:45:00,B,B3,8031.0,7000.0,0.1,1.0,0.0,200.0,26.87,VALID,103.1
2026-08-23 09:45:00,C,C1,8353.0,7000.0,0.1,1.0,0.0,200.0,26.46,VALID,135.3
2026-08-23 09:45:00,C,C2,8396.0,7000.0,0.1,1.0,0.0,200.0,26.59,VALID,139.6
2026-08-23 09:45:00,C,C3,8372.0,7000.0,0.1,1.0,0.0,200.0,26.66,VALID,137.2
2026-08-23 09:45:00,D,D1,7952.0,7000.0,0.1,1.0,0.0,200.0,26.51,VALID,95.2
2026-08-23 09:45:00,D,D2,7979.0,7000.0,0.1,1.0,0.0,200.0,26.65,VALID,97.9
2026-08-23 09:45:00,D,D3,7973.0,7000.0,0.1,1.0,0.0,200.0,26.63,VALID,97.3
2026-08-23 10:00:00,A,A1,8191.0,7000.0,0.1,1.0,0.0,200.0,26.39,VALID,119.1
2026-08-23 10:00:00,A,A2,8213.0,7000.0,0.1,1.0,0.0,200.0,26.64,VALID,121.3
2026-08-23 10:00:00,A,A3,8198.0,7000.0,0.1,1.0,0.0,200.0,26.6,VALID,119.8
2026-08-23 10:00:00,B,B1,6800.0,7000.0,0.1,1.0,0.0,200.0,26.65,VALID,-20.0
2026-08-23 10:00:00,B,B2,8033.0,7000.0,0.1,1.0,0.0,200.0,26.67,VALID,103.3
2026-08-23 10:00:00,B,B3,8032.0,7000.0,0.1,1.0,0.0,200.0,26.8,VALID,103.2
2026-08-23 10:00:00,C,C1,8351.0,7000.0,0.1,1.0,0.0,200.0,26.2,VALID,135.1
2026-08-23 10:00:00,C,C2,8398.0,7000.0,0.1,1.0,0.0,200.0,26.22,VALID,139.8
2026-08-23 10:00:00,C,C3,8369.0,7000.0,0.1,1.0,0.0,200.0,26.62,VALID,136.9
2026-08-23 10:00:00,D,D1,7951.0,7000.0,0.1,1.0,0.0,200.0,26.4,VALID,95.1
2026-08-23 10:00:00,D,D2,7966.0,7000.0,0.1,1.0,0.0,200.0,26.38,VALID,96.6
2026-08-23 10:00:00,D,D3,7976.0,7000.0,0.1,1.0,0.0,200.0,26.35,VALID,97.6
2026-08-23 10:15:00,A,A1,8178.0,7000.0,0.1,1.0,0.0,200.0,26.49,VALID,117.8
2026-08-23 10:15:00,A,A2,8210.0,7000.0,0.1,1.0,0.0,200.0,26.73,VALID,121.0
2026-08-23 10:15:00,A,A3,8195.0,7000.0,0.1,1.0,0.0,200.0,26.5,VALID,119.5
2026-08-23 10:15:00,B,B1,6800.0,7000.0,0.1,1.0,0.0,200.0,26.22,VALID,-20.0
2026-08-23 10:15:00,B,B2,8030.0,7000.0,0.1,1.0,0.0,200.0,26.48,VALID,103.0
2026-08-23 10:15:00,B,B3,8035.0,7000.0,0.1,1.0,0.0,200.0,26.04,VALID,103.5
2026-08-23 10:15:00,C,C1,8349.0,7000.0,0.1,1.0,0.0,200.0,25.82,VALID,134.9
2026-08-23 10:15:00,C,C2,8407.0,7000.0,0.1,1.0,0.0,200.0,26.27,VALID,140.7
2026-08-23 10:15:00,C,C3,8378.0,7000.0,0.1,1.0,0.0,200.0,25.99,VALID,137.8
2026-08-23 10:15:00,D,D1,7940.0,7000.0,0.1,1.0,0.0,200.0,26.23,VALID,94.0
2026-08-23 10:15:00,D,D2,7961.0,7000.0,0.1,1.0,0.0,200.0,26.35,VALID,96.1
2026-08-23 10:15:00,D,D3,7965.0,7000.0,0.1,1.0,0.0,200.0,26.78,VALID,96.5
2026-08-23 10:30:00,A,A1,8187.0,7000.0,0.1,1.0,0.0,200.0,26.37,VALID,118.7
2026-08-23 10:30:00,A,A2,8202.0,7000.0,0.1,1.0,0.0,200.0,25.81,VALID,120.2
2026-08-23 10:30:00,A,A3,8194.0,7000.0,0.1,1.0,0.0,200.0,25.83,VALID,119.4
2026-08-23 10:30:00,B,B1,6800.0,7000.0,0.1,1.0,0.0,200.0,25.99,VALID,-20.0
2026-08-23 10:30:00,B,B2,8017.0,7000.0,0.1,1.0,0.0,200.0,26.5,VALID,101.7
2026-08-23 10:30:00,B,B3,8023.0,7000.0,0.1,1.0,0.0,200.0,25.82,VALID,102.3
2026-08-23 10:30:00,C,C1,8366.0,7000.0,0.1,1.0,0.0,200.0,26.0,VALID,136.6
2026-08-23 10:30:00,C,C2,8409.0,7000.0,0.1,1.0,0.0,200.0,26.0,VALID,140.9
2026-08-23 10:30:00,C,C3,8373.0,7000.0,0.1,1.0,0.0,200.0,26.22,VALID,137.3
2026-08-23 10:30:00,D,D1,7953.0,7000.0,0.1,1.0,0.0,200.0,26.3,VALID,95.3
2026-08-23 10:30:00,D,D2,7965.0,7000.0,0.1,1.0,0.0,200.0,26.25,VALID,96.5
2026-08-23 10:30:00,D,D3,7964.0,7000.0,0.1,1.0,0.0,200.0,26.19,VALID,96.4
2026-08-23 10:45:00,A,A1,8184.0,7000.0,0.1,1.0,0.0,200.0,25.68,VALID,118.4
2026-08-23 10:45:00,A,A2,8213.0,7000.0,0.1,1.0,0.0,200.0,25.97,VALID,121.3
2026-08-23 10:45:00,A,A3,8192.0,7000.0,0.1,1.0,0.0,200.0,26.22,VALID,119.2
2026-08-23 10:45:00,B,B1,6800.0,7000.0,0.1,1.0,0.0,200.0,26.29,VALID,-20.0
2026-08-23 10:45:00,B,B2,8033.0,7000.0,0.1,1.0,0.0,200.0,26.03,VALID,103.3
2026-08-23 10:45:00,B,B3,8022.0,7000.0,0.1,1.0,0.0,200.0,25.63,VALID,102.2
2026-08-23 10:45:00,C,C1,8354.0,7000.0,0.1,1.0,0.0,200.0,26.03,VALID,135.4
2026-08-23 10:45:00,C,C2,8404.0,7000.0,0.1,1.0,0.0,200.0,25.92,VALID,140.4
2026-08-23 10:45:00,C,C3,8356.0,7000.0,0.1,1.0,0.0,200.0,25.66,VALID,135.6
2026-08-23 10:45:00,D,D1,7964.0,7000.0,0.1,1.0,0.0,200.0,25.75,VALID,96.4
2026-08-23 10:45:00,D,D2,7977.0,7000.0,0.1,1.0,0.0,200.0,25.78,VALID,97.7
2026-08-23 10:45:00,D,D3,7954.0,7000.0,0.1,1.0,0.0,200.0,26.09,VALID,95.4
2026-08-23 11:00:00,A,A1,8176.0,7000.0,0.1,1.0,0.0,200.0,26.09,VALID,117.6
2026-08-23 11:00:00,A,A2,8206.0,7000.0,0.1,1.0,0.0,200.0,25.87,VALID,120.6
2026-08-23 11:00:00,A,A3,8191.0,7000.0,0.1,1.0,0.0,200.0,25.91,VALID,119.1
2026-08-23 11:00:00,B,B1,6800.0,7000.0,0.1,1.0,0.0,200.0,25.75,VALID,-20.0
2026-08-23 11:00:00,B,B2,8046.0,7000.0,0.1,1.0,0.0,200.0,25.65,VALID,104.6
2026-08-23 11:00:00,B,B3,8031.0,7000.0,0.1,1.0,0.0,200.0,25.87,VALID,103.1
2026-08-23 11:00:00,C,C1,8344.0,7000.0,0.1,1.0,0.0,200.0,25.82,VALID,134.4
2026-08-23 11:00:00,C,C2,8396.0,7000.0,0.1,1.0,0.0,200.0,25.61,VALID,139.6
2026-08-23 11:00:00,C,C3,8377.0,7000.0,0.1,1.0,0.0,200.0,25.81,VALID,137.7
2026-08-23 11:00:00,D,D1,7943.0,7000.0,0.1,1.0,0.0,200.0,25.76,VALID,94.3
2026-08-23 11:00:00,D,D2,7961.0,7000.0,0.1,1.0,0.0,200.0,25.7,VALID,96.1
2026-08-23 11:00:00,D,D3,7955.0,7000.0,0.1,1.0,0.0,200.0,25.65,VALID,95.5
2026-08-23 11:15:00,A,A1,8206.0,7000.0,0.1,1.0,0.0,200.0,25.3,VALID,120.6
2026-08-23 11:15:00,A,A2,8199.0,7000.0,0.1,1.0,0.0,200.0,25.48,VALID,119.9
2026-08-23 11:15:00,A,A3,8210.0,7000.0,0.1,1.0,0.0,200.0,25.32,VALID,121.0
2026-08-23 11:15:00,B,B1,6800.0,7000.0,0.1,1.0,0.0,200.0,25.63,VALID,-20.0
2026-08-23 11:15:00,B,B2,8032.0,7000.0,0.1,1.0,0.0,200.0,25.83,VALID,103.2
2026-08-23 11:15:00,B,B3,8033.0,7000.0,0.1,1.0,0.0,200.0,25.5,VALID,103.3
2026-08-23 11:15:00,C,C1,8354.0,7000.0,0.1,1.0,0.0,200.0,25.21,VALID,135.4
2026-08-23 11:15:00,C,C2,8395.0,7000.0,0.1,1.0,0.0,200.0,25.43,VALID,139.5
2026-08-23 11:15:00,C,C3,8370.0,7000.0,0.1,1.0,0.0,200.0,25.25,VALID,137.0
2026-08-23 11:15:00,D,D1,7945.0,7000.0,0.1,1.0,0.0,200.0,25.25,VALID,94.5
2026-08-23 11:15:00,D,D2,7961.0,7000.0,0.1,1.0,0.0,200.0,25.34,VALID,96.1
2026-08-23 11:15:00,D,D3,7944.0,7000.0,0.1,1.0,0.0,200.0,25.82,VALID,94.4
2026-08-23 11:30:00,A,A1,8185.0,7000.0,0.1,1.0,0.0,200.0,25.62,VALID,118.5
2026-08-23 11:30:00,A,A2,8216.0,7000.0,0.1,1.0,0.0,200.0,25.24,VALID,121.6
2026-08-23 11:30:00,A,A3,8203.0,7000.0,0.1,1.0,0.0,200.0,25.1,VALID,120.3
2026-08-23 11:30:00,B,B1,6800.0,7000.0,0.1,1.0,0.0,200.0,25.29,VALID,-20.0
2026-08-23 11:30:00,B,B2,8018.0,7000.0,0.1,1.0,0.0,200.0,25.51,VALID,101.8
2026-08-23 11:30:00,B,B3,8028.0,7000.0,0.1,1.0,0.0,200.0,25.57,VALID,102.8
2026-08-23 11:30:00,C,C1,8352.0,7000.0,0.1,1.0,0.0,200.0,25.42,VALID,135.2
2026-08-23 11:30:00,C,C2,8397.0,7000.0,0.1,1.0,0.0,200.0,25.45,VALID,139.7
2026-08-23 11:30:00,C,C3,8375.0,7000.0,0.1,1.0,0.0,200.0,25.43,VALID,137.5
2026-08-23 11:30:00,D,D1,7947.0,7000.0,0.1,1.0,0.0,200.0,25.07,VALID,94.7
2026-08-23 11:30:00,D,D2,7957.0,7000.0,0.1,1.0,0.0,200.0,25.11,VALID,95.7
2026-08-23 11:30:00,D,D3,7952.0,7000.0,0.1,1.0,0.0,200.0,25.72,VALID,95.2
2026-08-23 11:45:00,A,A1,8173.0,7000.0,0.1,1.0,0.0,200.0,25.22,VALID,117.3
2026-08-23 11:45:00,A,A2,8207.0,7000.0,0.1,1.0,0.0,200.0,24.78,VALID,120.7
2026-08-23 11:45:00,A,A3,8183.0,7000.0,0.1,1.0,0.0,200.0,25.27,VALID,118.3
2026-08-23 11:45:00,B,B1,6800.0,7000.0,0.1,1.0,0.0,200.0,25.0,VALID,-20.0
2026-08-23 11:45:00,B,B2,8035.0,7000.0,0.1,1.0,0.0,200.0,25.4,VALID,103.5
2026-08-23 11:45:00,B,B3,8021.0,7000.0,0.1,1.0,0.0,200.0,25.37,VALID,102.1
2026-08-23 11:45:00,C,C1,8350.0,7000.0,0.1,1.0,0.0,200.0,25.31,VALID,135.0
2026-08-23 11:45:00,C,C2,8387.0,7000.0,0.1,1.0,0.0,200.0,25.22,VALID,138.7
2026-08-23 11:45:00,C,C3,8362.0,7000.0,0.1,1.0,0.0,200.0,25.45,VALID,136.2
2026-08-23 11:45:00,D,D1,7951.0,7000.0,0.1,1.0,0.0,200.0,25.47,VALID,95.1
2026-08-23 11:45:00,D,D2,7952.0,7000.0,0.1,1.0,0.0,200.0,25.01,VALID,95.2
2026-08-23 11:45:00,D,D3,7959.0,7000.0,0.1,1.0,0.0,200.0,25.3,VALID,95.9
2026-08-23 12:00:00,A,A1,8179.0,7000.0,0.1,1.0,0.0,200.0,24.87,VALID,117.9
2026-08-23 12:00:00,A,A2,8202.0,7000.0,0.1,1.0,0.0,200.0,24.78,VALID,120.2
2026-08-23 12:00:00,A,A3,8191.0,7000.0,0.1,1.0,0.0,200.0,25.28,VALID,119.1
2026-08-23 12:00:00,B,B1,8022.0,7000.0,0.1,1.0,0.0,200.0,25.14,VALID,102.2
2026-08-23 12:00:00,B,B2,8010.0,7000.0,0.1,1.0,0.0,200.0,25.04,VALID,101.0
2026-08-23 12:00:00,B,B3,8035.0,7000.0,0.1,1.0,0.0,200.0,24.83,VALID,103.5
2026-08-23 12:00:00,C,C1,8345.0,7000.0,0.1,1.0,0.0,200.0,25.28,VALID,134.5
2026-08-23 12:00:00,C,C2,8393.0,7000.0,0.1,1.0,0.0,200.0,25.5,VALID,139.3
2026-08-23 12:00:00,C,C3,8359.0,7000.0,0.1,1.0,0.0,200.0,24.8,VALID,135.9
2026-08-23 12:00:00,D,D1,7947.0,7000.0,0.1,1.0,0.0,200.0,24.76,VALID,94.7
2026-08-23 12:00:00,D,D2,7952.0,7000.0,0.1,1.0,0.0,200.0,24.99,VALID,95.2
2026-08-23 12:00:00,D,D3,7955.0,7000.0,0.1,1.0,0.0,200.0,25.12,VALID,95.5
2026-08-23 12:15:00,A,A1,8178.0,7000.0,0.1,1.0,0.0,200.0,24.72,VALID,117.8
2026-08-23 12:15:00,A,A2,8207.0,7000.0,0.1,1.0,0.0,200.0,25.61,VALID,120.7
2026-08-23 12:15:00,A,A3,8190.0,7000.0,0.1,1.0,0.0,200.0,24.82,VALID,119.0
2026-08-23 12:15:00,B,B1,7994.0,7000.0,0.1,1.0,0.0,200.0,24.68,VALID,99.4
2026-08-23 12:15:00,B,B2,8019.0,7000.0,0.1,1.0,0.0,200.0,24.7,VALID,101.9
2026-08-23 12:15:00,B,B3,8014.0,7000.0,0.1,1.0,0.0,200.0,25.16,VALID,101.4
2026-08-23 12:15:00,C,C1,8355.0,7000.0,0.1,1.0,0.0,200.0,24.77,VALID,135.5
2026-08-23 12:15:00,C,C2,8375.0,7000.0,0.1,1.0,0.0,200.0,25.07,VALID,137.5
2026-08-23 12:15:00,C,C3,8363.0,7000.0,0.1,1.0,0.0,200.0,24.46,VALID,136.3
2026-08-23 12:15:00,D,D1,7940.0,7000.0,0.1,1.0,0.0,200.0,25.01,VALID,94.0
2026-08-23 12:15:00,D,D2,7930.0,7000.0,0.1,1.0,0.0,200.0,24.64,VALID,93.0
2026-08-23 12:15:00,D,D3,7943.0,7000.0,0.1,1.0,0.0,200.0,24.95,VALID,94.3
2026-08-23 12:30:00,A,A1,8167.0,7000.0,0.1,1.0,0.0,200.0,24.44,VALID,116.7
2026-08-23 12:30:00,A,A2,8200.0,7000.0,0.1,1.0,0.0,200.0,24.51,VALID,120.0
2026-08-23 12:30:00,A,A3,8187.0,7000.0,0.1,1.0,0.0,200.0,24.39,VALID,118.7
2026-08-23 12:30:00,B,B1,7992.0,7000.0,0.1,1.0,0.0,200.0,24.76,VALID,99.2
2026-08-23 12:30:00,B,B2,8021.0,7000.0,0.1,1.0,0.0,200.0,24.79,VALID,102.1
2026-08-23 12:30:00,B,B3,8007.0,7000.0,0.1,1.0,0.0,200.0,24.45,VALID,100.7
2026-08-23 12:30:00,C,C1,8354.0,7000.0,0.1,1.0,0.0,200.0,24.3,VALID,135.4
2026-08-23 12:30:00,C,C2,8395.0,7000.0,0.1,1.0,0.0,200.0,24.87,VALID,139.5
2026-08-23 12:30:00,C,C3,8369.0,7000.0,0.1,1.0,0.0,200.0,24.47,VALID,136.9
2026-08-23 12:30:00,D,D1,7924.0,7000.0,0.1,1.0,0.0,200.0,24.57,VALID,92.4
2026-08-23 12:30:00,D,D2,7938.0,7000.0,0.1,1.0,0.0,200.0,24.42,VALID,93.8
2026-08-23 12:30:00,D,D3,7948.0,7000.0,0.1,1.0,0.0,200.0,24.74,VALID,94.8
2026-08-23 12:45:00,A,A1,8160.0,7000.0,0.1,1.0,0.0,200.0,24.55,VALID,116.0
2026-08-23 12:45:00,A,A2,8196.0,7000.0,0.1,1.0,0.0,200.0,24.72,VALID,119.6
2026-08-23 12:45:00,A,A3,8185.0,7000.0,0.1,1.0,0.0,200.0,24.63,VALID,118.5
2026-08-23 12:45:00,B,B1,8006.0,7000.0,0.1,1.0,0.0,200.0,24.61,VALID,100.6
2026-08-23 12:45:00,B,B2,8005.0,7000.0,0.1,1.0,0.0,200.0,24.39,VALID,100.5
2026-08-23 12:45:00,B,B3,8009.0,7000.0,0.1,1.0,0.0,200.0,24.37,VALID,100.9
2026-08-23 12:45:00,C,C1,8344.0,7000.0,0.1,1.0,0.0,200.0,24.54,VALID,134.4
2026-08-23 12:45:00,C,C2,8385.0,7000.0,0.1,1.0,0.0,200.0,24.38,VALID,138.5
2026-08-23 12:45:00,C,C3,8353.0,7000.0,0.1,1.0,0.0,200.0,24.63,VALID,135.3
2026-08-23 12:45:00,D,D1,7933.0,7000.0,0.1,1.0,0.0,200.0,24.21,VALID,93.3
2026-08-23 12:45:00,D,D2,7946.0,7000.0,0.1,1.0,0.0,200.0,24.07,VALID,94.6
2026-08-23 12:45:00,D,D3,7940.0,7000.0,0.1,1.0,0.0,200.0,24.38,VALID,94.0
2026-08-23 13:00:00,A,A1,8163.0,7000.0,0.1,1.0,0.0,200.0,24.54,VALID,116.3
2026-08-23 13:00:00,A,A2,8179.0,7000.0,0.1,1.0,0.0,200.0,24.36,VALID,117.9
2026-08-23 13:00:00,A,A3,8197.0,7000.0,0.1,1.0,0.0,200.0,24.44,VALID,119.7
2026-08-23 13:00:00,B,B1,7999.0,7000.0,0.1,1.0,0.0,200.0,24.0,VALID,99.9
2026-08-23 13:00:00,B,B2,8002.0,7000.0,0.1,1.0,0.0,200.0,24.14,VALID,100.2
2026-08-23 13:00:00,B,B3,8002.0,7000.0,0.1,1.0,0.0,200.0,24.08,VALID,100.2
2026-08-23 13:00:00,C,C1,8335.0,7000.0,0.1,1.0,0.0,200.0,24.2,VALID,133.5
2026-08-23 13:00:00,C,C2,8384.0,7000.0,0.1,1.0,0.0,200.0,23.98,VALID,138.4
2026-08-23 13:00:00,C,C3,8352.0,7000.0,0.1,1.0,0.0,200.0,24.19,VALID,135.2
2026-08-23 13:00:00,D,D1,7926.0,7000.0,0.1,1.0,0.0,200.0,24.59,VALID,92.6
2026-08-23 13:00:00,D,D2,7948.0,7000.0,0.1,1.0,0.0,200.0,23.9,VALID,94.8
2026-08-23 13:00:00,D,D3,7942.0,7000.0,0.1,1.0,0.0,200.0,24.33,VALID,94.2
2026-08-23 13:15:00,A,A1,8165.0,7000.0,0.1,1.0,0.0,200.0,23.79,VALID,116.5
2026-08-23 13:15:00,A,A2,8204.0,7000.0,0.1,1.0,0.0,200.0,23.82,VALID,120.4
2026-08-23 13:15:00,A,A3,8182.0,7000.0,0.1,1.0,0.0,200.0,24.08,VALID,118.2
2026-08-23 13:15:00,B,B1,8003.0,7000.0,0.1,1.0,0.0,200.0,24.38,VALID,100.3
2026-08-23 13:15:00,B,B2,8018.0,7000.0,0.1,1.0,0.0,200.0,23.92,VALID,101.8
2026-08-23 13:15:00,B,B3,8016.0,7000.0,0.1,1.0,0.0,200.0,23.91,VALID,101.6
2026-08-23 13:15:00,C,C1,8337.0,7000.0,0.1,1.0,0.0,200.0,23.78,VALID,133.7
2026-08-23 13:15:00,C,C2,8369.0,7000.0,0.1,1.0,0.0,200.0,24.05,VALID,136.9
2026-08-23 13:15:00,C,C3,8359.0,7000.0,0.1,1.0,0.0,200.0,23.7,VALID,135.9
2026-08-23 13:15:00,D,D1,7930.0,7000.0,0.1,1.0,0.0,200.0,23.87,VALID,93.0
2026-08-23 13:15:00,D,D2,7955.0,7000.0,0.1,1.0,0.0,200.0,23.97,VALID,95.5
2026-08-23 13:15:00,D,D3,7926.0,7000.0,0.1,1.0,0.0,200.0,24.05,VALID,92.6
2026-08-23 13:30:00,A,A1,8156.0,7000.0,0.1,1.0,0.0,200.0,24.11,VALID,115.6
2026-08-23 13:30:00,A,A2,8186.0,7000.0,0.1,1.0,0.0,200.0,23.82,VALID,118.6
2026-08-23 13:30:00,A,A3,8179.0,7000.0,0.1,1.0,0.0,200.0,23.65,VALID,117.9
2026-08-23 13:30:00,B,B1,7984.0,7000.0,0.1,1.0,0.0,200.0,23.93,VALID,98.4
2026-08-23 13:30:00,B,B2,8001.0,7000.0,0.1,1.0,0.0,200.0,23.63,VALID,100.1
2026-08-23 13:30:00,B,B3,8011.0,7000.0,0.1,1.0,0.0,200.0,23.96,VALID,101.1
2026-08-23 13:30:00,C,C1,8323.0,7000.0,0.1,1.0,0.0,200.0,23.73,VALID,132.3
2026-08-23 13:30:00,C,C2,8368.0,7000.0,0.1,1.0,0.0,200.0,24.21,VALID,136.8
2026-08-23 13:30:00,C,C3,8362.0,7000.0,0.1,1.0,0.0,200.0,23.77,VALID,136.2
2026-08-23 13:30:00,D,D1,7929.0,7000.0,0.1,1.0,0.0,200.0,23.58,VALID,92.9
2026-08-23 13:30:00,D,D2,7936.0,7000.0,0.1,1.0,0.0,200.0,23.87,VALID,93.6
2026-08-23 13:30:00,D,D3,7938.0,7000.0,0.1,1.0,0.0,200.0,23.83,VALID,93.8
2026-08-23 13:45:00,A,A1,8164.0,7000.0,0.1,1.0,0.0,200.0,23.69,VALID,116.4
2026-08-23 13:45:00,A,A2,8183.0,7000.0,0.1,1.0,0.0,200.0,23.61,VALID,118.3
2026-08-23 13:45:00,A,A3,8168.0,7000.0,0.1,1.0,0.0,200.0,23.72,VALID,116.8
2026-08-23 13:45:00,B,B1,7998.0,7000.0,0.1,1.0,0.0,200.0,23.71,VALID,99.8
2026-08-23 13:45:00,B,B2,7998.0,7000.0,0.1,1.0,0.0,200.0,23.47,VALID,99.8
2026-08-23 13:45:00,B,B3,8006.0,7000.0,0.1,1.0,0.0,200.0,23.97,VALID,100.6
2026-08-23 13:45:00,C,C1,8333.0,7000.0,0.1,1.0,0.0,200.0,23.59,VALID,133.3
2026-08-23 13:45:00,C,C2,8376.0,7000.0,0.1,1.0,0.0,200.0,23.45,VALID,137.6
2026-08-23 13:45:00,C,C3,8364.0,7000.0,0.1,1.0,0.0,200.0,23.71,VALID,136.4
2026-08-23 13:45:00,D,D1,7916.0,7000.0,0.1,1.0,0.0,200.0,23.64,VALID,91.6
2026-08-23 13:45:00,D,D2,7935.0,7000.0,0.1,1.0,0.0,200.0,23.94,VALID,93.5
2026-08-23 13:45:00,D,D3,7930.0,7000.0,0.1,1.0,0.0,200.0,23.7,VALID,93.0
2026-08-23 14:00:00,A,A1,8165.0,7000.0,0.1,1.0,0.0,200.0,23.35,VALID,116.5
2026-08-23 14:00:00,A,A2,8184.0,7000.0,0.1,1.0,0.0,200.0,23.55,VALID,118.4
2026-08-23 14:00:00,A,A3,8156.0,7000.0,0.1,1.0,0.0,200.0,23.55,VALID,115.6
2026-08-23 14:00:00,B,B1,7992.0,7000.0,0.1,1.0,0.0,200.0,23.53,VALID,99.2
2026-08-23 14:00:00,B,B2,8008.0,7000.0,0.1,1.0,0.0,200.0,23.55,VALID,100.8
2026-08-23 14:00:00,B,B3,8012.0,7000.0,0.1,1.0,0.0,200.0,23.26,VALID,101.2
2026-08-23 14:00:00,C,C1,8327.0,7000.0,0.1,1.0,0.0,200.0,23.63,VALID,132.7
2026-08-23 14:00:00,C,C2,8377.0,7000.0,0.1,1.0,0.0,200.0,23.59,VALID,137.7
2026-08-23 14:00:00,C,C3,8375.0,7000.0,0.1,1.0,0.0,200.0,23.62,VALID,137.5
2026-08-23 14:00:00,D,D1,7931.0,7000.0,0.1,1.0,0.0,200.0,23.44,VALID,93.1
2026-08-23 14:00:00,D,D2,7929.0,7000.0,0.1,1.0,0.0,200.0,23.44,VALID,92.9
2026-08-23 14:00:00,D,D3,7937.0,7000.0,0.1,1.0,0.0,200.0,23.58,VALID,93.7
2026-08-23 14:15:00,A,A1,8162.0,7000.0,0.1,1.0,0.0,200.0,23.29,VALID,116.2
2026-08-23 14:15:00,A,A2,8177.0,7000.0,0.1,1.0,0.0,200.0,23.3,VALID,117.7
2026-08-23 14:15:00,A,A3,8175.0,7000.0,0.1,1.0,0.0,200.0,23.5,VALID,117.5
2026-08-23 14:15:00,B,B1,7982.0,7000.0,0.1,1.0,0.0,200.0,23.49,VALID,98.2
2026-08-23 14:15:00,B,B2,8000.0,7000.0,0.1,1.0,0.0,200.0,23.43,VALID,100.0
2026-08-23 14:15:00,B,B3,7997.0,7000.0,0.1,1.0,0.0,200.0,23.65,VALID,99.7
2026-08-23 14:15:00,C,C1,8325.0,7000.0,0.1,1.0,0.0,200.0,23.37,VALID,132.5
2026-08-23 14:15:00,C,C2,8376.0,7000.0,0.1,1.0,0.0,200.0,23.16,VALID,137.6
2026-08-23 14:15:00,C,C3,10500.0,7000.0,0.1,1.0,0.0,200.0,23.28,VALID,350.0
2026-08-23 14:15:00,D,D1,7914.0,7000.0,0.1,1.0,0.0,200.0,23.25,VALID,91.4
2026-08-23 14:15:00,D,D2,7947.0,7000.0,0.1,1.0,0.0,200.0,23.21,VALID,94.7
2026-08-23 14:15:00,D,D3,7934.0,7000.0,0.1,1.0,0.0,200.0,23.4,VALID,93.4
2026-08-23 14:30:00,A,A1,8144.0,7000.0,0.1,1.0,0.0,200.0,23.28,VALID,114.4
2026-08-23 14:30:00,A,A2,8166.0,7000.0,0.1,1.0,0.0,200.0,23.3,VALID,116.6
2026-08-23 14:30:00,A,A3,8162.0,7000.0,0.1,1.0,0.0,200.0,23.18,VALID,116.2
2026-08-23 14:30:00,B,B1,7977.0,7000.0,0.1,1.0,0.0,200.0,23.2,VALID,97.7
2026-08-23 14:30:00,B,B2,8012.0,7000.0,0.1,1.0,0.0,200.0,23.01,VALID,101.2
2026-08-23 14:30:00,B,B3,7992.0,7000.0,0.1,1.0,0.0,200.0,23.26,VALID,99.2
2026-08-23 14:30:00,C,C1,8331.0,7000.0,0.1,1.0,0.0,200.0,22.69,VALID,133.1
2026-08-23 14:30:00,C,C2,8387.0,7000.0,0.1,1.0,0.0,200.0,23.28,VALID,138.7
2026-08-23 14:30:00,C,C3,10500.0,7000.0,0.1,1.0,0.0,200.0,23.15,VALID,350.0
2026-08-23 14:30:00,D,D1,7900.0,7000.0,0.1,1.0,0.0,200.0,23.31,VALID,90.0
2026-08-23 14:30:00,D,D2,7930.0,7000.0,0.1,1.0,0.0,200.0,23.28,VALID,93.0
2026-08-23 14:30:00,D,D3,7925.0,7000.0,0.1,1.0,0.0,200.0,23.22,VALID,92.5
2026-08-23 14:45:00,A,A1,8148.0,7000.0,0.1,1.0,0.0,200.0,23.19,VALID,114.8
2026-08-23 14:45:00,A,A2,8167.0,7000.0,0.1,1.0,0.0,200.0,23.47,VALID,116.7
2026-08-23 14:45:00,A,A3,8186.0,7000.0,0.1,1.0,0.0,200.0,23.35,VALID,118.6
2026-08-23 14:45:00,B,B1,7999.0,7000.0,0.1,1.0,0.0,200.0,23.01,VALID,99.9
2026-08-23 14:45:00,B,B2,8013.0,7000.0,0.1,1.0,0.0,200.0,23.0,VALID,101.3
2026-08-23 14:45:00,B,B3,7981.0,7000.0,0.1,1.0,0.0,200.0,23.32,VALID,98.1
2026-08-23 14:45:00,C,C1,8336.0,7000.0,0.1,1.0,0.0,200.0,23.02,VALID,133.6
2026-08-23 14:45:00,C,C2,8356.0,7000.0,0.1,1.0,0.0,200.0,22.9,VALID,135.6
2026-08-23 14:45:00,C,C3,10500.0,7000.0,0.1,1.0,0.0,200.0,23.21,VALID,350.0
2026-08-23 14:45:00,D,D1,7901.0,7000.0,0.1,1.0,0.0,200.0,23.08,VALID,90.1
2026-08-23 14:45:00,D,D2,7926.0,7000.0,0.1,1.0,0.0,200.0,22.74,VALID,92.6
2026-08-23 14:45:00,D,D3,7928.0,7000.0,0.1,1.0,0.0,200.0,22.96,VALID,92.8
2026-08-23 15:00:00,A,A1,8162.0,7000.0,0.1,1.0,0.0,200.0,22.63,VALID,116.2
2026-08-23 15:00:00,A,A2,8169.0,7000.0,0.1,1.0,0.0,200.0,22.4,VALID,116.9
2026-08-23 15:00:00,A,A3,8144.0,7000.0,0.1,1.0,0.0,200.0,23.24,VALID,114.4
2026-08-23 15:00:00,B,B1,8005.0,7000.0,0.1,1.0,0.0,200.0,22.9,VALID,100.5
2026-08-23 15:00:00,B,B2,7994.0,7000.0,0.1,1.0,0.0,200.0,22.82,VALID,99.4
2026-08-23 15:00:00,B,B3,8002.0,7000.0,0.1,1.0,0.0,200.0,22.78,VALID,100.2
2026-08-23 15:00:00,C,C1,8326.0,7000.0,0.1,1.0,0.0,200.0,22.88,VALID,132.6
2026-08-23 15:00:00,C,C2,8361.0,7000.0,0.1,1.0,0.0,200.0,22.77,VALID,136.1
2026-08-23 15:00:00,C,C3,10500.0,7000.0,0.1,1.0,0.0,200.0,22.68,VALID,350.0
2026-08-23 15:00:00,D,D1,7918.0,7000.0,0.1,1.0,0.0,200.0,22.78,VALID,91.8
2026-08-23 15:00:00,D,D2,7933.0,7000.0,0.1,1.0,0.0,200.0,23.16,VALID,93.3
2026-08-23 15:00:00,D,D3,7922.0,7000.0,0.1,1.0,0.0,200.0,23.06,VALID,92.2
2026-08-23 15:15:00,A,A1,8136.0,7000.0,0.1,1.0,0.0,200.0,22.65,VALID,113.6
2026-08-23 15:15:00,A,A2,8175.0,7000.0,0.1,1.0,0.0,200.0,23.13,VALID,117.5
2026-08-23 15:15:00,A,A3,8145.0,7000.0,0.1,1.0,0.0,200.0,22.73,VALID,114.5
2026-08-23 15:15:00,B,B1,7998.0,7000.0,0.1,1.0,0.0,200.0,22.59,VALID,99.8
2026-08-23 15:15:00,B,B2,7998.0,7000.0,0.1,1.0,0.0,200.0,22.81,VALID,99.8
2026-08-23 15:15:00,B,B3,7994.0,7000.0,0.1,1.0,0.0,200.0,23.06,VALID,99.4
2026-08-23 15:15:00,C,C1,8327.0,7000.0,0.1,1.0,0.0,200.0,23.01,VALID,132.7
2026-08-23 15:15:00,C,C2,8361.0,7000.0,0.1,1.0,0.0,200.0,22.6,VALID,136.1
2026-08-23 15:15:00,C,C3,10500.0,7000.0,0.1,1.0,0.0,200.0,22.51,VALID,350.0
2026-08-23 15:15:00,D,D1,7917.0,7000.0,0.1,1.0,0.0,200.0,22.67,VALID,91.7
2026-08-23 15:15:00,D,D2,7925.0,7000.0,0.1,1.0,0.0,200.0,22.84,VALID,92.5
2026-08-23 15:15:00,D,D3,7912.0,7000.0,0.1,1.0,0.0,200.0,22.9,VALID,91.2
2026-08-23 15:30:00,A,A1,8147.0,7000.0,0.1,1.0,0.0,200.0,22.85,VALID,114.7
2026-08-23 15:30:00,A,A2,8170.0,7000.0,0.1,1.0,0.0,200.0,22.75,VALID,117.0
2026-08-23 15:30:00,A,A3,8163.0,7000.0,0.1,1.0,0.0,200.0,22.77,VALID,116.3
2026-08-23 15:30:00,B,B1,7984.0,7000.0,0.1,1.0,0.0,200.0,22.29,VALID,98.4
2026-08-23 15:30:00,B,B2,8007.0,7000.0,0.1,1.0,0.0,200.0,22.6,VALID,100.7
2026-08-23 15:30:00,B,B3,7998.0,7000.0,0.1,1.0,0.0,200.0,22.76,VALID,99.8
2026-08-23 15:30:00,C,C1,8314.0,7000.0,0.1,1.0,0.0,200.0,22.44,VALID,131.4
2026-08-23 15:30:00,C,C2,8369.0,7000.0,0.1,1.0,0.0,200.0,22.56,VALID,136.9
2026-08-23 15:30:00,C,C3,10500.0,7000.0,0.1,1.0,0.0,200.0,22.58,VALID,350.0
2026-08-23 15:30:00,D,D1,7921.0,7000.0,0.1,1.0,0.0,200.0,22.7,VALID,92.1
2026-08-23 15:30:00,D,D2,7932.0,7000.0,0.1,1.0,0.0,200.0,22.55,VALID,93.2
2026-08-23 15:30:00,D,D3,7923.0,7000.0,0.1,1.0,0.0,200.0,22.86,VALID,92.3
2026-08-23 15:45:00,A,A1,8150.0,7000.0,0.1,1.0,0.0,200.0,22.61,VALID,115.0
2026-08-23 15:45:00,A,A2,8173.0,7000.0,0.1,1.0,0.0,200.0,22.53,VALID,117.3
2026-08-23 15:45:00,A,A3,8176.0,7000.0,0.1,1.0,0.0,200.0,22.75,VALID,117.6
2026-08-23 15:45:00,B,B1,7983.0,7000.0,0.1,1.0,0.0,200.0,22.55,VALID,98.3
2026-08-23 15:45:00,B,B2,7991.0,7000.0,0.1,1.0,0.0,200.0,22.47,VALID,99.1
2026-08-23 15:45:00,B,B3,7993.0,7000.0,0.1,1.0,0.0,200.0,22.68,VALID,99.3
2026-08-23 15:45:00,C,C1,8327.0,7000.0,0.1,1.0,0.0,200.0,22.28,VALID,132.7
2026-08-23 15:45:00,C,C2,8371.0,7000.0,0.1,1.0,0.0,200.0,22.49,VALID,137.1
2026-08-23 15:45:00,C,C3,6000.0,7000.0,0.1,1.0,0.0,200.0,22.77,VALID,-100.0
2026-08-23 15:45:00,D,D1,7923.0,7000.0,0.1,1.0,0.0,200.0,22.56,VALID,92.3
2026-08-23 15:45:00,D,D2,7935.0,7000.0,0.1,1.0,0.0,200.0,22.66,VALID,93.5
2026-08-23 15:45:00,D,D3,7933.0,7000.0,0.1,1.0,0.0,200.0,22.65,VALID,93.3
2026-08-23 16:00:00,A,A1,8137.0,7000.0,0.1,1.0,0.0,200.0,22.8,VALID,113.7
2026-08-23 16:00:00,A,A2,8181.0,7000.0,0.1,1.0,0.0,200.0,22.3,VALID,118.1
2026-08-23 16:00:00,A,A3,8150.0,7000.0,0.1,1.0,0.0,200.0,22.5,VALID,115.0
2026-08-23 16:00:00,B,B1,7979.0,7000.0,0.1,1.0,0.0,200.0,22.47,VALID,97.9
2026-08-23 16:00:00,B,B2,8003.0,7000.0,0.1,1.0,0.0,200.0,22.29,VALID,100.3
2026-08-23 16:00:00,B,B3,7979.0,7000.0,0.1,1.0,0.0,200.0,22.48,VALID,97.9
2026-08-23 16:00:00,C,C1,8314.0,7000.0,0.1,1.0,0.0,200.0,22.43,VALID,131.4
2026-08-23 16:00:00,C,C2,8349.0,7000.0,0.1,1.0,0.0,200.0,22.35,VALID,134.9
2026-08-23 16:00:00,C,C3,6000.0,7000.0,0.1,1.0,0.0,200.0,22.52,VALID,-100.0
2026-08-23 16:00:00,D,D1,7902.0,7000.0,0.1,1.0,0.0,200.0,22.17,VALID,90.2
2026-08-23 16:00:00,D,D2,7927.0,7000.0,0.1,1.0,0.0,200.0,22.51,VALID,92.7
2026-08-23 16:00:00,D,D3,7923.0,7000.0,0.1,1.0,0.0,200.0,22.3,VALID,92.3
2026-08-23 16:15:00,A,A1,8151.0,7000.0,0.1,1.0,0.0,200.0,22.61,VALID,115.1
2026-08-23 16:15:00,A,A2,8172.0,7000.0,0.1,1.0,0.0,200.0,21.98,VALID,117.2
2026-08-23 16:15:00,A,A3,8160.0,7000.0,0.1,1.0,0.0,200.0,22.72,VALID,116.0
2026-08-23 16:15:00,B,B1,7969.0,7000.0,0.1,1.0,0.0,200.0,22.32,VALID,96.9
2026-08-23 16:15:00,B,B2,7993.0,7000.0,0.1,1.0,0.0,200.0,22.33,VALID,99.3
2026-08-23 16:15:00,B,B3,7990.0,7000.0,0.1,1.0,0.0,200.0,22.54,VALID,99.0
2026-08-23 16:15:00,C,C1,8319.0,7000.0,0.1,1.0,0.0,200.0,22.56,VALID,131.9
2026-08-23 16:15:00,C,C2,8359.0,7000.0,0.1,1.0,0.0,200.0,22.24,VALID,135.9
2026-08-23 16:15:00,C,C3,6000.0,7000.0,0.1,1.0,0.0,200.0,21.95,VALID,-100.0
2026-08-23 16:15:00,D,D1,7911.0,7000.0,0.1,1.0,0.0,200.0,22.72,VALID,91.1
2026-08-23 16:15:00,D,D2,7930.0,7000.0,0.1,1.0,0.0,200.0,22.45,VALID,93.0
2026-08-23 16:15:00,D,D3,7914.0,7000.0,0.1,1.0,0.0,200.0,22.26,VALID,91.4
2026-08-23 16:30:00,A,A1,8156.0,7000.0,0.1,1.0,0.0,200.0,22.63,VALID,115.6
2026-08-23 16:30:00,A,A2,8183.0,7000.0,0.1,1.0,0.0,200.0,22.39,VALID,118.3
2026-08-23 16:30:00,A,A3,8158.0,7000.0,0.1,1.0,0.0,200.0,22.27,VALID,115.8
2026-08-23 16:30:00,B,B1,7973.0,7000.0,0.1,1.0,0.0,200.0,21.94,VALID,97.3
2026-08-23 16:30:00,B,B2,7984.0,7000.0,0.1,1.0,0.0,200.0,22.24,VALID,98.4
2026-08-23 16:30:00,B,B3,7985.0,7000.0,0.1,1.0,0.0,200.0,21.93,VALID,98.5
2026-08-23 16:30:00,C,C1,8317.0,7000.0,0.1,1.0,0.0,200.0,22.16,VALID,131.7
2026-08-23 16:30:00,C,C2,8349.0,7000.0,0.1,1.0,0.0,200.0,22.15,VALID,134.9
2026-08-23 16:30:00,C,C3,6000.0,7000.0,0.1,1.0,0.0,200.0,22.11,VALID,-100.0
2026-08-23 16:30:00,D,D1,7916.0,7000.0,0.1,1.0,0.0,200.0,21.85,VALID,91.6
2026-08-23 16:30:00,D,D2,7907.0,7000.0,0.1,1.0,0.0,200.0,22.23,VALID,90.7
2026-08-23 16:30:00,D,D3,7918.0,7000.0,0.1,1.0,0.0,200.0,22.31,VALID,91.8
2026-08-23 16:45:00,A,A1,8142.0,7000.0,0.1,1.0,0.0,200.0,21.98,VALID,114.2
2026-08-23 16:45:00,A,A2,8169.0,7000.0,0.1,1.0,0.0,200.0,22.07,VALID,116.9
2026-08-23 16:45:00,A,A3,8171.0,7000.0,0.1,1.0,0.0,200.0,22.09,VALID,117.1
2026-08-23 16:45:00,B,B1,7978.0,7000.0,0.1,1.0,0.0,200.0,22.65,VALID,97.8
2026-08-23 16:45:00,B,B2,7992.0,7000.0,0.1,1.0,0.0,200.0,22.27,VALID,99.2
2026-08-23 16:45:00,B,B3,7992.0,7000.0,0.1,1.0,0.0,200.0,22.31,VALID,99.2
2026-08-23 16:45:00,C,C1,8319.0,7000.0,0.1,1.0,0.0,200.0,22.2,VALID,131.9
2026-08-23 16:45:00,C,C2,8360.0,7000.0,0.1,1.0,0.0,200.0,22.04,VALID,136.0
2026-08-23 16:45:00,C,C3,6000.0,7000.0,0.1,1.0,0.0,200.0,22.56,VALID,-100.0
2026-08-23 16:45:00,D,D1,7918.0,7000.0,0.1,1.0,0.0,200.0,22.22,VALID,91.8
2026-08-23 16:45:00,D,D2,7932.0,7000.0,0.1,1.0,0.0,200.0,21.99,VALID,93.2
2026-08-23 16:45:00,D,D3,7914.0,7000.0,0.1,1.0,0.0,200.0,22.35,VALID,91.4
2026-08-23 17:00:00,A,A1,8159.0,7000.0,0.1,1.0,0.0,200.0,21.95,VALID,115.9
2026-08-23 17:00:00,A,A2,8164.0,7000.0,0.1,1.0,0.0,200.0,22.54,VALID,116.4
2026-08-23 17:00:00,A,A3,8157.0,7000.0,0.1,1.0,0.0,200.0,22.47,VALID,115.7
2026-08-23 17:00:00,B,B1,7980.0,7000.0,0.1,1.0,0.0,200.0,22.15,VALID,98.0
2026-08-23 17:00:00,B,B2,7990.0,7000.0,0.1,1.0,0.0,200.0,22.29,VALID,99.0
2026-08-23 17:00:00,B,B3,7998.0,7000.0,0.1,1.0,0.0,200.0,21.9,VALID,99.8
2026-08-23 17:00:00,C,C1,8313.0,7000.0,0.1,1.0,0.0,200.0,22.29,VALID,131.3
2026-08-23 17:00:00,C,C2,8357.0,7000.0,0.1,1.0,0.0,200.0,22.0,VALID,135.7
2026-08-23 17:00:00,C,C3,8345.0,7000.0,0.1,1.0,0.0,200.0,22.32,VALID,134.5
2026-08-23 17:00:00,D,D1,7902.0,7000.0,0.1,1.0,0.0,200.0,22.14,VALID,90.2
2026-08-23 17:00:00,D,D2,7913.0,7000.0,0.1,1.0,0.0,200.0,21.92,VALID,91.3
2026-08-23 17:00:00,D,D3,7917.0,7000.0,0.1,1.0,0.0,200.0,22.11,VALID,91.7
2026-08-23 17:15:00,A,A1,8137.0,7000.0,0.1,1.0,0.0,200.0,21.91,VALID,113.7
2026-08-23 17:15:00,A,A2,8158.0,7000.0,0.1,1.0,0.0,200.0,22.15,VALID,115.8
2026-08-23 17:15:00,A,A3,8138.0,7000.0,0.1,1.0,0.0,200.0,21.86,VALID,113.8
2026-08-23 17:15:00,B,B1,7961.0,7000.0,0.1,1.0,0.0,200.0,22.14,VALID,96.1
2026-08-23 17:15:00,B,B2,7976.0,7000.0,0.1,1.0,0.0,200.0,22.06,VALID,97.6
2026-08-23 17:15:00,B,B3,8000.0,7000.0,0.1,1.0,0.0,200.0,22.39,VALID,100.0
2026-08-23 17:15:00,C,C1,8299.0,7000.0,0.1,1.0,0.0,200.0,22.12,VALID,129.9
2026-08-23 17:15:00,C,C2,8349.0,7000.0,0.1,1.0,0.0,200.0,21.82,VALID,134.9
2026-08-23 17:15:00,C,C3,8335.0,7000.0,0.1,1.0,0.0,200.0,22.3,VALID,133.5
2026-08-23 17:15:00,D,D1,7911.0,7000.0,0.1,1.0,0.0,200.0,21.91,VALID,91.1
2026-08-23 17:15:00,D,D2,7930.0,7000.0,0.1,1.0,0.0,200.0,21.61,VALID,93.0
2026-08-23 17:15:00,D,D3,7909.0,7000.0,0.1,1.0,0.0,200.0,21.89,VALID,90.9
2026-08-23 17:30:00,A,A1,8146.0,7000.0,0.1,1.0,0.0,200.0,21.99,VALID,114.6
2026-08-23 17:30:00,A,A2,8166.0,7000.0,0.1,1.0,0.0,200.0,21.99,VALID,116.6
2026-08-23 17:30:00,A,A3,8155.0,7000.0,0.1,1.0,0.0,200.0,22.13,VALID,115.5
2026-08-23 17:30:00,B,B1,7979.0,7000.0,0.1,1.0,0.0,200.0,21.97,VALID,97.9
2026-08-23 17:30:00,B,B2,7996.0,7000.0,0.1,1.0,0.0,200.0,22.19,VALID,99.6
2026-08-23 17:30:00,B,B3,7980.0,7000.0,0.1,1.0,0.0,200.0,22.01,VALID,98.0
2026-08-23 17:30:00,C,C1,8326.0,7000.0,0.1,1.0,0.0,200.0,21.81,VALID,132.6
2026-08-23 17:30:00,C,C2,8374.0,7000.0,0.1,1.0,0.0,200.0,21.76,VALID,137.4
2026-08-23 17:30:00,C,C3,8332.0,7000.0,0.1,1.0,0.0,200.0,21.84,VALID,133.2
2026-08-23 17:30:00,D,D1,7925.0,7000.0,0.1,1.0,0.0,200.0,21.92,VALID,92.5
2026-08-23 17:30:00,D,D2,7919.0,7000.0,0.1,1.0,0.0,200.0,21.95,VALID,91.9
2026-08-23 17:30:00,D,D3,7916.0,7000.0,0.1,1.0,0.0,200.0,21.96,VALID,91.6
2026-08-23 17:45:00,A,A1,8144.0,7000.0,0.1,1.0,0.0,200.0,21.3,VALID,114.4
2026-08-23 17:45:00,A,A2,8168.0,7000.0,0.1,1.0,0.0,200.0,22.01,VALID,116.8
2026-08-23 17:45:00,A,A3,8164.0,7000.0,0.1,1.0,0.0,200.0,22.27,VALID,116.4
2026-08-23 17:45:00,B,B1,7975.0,7000.0,0.1,1.0,0.0,200.0,22.17,VALID,97.5
2026-08-23 17:45:00,B,B2,7982.0,7000.0,0.1,1.0,0.0,200.0,22.16,VALID,98.2
2026-08-23 17:45:00,B,B3,7980.0,7000.0,0.1,1.0,0.0,200.0,21.77,VALID,98.0
2026-08-23 17:45:00,C,C1,8313.0,7000.0,0.1,1.0,0.0,200.0,22.29,VALID,131.3
2026-08-23 17:45:00,C,C2,8359.0,7000.0,0.1,1.0,0.0,200.0,22.31,VALID,135.9
2026-08-23 17:45:00,C,C3,8328.0,7000.0,0.1,1.0,0.0,200.0,22.22,VALID,132.8
2026-08-23 17:45:00,D,D1,7899.0,7000.0,0.1,1.0,0.0,200.0,22.05,VALID,89.9
2026-08-23 17:45:00,D,D2,7925.0,7000.0,0.1,1.0,0.0,200.0,22.14,VALID,92.5
2026-08-23 17:45:00,D,D3,7917.0,7000.0,0.1,1.0,0.0,200.0,21.86,VALID,91.7
2026-08-23 18:00:00,A,A1,8153.0,7000.0,0.1,1.0,0.0,200.0,22.35,VALID,115.3
2026-08-23 18:00:00,A,A2,8162.0,7000.0,0.1,1.0,0.0,200.0,21.63,VALID,116.2
2026-08-23 18:00:00,A,A3,8159.0,7000.0,0.1,1.0,0.0,200.0,21.93,VALID,115.9
2026-08-23 18:00:00,B,B1,7976.0,7000.0,0.1,1.0,0.0,200.0,22.11,VALID,97.6
2026-08-23 18:00:00,B,B2,7988.0,7000.0,0.1,1.0,0.0,200.0,21.95,VALID,98.8
2026-08-23 18:00:00,B,B3,7984.0,7000.0,0.1,1.0,0.0,200.0,22.29,VALID,98.4
2026-08-23 18:00:00,C,C1,8315.0,7000.0,0.1,1.0,0.0,200.0,21.75,VALID,131.5
2026-08-23 18:00:00,C,C2,8346.0,7000.0,0.1,1.0,0.0,200.0,22.03,VALID,134.6
2026-08-23 18:00:00,C,C3,8325.0,7000.0,0.1,1.0,0.0,200.0,21.69,VALID,132.5
2026-08-23 18:00:00,D,D1,7911.0,7000.0,0.1,1.0,0.0,200.0,22.14,VALID,91.1
2026-08-23 18:00:00,D,D2,7920.0,7000.0,0.1,1.0,0.0,200.0,22.06,VALID,92.0
2026-08-23 18:00:00,D,D3,7917.0,7000.0,0.1,1.0,0.0,200.0,22.12,VALID,91.7
2026-08-23 18:15:00,A,A1,8151.0,7000.0,0.1,1.0,0.0,200.0,21.49,VALID,115.1
2026-08-23 18:15:00,A,A2,8165.0,7000.0,0.1,1.0,0.0,200.0,22.11,VALID,116.5
2026-08-23 18:15:00,A,A3,8151.0,7000.0,0.1,1.0,0.0,200.0,22.01,VALID,115.1
2026-08-23 18:15:00,B,B1,7984.0,7000.0,0.1,1.0,0.0,200.0,22.02,VALID,98.4
2026-08-23 18:15:00,B,B2,8006.0,7000.0,0.1,1.0,0.0,200.0,22.23,VALID,100.6
2026-08-23 18:15:00,B,B3,7984.0,7000.0,0.1,1.0,0.0,200.0,21.97,VALID,98.4
2026-08-23 18:15:00,C,C1,8289.0,7000.0,0.1,1.0,0.0,200.0,21.94,VALID,128.9
2026-08-23 18:15:00,C,C2,8345.0,7000.0,0.1,1.0,0.0,200.0,22.05,VALID,134.5
2026-08-23 18:15:00,C,C3,8336.0,7000.0,0.1,1.0,0.0,200.0,22.15,VALID,133.6
2026-08-23 18:15:00,D,D1,7918.0,7000.0,0.1,1.0,0.0,200.0,22.0,VALID,91.8
2026-08-23 18:15:00,D,D2,7944.0,7000.0,0.1,1.0,0.0,200.0,22.05,VALID,94.4
2026-08-23 18:15:00,D,D3,7903.0,7000.0,0.1,1.0,0.0,200.0,21.89,VALID,90.3
2026-08-23 18:30:00,A,A1,8142.0,7000.0,0.1,1.0,0.0,200.0,22.14,VALID,114.2
2026-08-23 18:30:00,A,A2,8159.0,7000.0,0.1,1.0,0.0,200.0,21.97,VALID,115.9
2026-08-23 18:30:00,A,A3,8154.0,7000.0,0.1,1.0,0.0,200.0,21.94,VALID,115.4
2026-08-23 18:30:00,B,B1,7985.0,7000.0,0.1,1.0,0.0,200.0,22.15,VALID,98.5
2026-08-23 18:30:00,B,B2,8003.0,7000.0,0.1,1.0,0.0,200.0,21.96,VALID,100.3
2026-08-23 18:30:00,B,B3,7996.0,7000.0,0.1,1.0,0.0,200.0,21.75,VALID,99.6
2026-08-23 18:30:00,C,C1,8303.0,7000.0,0.1,1.0,0.0,200.0,21.78,VALID,130.3
2026-08-23 18:30:00,C,C2,8357.0,7000.0,0.1,1.0,0.0,200.0,22.27,VALID,135.7
2026-08-23 18:30:00,C,C3,8330.0,7000.0,0.1,1.0,0.0,200.0,21.93,VALID,133.0
2026-08-23 18:30:00,D,D1,7903.0,7000.0,0.1,1.0,0.0,200.0,22.14,VALID,90.3
2026-08-23 18:30:00,D,D2,7919.0,7000.0,0.1,1.0,0.0,200.0,21.92,VALID,91.9
2026-08-23 18:30:00,D,D3,7903.0,7000.0,0.1,1.0,0.0,200.0,21.91,VALID,90.3
2026-08-23 18:45:00,A,A1,8156.0,7000.0,0.1,1.0,0.0,200.0,22.08,VALID,115.6
2026-08-23 18:45:00,A,A2,8161.0,7000.0,0.1,1.0,0.0,200.0,22.3,VALID,116.1
2026-08-23 18:45:00,A,A3,8150.0,7000.0,0.1,1.0,0.0,200.0,22.34,VALID,115.0
2026-08-23 18:45:00,B,B1,7990.0,7000.0,0.1,1.0,0.0,200.0,22.07,VALID,99.0
2026-08-23 18:45:00,B,B2,7979.0,7000.0,0.1,1.0,0.0,200.0,22.52,VALID,97.9
2026-08-23 18:45:00,B,B3,7989.0,7000.0,0.1,1.0,0.0,200.0,21.99,VALID,98.9
2026-08-23 18:45:00,C,C1,8324.0,7000.0,0.1,1.0,0.0,200.0,22.2,VALID,132.4
2026-08-23 18:45:00,C,C2,8369.0,7000.0,0.1,1.0,0.0,200.0,21.93,VALID,136.9
2026-08-23 18:45:00,C,C3,8338.0,7000.0,0.1,1.0,0.0,200.0,21.82,VALID,133.8
2026-08-23 18:45:00,D,D1,7912.0,7000.0,0.1,1.0,0.0,200.0,22.05,VALID,91.2
2026-08-23 18:45:00,D,D2,7926.0,7000.0,0.1,1.0,0.0,200.0,22.03,VALID,92.6
2026-08-23 18:45:00,D,D3,7913.0,7000.0,0.1,1.0,0.0,200.0,21.88,VALID,91.3
2026-08-23 19:00:00,A,A1,8153.0,7000.0,0.1,1.0,0.0,200.0,22.4,VALID,115.3
2026-08-23 19:00:00,A,A2,8163.0,7000.0,0.1,1.0,0.0,200.0,22.21,VALID,116.3
2026-08-23 19:00:00,A,A3,8160.0,7000.0,0.1,1.0,0.0,200.0,22.1,VALID,116.0
2026-08-23 19:00:00,B,B1,7964.0,7000.0,0.1,1.0,0.0,200.0,21.84,VALID,96.4
2026-08-23 19:00:00,B,B2,7986.0,7000.0,0.1,1.0,0.0,200.0,21.67,VALID,98.6
2026-08-23 19:00:00,B,B3,7999.0,7000.0,0.1,1.0,0.0,200.0,22.18,VALID,99.9
2026-08-23 19:00:00,C,C1,8316.0,7000.0,0.1,1.0,0.0,200.0,21.66,VALID,131.6
2026-08-23 19:00:00,C,C2,8342.0,7000.0,0.1,1.0,0.0,200.0,22.1,VALID,134.2
2026-08-23 19:00:00,C,C3,8354.0,7000.0,0.1,1.0,0.0,200.0,21.96,VALID,135.4
2026-08-23 19:00:00,D,D1,7914.0,7000.0,0.1,1.0,0.0,200.0,22.01,VALID,91.4
2026-08-23 19:00:00,D,D2,7925.0,7000.0,0.1,1.0,0.0,200.0,22.35,VALID,92.5
2026-08-23 19:00:00,D,D3,7913.0,7000.0,0.1,1.0,0.0,200.0,21.96,VALID,91.3
2026-08-23 19:15:00,A,A1,8159.0,7000.0,0.1,1.0,0.0,200.0,22.17,VALID,115.9
2026-08-23 19:15:00,A,A2,8178.0,7000.0,0.1,1.0,0.0,200.0,22.02,VALID,117.8
2026-08-23 19:15:00,A,A3,8169.0,7000.0,0.1,1.0,0.0,200.0,22.21,VALID,116.9
2026-08-23 19:15:00,B,B1,7983.0,7000.0,0.1,1.0,0.0,200.0,22.19,VALID,98.3
2026-08-23 19:15:00,B,B2,7989.0,7000.0,0.1,1.0,0.0,200.0,22.16,VALID,98.9
2026-08-23 19:15:00,B,B3,7983.0,7000.0,0.1,1.0,0.0,200.0,22.35,VALID,98.3
2026-08-23 19:15:00,C,C1,8315.0,7000.0,0.1,1.0,0.0,200.0,21.86,VALID,131.5
2026-08-23 19:15:00,C,C2,8344.0,7000.0,0.1,1.0,0.0,200.0,21.81,VALID,134.4
2026-08-23 19:15:00,C,C3,8342.0,7000.0,0.1,1.0,0.0,200.0,21.93,VALID,134.2
2026-08-23 19:15:00,D,D1,7909.0,7000.0,0.1,1.0,0.0,200.0,22.19,VALID,90.9
2026-08-23 19:15:00,D,D2,,7000.0,0.1,1.0,0.0,200.0,22.25,INVALID,
2026-08-23 19:15:00,D,D3,7918.0,7000.0,0.1,1.0,0.0,200.0,21.62,VALID,91.8
2026-08-23 19:30:00,A,A1,8144.0,7000.0,0.1,1.0,0.0,200.0,22.31,VALID,114.4
2026-08-23 19:30:00,A,A2,8184.0,7000.0,0.1,1.0,0.0,200.0,22.57,VALID,118.4
2026-08-23 19:30:00,A,A3,8145.0,7000.0,0.1,1.0,0.0,200.0,22.16,VALID,114.5
2026-08-23 19:30:00,B,B1,7965.0,7000.0,0.1,1.0,0.0,200.0,22.53,VALID,96.5
2026-08-23 19:30:00,B,B2,8003.0,7000.0,0.1,1.0,0.0,200.0,22.3,VALID,100.3
2026-08-23 19:30:00,B,B3,7989.0,7000.0,0.1,1.0,0.0,200.0,22.5,VALID,98.9
2026-08-23 19:30:00,C,C1,8328.0,7000.0,0.1,1.0,0.0,200.0,22.46,VALID,132.8
2026-08-23 19:30:00,C,C2,8363.0,7000.0,0.1,1.0,0.0,200.0,22.16,VALID,136.3
2026-08-23 19:30:00,C,C3,8344.0,7000.0,0.1,1.0,0.0,200.0,22.39,VALID,134.4
2026-08-23 19:30:00,D,D1,7906.0,7000.0,0.1,1.0,0.0,200.0,22.16,VALID,90.6
2026-08-23 19:30:00,D,D2,,7000.0,0.1,1.0,0.0,200.0,22.56,INVALID,
2026-08-23 19:30:00,D,D3,7911.0,7000.0,0.1,1.0,0.0,200.0,22.18,VALID,91.1
2026-08-23 19:45:00,A,A1,8151.0,7000.0,0.1,1.0,0.0,200.0,22.41,VALID,115.1
2026-08-23 19:45:00,A,A2,8165.0,7000.0,0.1,1.0,0.0,200.0,22.69,VALID,116.5
2026-08-23 19:45:00,A,A3,8162.0,7000.0,0.1,1.0,0.0,200.0,22.42,VALID,116.2
2026-08-23 19:45:00,B,B1,7996.0,7000.0,0.1,1.0,0.0,200.0,22.22,VALID,99.6
2026-08-23 19:45:00,B,B2,7994.0,7000.0,0.1,1.0,0.0,200.0,22.06,VALID,99.4
2026-08-23 19:45:00,B,B3,7987.0,7000.0,0.1,1.0,0.0,200.0,22.01,VALID,98.7
2026-08-23 19:45:00,C,C1,8325.0,7000.0,0.1,1.0,0.0,200.0,22.39,VALID,132.5
2026-08-23 19:45:00,C,C2,8358.0,7000.0,0.1,1.0,0.0,200.0,22.29,VALID,135.8
2026-08-23 19:45:00,C,C3,8345.0,7000.0,0.1,1.0,0.0,200.0,22.08,VALID,134.5
2026-08-23 19:45:00,D,D1,7910.0,7000.0,0.1,1.0,0.0,200.0,22.45,VALID,91.0
2026-08-23 19:45:00,D,D2,,7000.0,0.1,1.0,0.0,200.0,22.45,INVALID,
2026-08-23 19:45:00,D,D3,7903.0,7000.0,0.1,1.0,0.0,200.0,22.29,VALID,90.3
2026-08-23 20:00:00,A,A1,8139.0,7000.0,0.1,1.0,0.0,200.0,22.69,VALID,113.9
2026-08-23 20:00:00,A,A2,8161.0,7000.0,0.1,1.0,0.0,200.0,22.07,VALID,116.1
2026-08-23 20:00:00,A,A3,8160.0,7000.0,0.1,1.0,0.0,200.0,22.32,VALID,116.0
2026-08-23 20:00:00,B,B1,7968.0,7000.0,0.1,1.0,0.0,200.0,22.51,VALID,96.8
2026-08-23 20:00:00,B,B2,7978.0,7000.0,0.1,1.0,0.0,200.0,22.19,VALID,97.8
2026-08-23 20:00:00,B,B3,7984.0,7000.0,0.1,1.0,0.0,200.0,22.56,VALID,98.4
2026-08-23 20:00:00,C,C1,8331.0,7000.0,0.1,1.0,0.0,200.0,22.62,VALID,133.1
2026-08-23 20:00:00,C,C2,8360.0,7000.0,0.1,1.0,0.0,200.0,21.92,VALID,136.0
2026-08-23 20:00:00,C,C3,8343.0,7000.0,0.1,1.0,0.0,200.0,22.7,VALID,134.3
2026-08-23 20:00:00,D,D1,7920.0,7000.0,0.1,1.0,0.0,200.0,22.49,VALID,92.0
2026-08-23 20:00:00,D,D2,,7000.0,0.1,1.0,0.0,200.0,22.3,INVALID,
2026-08-23 20:00:00,D,D3,7937.0,7000.0,0.1,1.0,0.0,200.0,22.12,VALID,93.7
2026-08-23 20:15:00,A,A1,8140.0,7000.0,0.1,1.0,0.0,200.0,22.69,VALID,114.0
2026-08-23 20:15:00,A,A2,8168.0,7000.0,0.1,1.0,0.0,200.0,22.27,VALID,116.8
2026-08-23 20:15:00,A,A3,8174.0,7000.0,0.1,1.0,0.0,200.0,22.6,VALID,117.4
2026-08-23 20:15:00,B,B1,7979.0,7000.0,0.1,1.0,0.0,200.0,22.28,VALID,97.9
2026-08-23 20:15:00,B,B2,8016.0,7000.0,0.1,1.0,0.0,200.0,22.5,VALID,101.6
2026-08-23 20:15:00,B,B3,8003.0,7000.0,0.1,1.0,0.0,200.0,22.68,VALID,100.3
2026-08-23 20:15:00,C,C1,8315.0,7000.0,0.1,1.0,0.0,200.0,22.4,VALID,131.5
2026-08-23 20:15:00,C,C2,8375.0,7000.0,0.1,1.0,0.0,200.0,22.8,VALID,137.5
2026-08-23 20:15:00,C,C3,8323.0,7000.0,0.1,1.0,0.0,200.0,22.62,VALID,132.3
2026-08-23 20:15:00,D,D1,7909.0,7000.0,0.1,1.0,0.0,200.0,22.3,VALID,90.9
2026-08-23 20:15:00,D,D2,,7000.0,0.1,1.0,0.0,200.0,22.24,INVALID,
2026-08-23 20:15:00,D,D3,7916.0,7000.0,0.1,1.0,0.0,200.0,22.35,VALID,91.6
2026-08-23 20:30:00,A,A1,8147.0,7000.0,0.1,1.0,0.0,200.0,22.61,VALID,114.7
2026-08-23 20:30:00,A,A2,8164.0,7000.0,0.1,1.0,0.0,200.0,22.93,VALID,116.4
2026-08-23 20:30:00,A,A3,8166.0,7000.0,0.1,1.0,0.0,200.0,22.98,VALID,116.6
2026-08-23 20:30:00,B,B1,7982.0,7000.0,0.1,1.0,0.0,200.0,22.51,VALID,98.2
2026-08-23 20:30:00,B,B2,8014.0,7000.0,0.1,1.0,0.0,200.0,22.5,VALID,101.4
2026-08-23 20:30:00,B,B3,7990.0,7000.0,0.1,1.0,0.0,200.0,22.76,VALID,99.0
2026-08-23 20:30:00,C,C1,8310.0,7000.0,0.1,1.0,0.0,200.0,22.76,VALID,131.0
2026-08-23 20:30:00,C,C2,8369.0,7000.0,0.1,1.0,0.0,200.0,22.87,VALID,136.9
2026-08-23 20:30:00,C,C3,8349.0,7000.0,0.1,1.0,0.0,200.0,22.88,VALID,134.9
2026-08-23 20:30:00,D,D1,7910.0,7000.0,0.1,1.0,0.0,200.0,22.45,VALID,91.0
2026-08-23 20:30:00,D,D2,,7000.0,0.1,1.0,0.0,200.0,22.31,INVALID,
2026-08-23 20:30:00,D,D3,7908.0,7000.0,0.1,1.0,0.0,200.0,22.73,VALID,90.8
2026-08-23 20:45:00,A,A1,8167.0,7000.0,0.1,1.0,0.0,200.0,22.78,VALID,116.7
2026-08-23 20:45:00,A,A2,8184.0,7000.0,0.1,1.0,0.0,200.0,22.35,VALID,118.4
2026-08-23 20:45:00,A,A3,8158.0,7000.0,0.1,1.0,0.0,200.0,22.37,VALID,115.8
2026-08-23 20:45:00,B,B1,7992.0,7000.0,0.1,1.0,0.0,200.0,22.44,VALID,99.2
2026-08-23 20:45:00,B,B2,7988.0,7000.0,0.1,1.0,0.0,200.0,22.85,VALID,98.8
2026-08-23 20:45:00,B,B3,8002.0,7000.0,0.1,1.0,0.0,200.0,22.71,VALID,100.2
2026-08-23 20:45:00,C,C1,8328.0,7000.0,0.1,1.0,0.0,200.0,22.85,VALID,132.8
2026-08-23 20:45:00,C,C2,8363.0,7000.0,0.1,1.0,0.0,200.0,22.53,VALID,136.3
2026-08-23 20:45:00,C,C3,8348.0,7000.0,0.1,1.0,0.0,200.0,22.87,VALID,134.8
2026-08-23 20:45:00,D,D1,7921.0,7000.0,0.1,1.0,0.0,200.0,22.81,VALID,92.1
2026-08-23 20:45:00,D,D2,,7000.0,0.1,1.0,0.0,200.0,22.88,INVALID,
2026-08-23 20:45:00,D,D3,7923.0,7000.0,0.1,1.0,0.0,200.0,22.65,VALID,92.3
2026-08-23 21:00:00,A,A1,8151.0,7000.0,0.1,1.0,0.0,200.0,22.74,VALID,115.1
2026-08-23 21:00:00,A,A2,8184.0,7000.0,0.1,1.0,0.0,200.0,22.6,VALID,118.4
2026-08-23 21:00:00,A,A3,8155.0,7000.0,0.1,1.0,0.0,200.0,22.81,VALID,115.5
2026-08-23 21:00:00,B,B1,8000.0,7000.0,0.1,1.0,0.0,200.0,23.09,VALID,100.0
2026-08-23 21:00:00,B,B2,7986.0,7000.0,0.1,1.0,0.0,200.0,23.15,VALID,98.6
2026-08-23 21:00:00,B,B3,8006.0,7000.0,0.1,1.0,0.0,200.0,22.64,VALID,100.6
2026-08-23 21:00:00,C,C1,8301.0,7000.0,0.1,1.0,0.0,200.0,22.86,VALID,130.1
2026-08-23 21:00:00,C,C2,8376.0,7000.0,0.1,1.0,0.0,200.0,23.2,VALID,137.6
2026-08-23 21:00:00,C,C3,8336.0,7000.0,0.1,1.0,0.0,200.0,23.23,VALID,133.6
2026-08-23 21:00:00,D,D1,7894.0,7000.0,0.1,1.0,0.0,200.0,22.81,VALID,89.4
2026-08-23 21:00:00,D,D2,,7000.0,0.1,1.0,0.0,200.0,23.11,INVALID,
2026-08-23 21:00:00,D,D3,7936.0,7000.0,0.1,1.0,0.0,200.0,23.07,VALID,93.6
2026-08-23 21:15:00,A,A1,8143.0,7000.0,0.1,1.0,0.0,200.0,23.19,VALID,114.3
2026-08-23 21:15:00,A,A2,8182.0,7000.0,0.1,1.0,0.0,200.0,22.69,VALID,118.2
2026-08-23 21:15:00,A,A3,8147.0,7000.0,0.1,1.0,0.0,200.0,23.23,VALID,114.7
2026-08-23 21:15:00,B,B1,7986.0,7000.0,0.1,1.0,0.0,200.0,22.76,VALID,98.6
2026-08-23 21:15:00,B,B2,8001.0,7000.0,0.1,1.0,0.0,200.0,23.09,VALID,100.1
2026-08-23 21:15:00,B,B3,7995.0,7000.0,0.1,1.0,0.0,200.0,22.71,VALID,99.5
2026-08-23 21:15:00,C,C1,8342.0,7000.0,0.1,1.0,0.0,200.0,23.22,VALID,134.2
2026-08-23 21:15:00,C,C2,8364.0,7000.0,0.1,1.0,0.0,200.0,22.96,VALID,136.4
2026-08-23 21:15:00,C,C3,8349.0,7000.0,0.1,1.0,0.0,200.0,22.8,VALID,134.9
2026-08-23 21:15:00,D,D1,7918.0,7000.0,0.1,1.0,0.0,200.0,22.76,VALID,91.8
2026-08-23 21:15:00,D,D2,,7000.0,0.1,1.0,0.0,200.0,22.79,INVALID,
2026-08-23 21:15:00,D,D3,7915.0,7000.0,0.1,1.0,0.0,200.0,23.35,VALID,91.5
2026-08-23 21:30:00,A,A1,8158.0,7000.0,0.1,1.0,0.0,200.0,23.22,VALID,115.8
2026-08-23 21:30:00,A,A2,8161.0,7000.0,0.1,1.0,0.0,200.0,23.05,VALID,116.1
2026-08-23 21:30:00,A,A3,8171.0,7000.0,0.1,1.0,0.0,200.0,23.21,VALID,117.1
2026-08-23 21:30:00,B,B1,7970.0,7000.0,0.1,1.0,0.0,200.0,23.22,VALID,97.0
2026-08-23 21:30:00,B,B2,8007.0,7000.0,0.1,1.0,0.0,200.0,23.43,VALID,100.7
2026-08-23 21:30:00,B,B3,7991.0,7000.0,0.1,1.0,0.0,200.0,22.73,VALID,99.1
2026-08-23 21:30:00,C,C1,8318.0,7000.0,0.1,1.0,0.0,200.0,22.95,VALID,131.8
2026-08-23 21:30:00,C,C2,8376.0,7000.0,0.1,1.0,0.0,200.0,22.63,VALID,137.6
2026-08-23 21:30:00,C,C3,8343.0,7000.0,0.1,1.0,0.0,200.0,23.46,VALID,134.3
2026-08-23 21:30:00,D,D1,7917.0,7000.0,0.1,1.0,0.0,200.0,23.35,VALID,91.7
2026-08-23 21:30:00,D,D2,,7000.0,0.1,1.0,0.0,200.0,22.85,INVALID,
2026-08-23 21:30:00,D,D3,7940.0,7000.0,0.1,1.0,0.0,200.0,23.19,VALID,94.0
2026-08-23 21:45:00,A,A1,8160.0,7000.0,0.1,1.0,0.0,200.0,23.11,VALID,116.0
2026-08-23 21:45:00,A,A2,8182.0,7000.0,0.1,1.0,0.0,200.0,23.1,VALID,118.2
2026-08-23 21:45:00,A,A3,8179.0,7000.0,0.1,1.0,0.0,200.0,23.88,VALID,117.9
2026-08-23 21:45:00,B,B1,7995.0,7000.0,0.1,1.0,0.0,200.0,23.21,VALID,99.5
2026-08-23 21:45:00,B,B2,7983.0,7000.0,0.1,1.0,0.0,200.0,23.0,VALID,98.3
2026-08-23 21:45:00,B,B3,8013.0,7000.0,0.1,1.0,0.0,200.0,23.13,VALID,101.3
2026-08-23 21:45:00,C,C1,8325.0,7000.0,0.1,1.0,0.0,200.0,23.46,VALID,132.5
2026-08-23 21:45:00,C,C2,8384.0,7000.0,0.1,1.0,0.0,200.0,23.29,VALID,138.4
2026-08-23 21:45:00,C,C3,8345.0,7000.0,0.1,1.0,0.0,200.0,23.35,VALID,134.5
2026-08-23 21:45:00,D,D1,7913.0,7000.0,0.1,1.0,0.0,200.0,23.22,VALID,91.3
2026-08-23 21:45:00,D,D2,,7000.0,0.1,1.0,0.0,200.0,23.37,INVALID,
2026-08-23 21:45:00,D,D3,7948.0,7000.0,0.1,1.0,0.0,200.0,23.42,VALID,94.8
2026-08-23 22:00:00,A,A1,8171.0,7000.0,0.1,1.0,0.0,200.0,23.29,VALID,117.1
2026-08-23 22:00:00,A,A2,8187.0,7000.0,0.1,1.0,0.0,200.0,23.36,VALID,118.7
2026-08-23 22:00:00,A,A3,8174.0,7000.0,0.1,1.0,0.0,200.0,23.64,VALID,117.4
2026-08-23 22:00:00,B,B1,7993.0,7000.0,0.1,1.0,0.0,200.0,23.98,VALID,99.3
2026-08-23 22:00:00,B,B2,8020.0,7000.0,0.1,1.0,0.0,200.0,23.74,VALID,102.0
2026-08-23 22:00:00,B,B3,8007.0,7000.0,0.1,1.0,0.0,200.0,23.85,VALID,100.7
2026-08-23 22:00:00,C,C1,8317.0,7000.0,0.1,1.0,0.0,200.0,23.77,VALID,131.7
2026-08-23 22:00:00,C,C2,8363.0,7000.0,0.1,1.0,0.0,200.0,23.39,VALID,136.3
2026-08-23 22:00:00,C,C3,8355.0,7000.0,0.1,1.0,0.0,200.0,23.75,VALID,135.5
2026-08-23 22:00:00,D,D1,7910.0,7000.0,0.1,1.0,0.0,200.0,23.4,VALID,91.0
2026-08-23 22:00:00,D,D2,7939.0,7000.0,0.1,1.0,0.0,200.0,23.46,VALID,93.9
2026-08-23 22:00:00,D,D3,7938.0,7000.0,0.1,1.0,0.0,200.0,24.19,VALID,93.8
2026-08-23 22:15:00,A,A1,8166.0,7000.0,0.1,1.0,0.0,200.0,23.53,VALID,116.6
2026-08-23 22:15:00,A,A2,8172.0,7000.0,0.1,1.0,0.0,200.0,23.61,VALID,117.2
2026-08-23 22:15:00,A,A3,8164.0,7000.0,0.1,1.0,0.0,200.0,23.77,VALID,116.4
2026-08-23 22:15:00,B,B1,7998.0,7000.0,0.1,1.0,0.0,200.0,23.58,VALID,99.8
2026-08-23 22:15:00,B,B2,8027.0,7000.0,0.1,1.0,0.0,200.0,23.53,VALID,102.7
2026-08-23 22:15:00,B,B3,8001.0,7000.0,0.1,1.0,0.0,200.0,23.8,VALID,100.1
2026-08-23 22:15:00,C,C1,8340.0,7000.0,0.1,1.0,0.0,200.0,23.93,VALID,134.0
2026-08-23 22:15:00,C,C2,8378.0,7000.0,0.1,1.0,0.0,200.0,23.88,VALID,137.8
2026-08-23 22:15:00,C,C3,8346.0,7000.0,0.1,1.0,0.0,200.0,23.86,VALID,134.6
2026-08-23 22:15:00,D,D1,7930.0,7000.0,0.1,1.0,0.0,200.0,23.98,VALID,93.0
2026-08-23 22:15:00,D,D2,7925.0,7000.0,0.1,1.0,0.0,200.0,23.49,VALID,92.5
2026-08-23 22:15:00,D,D3,7940.0,7000.0,0.1,1.0,0.0,200.0,23.14,VALID,94.0
2026-08-23 22:30:00,A,A1,8168.0,7000.0,0.1,1.0,0.0,200.0,24.06,VALID,116.8
2026-08-23 22:30:00,A,A2,8181.0,7000.0,0.1,1.0,0.0,200.0,23.77,VALID,118.1
2026-08-23 22:30:00,A,A3,8164.0,7000.0,0.1,1.0,0.0,200.0,23.75,VALID,116.4
2026-08-23 22:30:00,B,B1,7992.0,7000.0,0.1,1.0,0.0,200.0,23.72,VALID,99.2
2026-08-23 22:30:00,B,B2,8004.0,7000.0,0.1,1.0,0.0,200.0,23.8,VALID,100.4
2026-08-23 22:30:00,B,B3,8001.0,7000.0,0.1,1.0,0.0,200.0,24.23,VALID,100.1
2026-08-23 22:30:00,C,C1,8330.0,7000.0,0.1,1.0,0.0,200.0,23.92,VALID,133.0
2026-08-23 22:30:00,C,C2,8371.0,7000.0,0.1,1.0,0.0,200.0,23.73,VALID,137.1
2026-08-23 22:30:00,C,C3,8339.0,7000.0,0.1,1.0,0.0,200.0,23.54,VALID,133.9
2026-08-23 22:30:00,D,D1,7913.0,7000.0,0.1,1.0,0.0,200.0,23.89,VALID,91.3
2026-08-23 22:30:00,D,D2,7952.0,7000.0,0.1,1.0,0.0,200.0,23.49,VALID,95.2
2026-08-23 22:30:00,D,D3,7929.0,7000.0,0.1,1.0,0.0,200.0,23.58,VALID,92.9
2026-08-23 22:45:00,A,A1,8163.0,7000.0,0.1,1.0,0.0,200.0,24.25,VALID,116.3
2026-08-23 22:45:00,A,A2,8184.0,7000.0,0.1,1.0,0.0,200.0,24.03,VALID,118.4
2026-08-23 22:45:00,A,A3,8189.0,7000.0,0.1,1.0,0.0,200.0,24.13,VALID,118.9
2026-08-23 22:45:00,B,B1,7991.0,7000.0,0.1,1.0,0.0,200.0,24.07,VALID,99.1
2026-08-23 22:45:00,B,B2,8005.0,7000.0,0.1,1.0,0.0,200.0,24.12,VALID,100.5
2026-08-23 22:45:00,B,B3,8010.0,7000.0,0.1,1.0,0.0,200.0,23.76,VALID,101.0
2026-08-23 22:45:00,C,C1,8337.0,7000.0,0.1,1.0,0.0,200.0,24.01,VALID,133.7
2026-08-23 22:45:00,C,C2,8383.0,7000.0,0.1,1.0,0.0,200.0,24.2,VALID,138.3
2026-08-23 22:45:00,C,C3,8360.0,7000.0,0.1,1.0,0.0,200.0,23.98,VALID,136.0
2026-08-23 22:45:00,D,D1,7934.0,7000.0,0.1,1.0,0.0,200.0,23.86,VALID,93.4
2026-08-23 22:45:00,D,D2,7932.0,7000.0,0.1,1.0,0.0,200.0,23.4,VALID,93.2
2026-08-23 22:45:00,D,D3,7935.0,7000.0,0.1,1.0,0.0,200.0,23.87,VALID,93.5
2026-08-23 23:00:00,A,A1,8171.0,7000.0,0.1,1.0,0.0,200.0,23.83,VALID,117.1
2026-08-23 23:00:00,A,A2,8184.0,7000.0,0.1,1.0,0.0,200.0,24.32,VALID,118.4
2026-08-23 23:00:00,A,A3,8168.0,7000.0,0.1,1.0,0.0,200.0,24.31,VALID,116.8
2026-08-23 23:00:00,B,B1,7995.0,7000.0,0.1,1.0,0.0,200.0,24.22,VALID,99.5
2026-08-23 23:00:00,B,B2,8020.0,7000.0,0.1,1.0,0.0,200.0,24.41,VALID,102.0
2026-08-23 23:00:00,B,B3,8009.0,7000.0,0.1,1.0,0.0,200.0,24.06,VALID,100.9
2026-08-23 23:00:00,C,C1,8334.0,7000.0,0.1,1.0,0.0,200.0,24.35,VALID,133.4
2026-08-23 23:00:00,C,C2,8371.0,7000.0,0.1,1.0,0.0,200.0,24.19,VALID,137.1
2026-08-23 23:00:00,C,C3,8354.0,7000.0,0.1,1.0,0.0,200.0,24.2,VALID,135.4
2026-08-23 23:00:00,D,D1,7919.0,7000.0,0.1,1.0,0.0,200.0,23.85,VALID,91.9
2026-08-23 23:00:00,D,D2,7950.0,7000.0,0.1,1.0,0.0,200.0,24.42,VALID,95.0
2026-08-23 23:00:00,D,D3,7922.0,7000.0,0.1,1.0,0.0,200.0,24.3,VALID,92.2
2026-08-23 23:15:00,A,A1,8179.0,7000.0,0.1,1.0,0.0,200.0,24.53,VALID,117.9
2026-08-23 23:15:00,A,A2,8188.0,7000.0,0.1,1.0,0.0,200.0,24.23,VALID,118.8
2026-08-23 23:15:00,A,A3,8180.0,7000.0,0.1,1.0,0.0,200.0,24.46,VALID,118.0
2026-08-23 23:15:00,B,B1,8003.0,7000.0,0.1,1.0,0.0,200.0,24.38,VALID,100.3
2026-08-23 23:15:00,B,B2,8007.0,7000.0,0.1,1.0,0.0,200.0,24.5,VALID,100.7
2026-08-23 23:15:00,B,B3,8014.0,7000.0,0.1,1.0,0.0,200.0,24.45,VALID,101.4
2026-08-23 23:15:00,C,C1,8341.0,7000.0,0.1,1.0,0.0,200.0,24.75,VALID,134.1
2026-08-23 23:15:00,C,C2,8376.0,7000.0,0.1,1.0,0.0,200.0,24.67,VALID,137.6
2026-08-23 23:15:00,C,C3,8353.0,7000.0,0.1,1.0,0.0,200.0,24.64,VALID,135.3
2026-08-23 23:15:00,D,D1,7941.0,7000.0,0.1,1.0,0.0,200.0,24.36,VALID,94.1
2026-08-23 23:15:00,D,D2,7963.0,7000.0,0.1,1.0,0.0,200.0,24.51,VALID,96.3
2026-08-23 23:15:00,D,D3,7932.0,7000.0,0.1,1.0,0.0,200.0,24.34,VALID,93.2
2026-08-23 23:30:00,A,A1,8182.0,7000.0,0.1,1.0,0.0,200.0,24.79,VALID,118.2
2026-08-23 23:30:00,A,A2,8184.0,7000.0,0.1,1.0,0.0,200.0,24.58,VALID,118.4
2026-08-23 23:30:00,A,A3,8184.0,7000.0,0.1,1.0,0.0,200.0,24.51,VALID,118.4
2026-08-23 23:30:00,B,B1,8025.0,7000.0,0.1,1.0,0.0,200.0,24.66,VALID,102.5
2026-08-23 23:30:00,B,B2,8018.0,7000.0,0.1,1.0,0.0,200.0,24.85,VALID,101.8
2026-08-23 23:30:00,B,B3,8008.0,7000.0,0.1,1.0,0.0,200.0,24.81,VALID,100.8
2026-08-23 23:30:00,C,C1,8327.0,7000.0,0.1,1.0,0.0,200.0,24.52,VALID,132.7
2026-08-23 23:30:00,C,C2,8393.0,7000.0,0.1,1.0,0.0,200.0,24.92,VALID,139.3
2026-08-23 23:30:00,C,C3,8355.0,7000.0,0.1,1.0,0.0,200.0,24.43,VALID,135.5
2026-08-23 23:30:00,D,D1,7937.0,7000.0,0.1,1.0,0.0,200.0,24.48,VALID,93.7
2026-08-23 23:30:00,D,D2,7947.0,7000.0,0.1,1.0,0.0,200.0,24.78,VALID,94.7
2026-08-23 23:30:00,D,D3,7937.0,7000.0,0.1,1.0,0.0,200.0,24.22,VALID,93.7
2026-08-23 23:45:00,A,A1,8162.0,7000.0,0.1,1.0,0.0,200.0,24.81,VALID,116.2
2026-08-23 23:45:00,A,A2,8179.0,7000.0,0.1,1.0,0.0,200.0,24.74,VALID,117.9
2026-08-23 23:45:00,A,A3,8171.0,7000.0,0.1,1.0,0.0,200.0,25.13,VALID,117.1
2026-08-23 23:45:00,B,B1,8025.0,7000.0,0.1,1.0,0.0,200.0,24.59,VALID,102.5
2026-08-23 23:45:00,B,B2,8023.0,7000.0,0.1,1.0,0.0,200.0,24.61,VALID,102.3
2026-08-23 23:45:00,B,B3,8011.0,7000.0,0.1,1.0,0.0,200.0,25.16,VALID,101.1
2026-08-23 23:45:00,C,C1,8340.0,7000.0,0.1,1.0,0.0,200.0,24.75,VALID,134.0
2026-08-23 23:45:00,C,C2,8377.0,7000.0,0.1,1.0,0.0,200.0,25.03,VALID,137.7
2026-08-23 23:45:00,C,C3,8334.0,7000.0,0.1,1.0,0.0,200.0,24.72,VALID,133.4
2026-08-23 23:45:00,D,D1,7933.0,7000.0,0.1,1.0,0.0,200.0,24.67,VALID,93.3
2026-08-23 23:45:00,D,D2,7959.0,7000.0,0.1,1.0,0.0,200.0,25.04,VALID,95.9
2026-08-23 23:45:00,D,D3,7931.0,7000.0,0.1,1.0,0.0,200.0,25.22,VALID,93.1
2026-08-24 00:00:00,A,A1,8163.0,7000.0,0.1,1.0,0.0,200.0,25.26,VALID,116.3
2026-08-24 00:00:00,A,A2,8199.0,7000.0,0.1,1.0,0.0,200.0,24.9,VALID,119.9
2026-08-24 00:00:00,A,A3,8182.0,7000.0,0.1,1.0,0.0,200.0,24.99,VALID,118.2
2026-08-24 00:00:00,B,B1,8010.0,7000.0,0.1,1.0,0.0,200.0,24.82,VALID,101.0
2026-08-24 00:00:00,B,B2,8021.0,7000.0,0.1,1.0,0.0,200.0,24.85,VALID,102.1
2026-08-24 00:00:00,B,B3,8005.0,7000.0,0.1,1.0,0.0,200.0,24.84,VALID,100.5
2026-08-24 00:00:00,C,C1,8335.0,7000.0,0.1,1.0,0.0,200.0,24.92,VALID,133.5
2026-08-24 00:00:00,C,C2,8392.0,7000.0,0.1,1.0,0.0,200.0,25.02,VALID,139.2
2026-08-24 00:00:00,C,C3,8384.0,7000.0,0.1,1.0,0.0,200.0,24.56,VALID,138.4
2026-08-24 00:00:00,D,D1,7940.0,7000.0,0.1,1.0,0.0,200.0,25.0,VALID,94.0
2026-08-24 00:00:00,D,D2,,7000.0,0.1,1.0,0.0,200.0,25.14,INVALID,
2026-08-24 00:00:00,D,D3,7944.0,7000.0,0.1,1.0,0.0,200.0,25.03,VALID,94.4
2026-08-24 00:15:00,A,A1,8171.0,7000.0,0.1,1.0,0.0,200.0,25.32,VALID,117.1
2026-08-24 00:15:00,A,A2,8183.0,7000.0,0.1,1.0,0.0,200.0,25.35,VALID,118.3
2026-08-24 00:15:00,A,A3,8188.0,7000.0,0.1,1.0,0.0,200.0,25.1,VALID,118.8
2026-08-24 00:15:00,B,B1,8008.0,7000.0,0.1,1.0,0.0,200.0,25.16,VALID,100.8
2026-08-24 00:15:00,B,B2,8036.0,7000.0,0.1,1.0,0.0,200.0,25.84,VALID,103.6
2026-08-24 00:15:00,B,B3,8029.0,7000.0,0.1,1.0,0.0,200.0,25.08,VALID,102.9
2026-08-24 00:15:00,C,C1,8353.0,7000.0,0.1,1.0,0.0,200.0,25.33,VALID,135.3
2026-08-24 00:15:00,C,C2,8381.0,7000.0,0.1,1.0,0.0,200.0,24.94,VALID,138.1
2026-08-24 00:15:00,C,C3,8367.0,7000.0,0.1,1.0,0.0,200.0,25.36,VALID,136.7
2026-08-24 00:15:00,D,D1,7923.0,7000.0,0.1,1.0,0.0,200.0,25.05,VALID,92.3
2026-08-24 00:15:00,D,D2,,7000.0,0.1,1.0,0.0,200.0,25.2,INVALID,
2026-08-24 00:15:00,D,D3,7961.0,7000.0,0.1,1.0,0.0,200.0,24.91,VALID,96.1
2026-08-24 00:30:00,A,A1,8201.0,7000.0,0.1,1.0,0.0,200.0,25.08,VALID,120.1
2026-08-24 00:30:00,A,A2,8184.0,7000.0,0.1,1.0,0.0,200.0,25.38,VALID,118.4
2026-08-24 00:30:00,A,A3,8180.0,7000.0,0.1,1.0,0.0,200.0,25.38,VALID,118.0
2026-08-24 00:30:00,B,B1,8011.0,7000.0,0.1,1.0,0.0,200.0,25.35,VALID,101.1
2026-08-24 00:30:00,B,B2,8019.0,7000.0,0.1,1.0,0.0,200.0,25.48,VALID,101.9
2026-08-24 00:30:00,B,B3,8017.0,7000.0,0.1,1.0,0.0,200.0,25.61,VALID,101.7
2026-08-24 00:30:00,C,C1,8348.0,7000.0,0.1,1.0,0.0,200.0,25.2,VALID,134.8
2026-08-24 00:30:00,C,C2,8377.0,7000.0,0.1,1.0,0.0,200.0,25.36,VALID,137.7
2026-08-24 00:30:00,C,C3,8358.0,7000.0,0.1,1.0,0.0,200.0,25.12,VALID,135.8
2026-08-24 00:30:00,D,D1,7945.0,7000.0,0.1,1.0,0.0,200.0,25.04,VALID,94.5
2026-08-24 00:30:00,D,D2,,7000.0,0.1,1.0,0.0,200.0,25.42,INVALID,
2026-08-24 00:30:00,D,D3,7949.0,7000.0,0.1,1.0,0.0,200.0,25.18,VALID,94.9
2026-08-24 00:45:00,A,A1,8189.0,7000.0,0.1,1.0,0.0,200.0,25.58,VALID,118.9
2026-08-24 00:45:00,A,A2,8198.0,7000.0,0.1,1.0,0.0,200.0,25.63,VALID,119.8
2026-08-24 00:45:00,A,A3,8177.0,7000.0,0.1,1.0,0.0,200.0,25.26,VALID,117.7
2026-08-24 00:45:00,B,B1,8004.0,7000.0,0.1,1.0,0.0,200.0,25.66,VALID,100.4
2026-08-24 00:45:00,B,B2,8029.0,7000.0,0.1,1.0,0.0,200.0,25.8,VALID,102.9
2026-08-24 00:45:00,B,B3,8013.0,7000.0,0.1,1.0,0.0,200.0,25.7,VALID,101.3
2026-08-24 00:45:00,C,C1,8351.0,7000.0,0.1,1.0,0.0,200.0,25.4,VALID,135.1
2026-08-24 00:45:00,C,C2,8397.0,7000.0,0.1,1.0,0.0,200.0,25.57,VALID,139.7
2026-08-24 00:45:00,C,C3,8366.0,7000.0,0.1,1.0,0.0,200.0,25.59,VALID,136.6
2026-08-24 00:45:00,D,D1,7941.0,7000.0,0.1,1.0,0.0,200.0,25.55,VALID,94.1
2026-08-24 00:45:00,D,D2,,7000.0,0.1,1.0,0.0,200.0,25.32,INVALID,
2026-08-24 00:45:00,D,D3,7952.0,7000.0,0.1,1.0,0.0,200.0,25.42,VALID,95.2
2026-08-24 01:00:00,A,A1,8175.0,7000.0,0.1,1.0,0.0,200.0,25.73,VALID,117.5
2026-08-24 01:00:00,A,A2,8212.0,7000.0,0.1,1.0,0.0,200.0,25.81,VALID,121.2
2026-08-24 01:00:00,A,A3,8189.0,7000.0,0.1,1.0,0.0,200.0,25.66,VALID,118.9
2026-08-24 01:00:00,B,B1,8021.0,7000.0,0.1,1.0,0.0,200.0,25.3,VALID,102.1
2026-08-24 01:00:00,B,B2,8038.0,7000.0,0.1,1.0,0.0,200.0,25.4,VALID,103.8
2026-08-24 01:00:00,B,B3,8011.0,7000.0,0.1,1.0,0.0,200.0,25.67,VALID,101.1
2026-08-24 01:00:00,C,C1,8373.0,7000.0,0.1,1.0,0.0,200.0,26.11,VALID,137.3
2026-08-24 01:00:00,C,C2,8402.0,7000.0,0.1,1.0,0.0,200.0,25.85,VALID,140.2
2026-08-24 01:00:00,C,C3,8357.0,7000.0,0.1,1.0,0.0,200.0,25.81,VALID,135.7
2026-08-24 01:00:00,D,D1,7939.0,7000.0,0.1,1.0,0.0,200.0,25.61,VALID,93.9
2026-08-24 01:00:00,D,D2,,7000.0,0.1,1.0,0.0,200.0,25.68,INVALID,
2026-08-24 01:00:00,D,D3,7962.0,7000.0,0.1,1.0,0.0,200.0,25.39,VALID,96.2
2026-08-24 01:15:00,A,A1,8186.0,7000.0,0.1,1.0,0.0,200.0,25.79,VALID,118.6
2026-08-24 01:15:00,A,A2,8204.0,7000.0,0.1,1.0,0.0,200.0,26.03,VALID,120.4
2026-08-24 01:15:00,A,A3,8186.0,7000.0,0.1,1.0,0.0,200.0,26.0,VALID,118.6
2026-08-24 01:15:00,B,B1,8016.0,7000.0,0.1,1.0,0.0,200.0,25.83,VALID,101.6
2026-08-24 01:15:00,B,B2,8028.0,7000.0,0.1,1.0,0.0,200.0,25.93,VALID,102.8
2026-08-24 01:15:00,B,B3,8019.0,7000.0,0.1,1.0,0.0,200.0,25.97,VALID,101.9
2026-08-24 01:15:00,C,C1,8353.0,7000.0,0.1,1.0,0.0,200.0,25.84,VALID,135.3
2026-08-24 01:15:00,C,C2,8412.0,7000.0,0.1,1.0,0.0,200.0,26.05,VALID,141.2
2026-08-24 01:15:00,C,C3,8372.0,7000.0,0.1,1.0,0.0,200.0,25.99,VALID,137.2
2026-08-24 01:15:00,D,D1,7936.0,7000.0,0.1,1.0,0.0,200.0,25.88,VALID,93.6
2026-08-24 01:15:00,D,D2,,7000.0,0.1,1.0,0.0,200.0,25.71,INVALID,
2026-08-24 01:15:00,D,D3,7959.0,7000.0,0.1,1.0,0.0,200.0,25.86,VALID,95.9
2026-08-24 01:30:00,A,A1,8184.0,7000.0,0.1,1.0,0.0,200.0,26.03,VALID,118.4
2026-08-24 01:30:00,A,A2,8236.0,7000.0,0.1,1.0,0.0,200.0,26.02,VALID,123.6
2026-08-24 01:30:00,A,A3,8179.0,7000.0,0.1,1.0,0.0,200.0,25.83,VALID,117.9
2026-08-24 01:30:00,B,B1,8026.0,7000.0,0.1,1.0,0.0,200.0,26.42,VALID,102.6
2026-08-24 01:30:00,B,B2,8028.0,7000.0,0.1,1.0,0.0,200.0,26.4,VALID,102.8
2026-08-24 01:30:00,B,B3,8034.0,7000.0,0.1,1.0,0.0,200.0,26.11,VALID,103.4
2026-08-24 01:30:00,C,C1,8355.0,7000.0,0.1,1.0,0.0,200.0,26.18,VALID,135.5
2026-08-24 01:30:00,C,C2,8408.0,7000.0,0.1,1.0,0.0,200.0,26.23,VALID,140.8
2026-08-24 01:30:00,C,C3,8372.0,7000.0,0.1,1.0,0.0,200.0,26.11,VALID,137.2
2026-08-24 01:30:00,D,D1,7965.0,7000.0,0.1,1.0,0.0,200.0,26.2,VALID,96.5
2026-08-24 01:30:00,D,D2,,7000.0,0.1,1.0,0.0,200.0,26.26,INVALID,
2026-08-24 01:30:00,D,D3,7960.0,7000.0,0.1,1.0,0.0,200.0,26.17,VALID,96.0
2026-08-24 01:45:00,A,A1,8198.0,7000.0,0.1,1.0,0.0,200.0,26.47,VALID,119.8
2026-08-24 01:45:00,A,A2,8214.0,7000.0,0.1,1.0,0.0,200.0,26.19,VALID,121.4
2026-08-24 01:45:00,A,A3,8203.0,7000.0,0.1,1.0,0.0,200.0,26.31,VALID,120.3
2026-08-24 01:45:00,B,B1,8019.0,7000.0,0.1,1.0,0.0,200.0,26.86,VALID,101.9
2026-08-24 01:45:00,B,B2,8023.0,7000.0,0.1,1.0,0.0,200.0,26.52,VALID,102.3
2026-08-24 01:45:00,B,B3,8022.0,7000.0,0.1,1.0,0.0,200.0,26.35,VALID,102.2
2026-08-24 01:45:00,C,C1,8383.0,7000.0,0.1,1.0,0.0,200.0,26.13,VALID,138.3
2026-08-24 01:45:00,C,C2,8395.0,7000.0,0.1,1.0,0.0,200.0,26.32,VALID,139.5
2026-08-24 01:45:00,C,C3,8372.0,7000.0,0.1,1.0,0.0,200.0,26.5,VALID,137.2
2026-08-24 01:45:00,D,D1,7945.0,7000.0,0.1,1.0,0.0,200.0,26.46,VALID,94.5
2026-08-24 01:45:00,D,D2,7956.0,7000.0,0.1,1.0,0.0,200.0,25.97,VALID,95.6
2026-08-24 01:45:00,D,D3,7957.0,7000.0,0.1,1.0,0.0,200.0,26.01,VALID,95.7
2026-08-24 02:00:00,A,A1,8205.0,7000.0,0.1,1.0,0.0,200.0,26.19,VALID,120.5
2026-08-24 02:00:00,A,A2,8204.0,7000.0,0.1,1.0,0.0,200.0,26.58,VALID,120.4
2026-08-24 02:00:00,A,A3,8196.0,7000.0,0.1,1.0,0.0,200.0,26.2,VALID,119.6
2026-08-24 02:00:00,B,B1,8042.0,7000.0,0.1,1.0,0.0,200.0,26.3,VALID,104.2
2026-08-24 02:00:00,B,B2,8037.0,7000.0,0.1,1.0,0.0,200.0,26.46,VALID,103.7
2026-08-24 02:00:00,B,B3,8038.0,7000.0,0.1,1.0,0.0,200.0,26.59,VALID,103.8
2026-08-24 02:00:00,C,C1,8354.0,7000.0,0.1,1.0,0.0,200.0,26.43,VALID,135.4
2026-08-24 02:00:00,C,C2,8401.0,7000.0,0.1,1.0,0.0,200.0,26.65,VALID,140.1
2026-08-24 02:00:00,C,C3,8371.0,7000.0,0.1,1.0,0.0,200.0,26.9,VALID,137.1
2026-08-24 02:00:00,D,D1,7944.0,7000.0,0.1,1.0,0.0,200.0,26.5,VALID,94.4
2026-08-24 02:00:00,D,D2,7959.0,7000.0,0.1,1.0,0.0,200.0,26.24,VALID,95.9
2026-08-24 02:00:00,D,D3,7953.0,7000.0,0.1,1.0,0.0,200.0,26.31,VALID,95.3
2026-08-24 02:15:00,A,A1,8189.0,7000.0,0.1,1.0,0.0,200.0,26.47,VALID,118.9
2026-08-24 02:15:00,A,A2,8221.0,7000.0,0.1,1.0,0.0,200.0,26.51,VALID,122.1
2026-08-24 02:15:00,A,A3,8195.0,7000.0,0.1,1.0,0.0,200.0,26.59,VALID,119.5
2026-08-24 02:15:00,B,B1,8034.0,7000.0,0.1,1.0,0.0,200.0,26.71,VALID,103.4
2026-08-24 02:15:00,B,B2,8039.0,7000.0,0.1,1.0,0.0,200.0,26.38,VALID,103.9
2026-08-24 02:15:00,B,B3,8023.0,7000.0,0.1,1.0,0.0,200.0,26.41,VALID,102.3
2026-08-24 02:15:00,C,C1,8375.0,7000.0,0.1,1.0,0.0,200.0,26.77,VALID,137.5
2026-08-24 02:15:00,C,C2,8397.0,7000.0,0.1,1.0,0.0,200.0,26.55,VALID,139.7
2026-08-24 02:15:00,C,C3,8376.0,7000.0,0.1,1.0,0.0,200.0,26.49,VALID,137.6
2026-08-24 02:15:00,D,D1,7957.0,7000.0,0.1,1.0,0.0,200.0,26.61,VALID,95.7
2026-08-24 02:15:00,D,D2,7990.0,7000.0,0.1,1.0,0.0,200.0,26.92,VALID,99.0
2026-08-24 02:15:00,D,D3,7975.0,7000.0,0.1,1.0,0.0,200.0,26.8,VALID,97.5
2026-08-24 02:30:00,A,A1,8191.0,7000.0,0.1,1.0,0.0,200.0,26.95,VALID,119.1
2026-08-24 02:30:00,A,A2,8214.0,7000.0,0.1,1.0,0.0,200.0,27.15,VALID,121.4
2026-08-24 02:30:00,A,A3,8208.0,7000.0,0.1,1.0,0.0,200.0,26.88,VALID,120.8
2026-08-24 02:30:00,B,B1,8028.0,7000.0,0.1,1.0,0.0,200.0,27.17,VALID,102.8
2026-08-24 02:30:00,B,B2,8029.0,7000.0,0.1,1.0,0.0,200.0,27.19,VALID,102.9
2026-08-24 02:30:00,B,B3,8033.0,7000.0,0.1,1.0,0.0,200.0,26.55,VALID,103.3
2026-08-24 02:30:00,C,C1,8358.0,7000.0,0.1,1.0,0.0,200.0,26.5,VALID,135.8
2026-08-24 02:30:00,C,C2,8413.0,7000.0,0.1,1.0,0.0,200.0,26.62,VALID,141.3
2026-08-24 02:30:00,C,C3,8386.0,7000.0,0.1,1.0,0.0,200.0,27.05,VALID,138.6
2026-08-24 02:30:00,D,D1,7949.0,7000.0,0.1,1.0,0.0,200.0,26.77,VALID,94.9
2026-08-24 02:30:00,D,D2,7961.0,7000.0,0.1,1.0,0.0,200.0,26.75,VALID,96.1
2026-08-24 02:30:00,D,D3,7988.0,7000.0,0.1,1.0,0.0,200.0,26.98,VALID,98.8
2026-08-24 02:45:00,A,A1,8194.0,7000.0,0.1,1.0,0.0,200.0,26.86,VALID,119.4
2026-08-24 02:45:00,A,A2,8218.0,7000.0,0.1,1.0,0.0,200.0,27.0,VALID,121.8
2026-08-24 02:45:00,A,A3,8203.0,7000.0,0.1,1.0,0.0,200.0,27.08,VALID,120.3
2026-08-24 02:45:00,B,B1,8020.0,7000.0,0.1,1.0,0.0,200.0,26.79,VALID,102.0
2026-08-24 02:45:00,B,B2,8047.0,7000.0,0.1,1.0,0.0,200.0,26.74,VALID,104.7
2026-08-24 02:45:00,B,B3,8043.0,7000.0,0.1,1.0,0.0,200.0,26.98,VALID,104.3
2026-08-24 02:45:00,C,C1,8350.0,7000.0,0.1,1.0,0.0,200.0,27.0,VALID,135.0
2026-08-24 02:45:00,C,C2,8393.0,7000.0,0.1,1.0,0.0,200.0,27.12,VALID,139.3
2026-08-24 02:45:00,C,C3,8384.0,7000.0,0.1,1.0,0.0,200.0,27.35,VALID,138.4
2026-08-24 02:45:00,D,D1,7966.0,7000.0,0.1,1.0,0.0,200.0,26.77,VALID,96.6
2026-08-24 02:45:00,D,D2,7956.0,7000.0,0.1,1.0,0.0,200.0,26.83,VALID,95.6
2026-08-24 02:45:00,D,D3,7955.0,7000.0,0.1,1.0,0.0,200.0,27.34,VALID,95.5
2026-08-24 03:00:00,A,A1,8198.0,7000.0,0.1,1.0,0.0,200.0,27.31,VALID,119.8
2026-08-24 03:00:00,A,A2,8217.0,7000.0,0.1,1.0,0.0,200.0,27.09,VALID,121.7
2026-08-24 03:00:00,A,A3,8208.0,7000.0,0.1,1.0,0.0,200.0,27.34,VALID,120.8
2026-08-24 03:00:00,B,B1,8033.0,7000.0,0.1,1.0,0.0,200.0,26.91,VALID,103.3
2026-08-24 03:00:00,B,B2,8059.0,7000.0,0.1,1.0,0.0,200.0,27.06,VALID,105.9
2026-08-24 03:00:00,B,B3,8034.0,7000.0,0.1,1.0,0.0,200.0,26.56,VALID,103.4
2026-08-24 03:00:00,C,C1,8374.0,7000.0,0.1,1.0,0.0,200.0,27.14,VALID,137.4
2026-08-24 03:00:00,C,C2,8411.0,7000.0,0.1,1.0,0.0,200.0,27.04,VALID,141.1
2026-08-24 03:00:00,C,C3,8383.0,7000.0,0.1,1.0,0.0,200.0,27.05,VALID,138.3
2026-08-24 03:00:00,D,D1,7962.0,7000.0,0.1,1.0,0.0,200.0,27.25,VALID,96.2
2026-08-24 03:00:00,D,D2,7974.0,7000.0,0.1,1.0,0.0,200.0,27.31,VALID,97.4
2026-08-24 03:00:00,D,D3,7967.0,7000.0,0.1,1.0,0.0,200.0,27.02,VALID,96.7
2026-08-24 03:15:00,A,A1,8201.0,7000.0,0.1,1.0,0.0,200.0,26.98,VALID,120.1
2026-08-24 03:15:00,A,A2,8223.0,7000.0,0.1,1.0,0.0,200.0,26.95,VALID,122.3
2026-08-24 03:15:00,A,A3,8200.0,7000.0,0.1,1.0,0.0,200.0,26.85,VALID,120.0
2026-08-24 03:15:00,B,B1,8030.0,7000.0,0.1,1.0,0.0,200.0,27.58,VALID,103.0
2026-08-24 03:15:00,B,B2,8045.0,7000.0,0.1,1.0,0.0,200.0,27.38,VALID,104.5
2026-08-24 03:15:00,B,B3,8060.0,7000.0,0.1,1.0,0.0,200.0,27.34,VALID,106.0
2026-08-24 03:15:00,C,C1,8362.0,7000.0,0.1,1.0,0.0,200.0,27.13,VALID,136.2
2026-08-24 03:15:00,C,C2,8411.0,7000.0,0.1,1.0,0.0,200.0,27.13,VALID,141.1
2026-08-24 03:15:00,C,C3,8384.0,7000.0,0.1,1.0,0.0,200.0,27.45,VALID,138.4
2026-08-24 03:15:00,D,D1,7969.0,7000.0,0.1,1.0,0.0,200.0,26.93,VALID,96.9
2026-08-24 03:15:00,D,D2,7970.0,7000.0,0.1,1.0,0.0,200.0,27.16,VALID,97.0
2026-08-24 03:15:00,D,D3,7975.0,7000.0,0.1,1.0,0.0,200.0,27.48,VALID,97.5
2026-08-24 03:30:00,A,A1,8225.0,7000.0,0.1,1.0,0.0,200.0,27.29,VALID,122.5
2026-08-24 03:30:00,A,A2,8219.0,7000.0,0.1,1.0,0.0,200.0,27.5,VALID,121.9
2026-08-24 03:30:00,A,A3,8204.0,7000.0,0.1,1.0,0.0,200.0,27.35,VALID,120.4
2026-08-24 03:30:00,B,B1,8029.0,7000.0,0.1,1.0,0.0,200.0,26.86,VALID,102.9
2026-08-24 03:30:00,B,B2,8049.0,7000.0,0.1,1.0,0.0,200.0,27.34,VALID,104.9
2026-08-24 03:30:00,B,B3,8052.0,7000.0,0.1,1.0,0.0,200.0,27.38,VALID,105.2
2026-08-24 03:30:00,C,C1,8359.0,7000.0,0.1,1.0,0.0,200.0,27.33,VALID,135.9
2026-08-24 03:30:00,C,C2,8394.0,7000.0,0.1,1.0,0.0,200.0,27.14,VALID,139.4
2026-08-24 03:30:00,C,C3,8396.0,7000.0,0.1,1.0,0.0,200.0,27.33,VALID,139.6
2026-08-24 03:30:00,D,D1,7969.0,7000.0,0.1,1.0,0.0,200.0,26.99,VALID,96.9
2026-08-24 03:30:00,D,D2,7976.0,7000.0,0.1,1.0,0.0,200.0,27.28,VALID,97.6
2026-08-24 03:30:00,D,D3,7979.0,7000.0,0.1,1.0,0.0,200.0,27.51,VALID,97.9
2026-08-24 03:45:00,A,A1,8208.0,7000.0,0.1,1.0,0.0,200.0,27.8,VALID,120.8
2026-08-24 03:45:00,A,A2,8221.0,7000.0,0.1,1.0,0.0,200.0,27.76,VALID,122.1
2026-08-24 03:45:00,A,A3,8202.0,7000.0,0.1,1.0,0.0,200.0,27.28,VALID,120.2
2026-08-24 03:45:00,B,B1,8041.0,7000.0,0.1,1.0,0.0,200.0,27.19,VALID,104.1
2026-08-24 03:45:00,B,B2,8054.0,7000.0,0.1,1.0,0.0,200.0,27.51,VALID,105.4
2026-08-24 03:45:00,B,B3,8052.0,7000.0,0.1,1.0,0.0,200.0,27.48,VALID,105.2
2026-08-24 03:45:00,C,C1,8372.0,7000.0,0.1,1.0,0.0,200.0,27.6,VALID,137.2
2026-08-24 03:45:00,C,C2,8408.0,7000.0,0.1,1.0,0.0,200.0,27.35,VALID,140.8
2026-08-24 03:45:00,C,C3,8396.0,7000.0,0.1,1.0,0.0,200.0,27.49,VALID,139.6
2026-08-24 03:45:00,D,D1,7958.0,7000.0,0.1,1.0,0.0,200.0,27.48,VALID,95.8
2026-08-24 03:45:00,D,D2,7994.0,7000.0,0.1,1.0,0.0,200.0,27.41,VALID,99.4
2026-08-24 03:45:00,D,D3,7968.0,7000.0,0.1,1.0,0.0,200.0,27.15,VALID,96.8
2026-08-24 04:00:00,A,A1,8203.0,7000.0,0.1,1.0,0.0,200.0,27.73,VALID,120.3
2026-08-24 04:00:00,A,A2,8233.0,7000.0,0.1,1.0,0.0,200.0,27.62,VALID,123.3
2026-08-24 04:00:00,A,A3,8222.0,7000.0,0.1,1.0,0.0,200.0,27.74,VALID,122.2
2026-08-24 04:00:00,B,B1,8045.0,7000.0,0.1,1.0,0.0,200.0,27.79,VALID,104.5
2026-08-24 04:00:00,B,B2,8064.0,7000.0,0.1,1.0,0.0,200.0,27.56,VALID,106.4
2026-08-24 04:00:00,B,B3,8031.0,7000.0,0.1,1.0,0.0,200.0,27.73,VALID,103.1
2026-08-24 04:00:00,C,C1,8380.0,7000.0,0.1,1.0,0.0,200.0,27.91,VALID,138.0
2026-08-24 04:00:00,C,C2,8427.0,7000.0,0.1,1.0,0.0,200.0,27.99,VALID,142.7
2026-08-24 04:00:00,C,C3,8399.0,7000.0,0.1,1.0,0.0,200.0,27.64,VALID,139.9
2026-08-24 04:00:00,D,D1,7951.0,7000.0,0.1,1.0,0.0,200.0,27.66,VALID,95.1
2026-08-24 04:00:00,D,D2,7976.0,7000.0,0.1,1.0,0.0,200.0,27.64,VALID,97.6
2026-08-24 04:00:00,D,D3,7973.0,7000.0,0.1,1.0,0.0,200.0,27.69,VALID,97.3
2026-08-24 04:15:00,A,A1,8203.0,7000.0,0.1,1.0,0.0,200.0,27.88,VALID,120.3
2026-08-24 04:15:00,A,A2,8202.0,7000.0,0.1,1.0,0.0,200.0,27.73,VALID,120.2
2026-08-24 04:15:00,A,A3,8225.0,7000.0,0.1,1.0,0.0,200.0,28.06,VALID,122.5
2026-08-24 04:15:00,B,B1,8043.0,7000.0,0.1,1.0,0.0,200.0,28.03,VALID,104.3
2026-08-24 04:15:00,B,B2,8053.0,7000.0,0.1,1.0,0.0,200.0,27.69,VALID,105.3
2026-08-24 04:15:00,B,B3,8049.0,7000.0,0.1,1.0,0.0,200.0,27.69,VALID,104.9
2026-08-24 04:15:00,C,C1,8367.0,7000.0,0.1,1.0,0.0,200.0,27.59,VALID,136.7
2026-08-24 04:15:00,C,C2,8406.0,7000.0,0.1,1.0,0.0,200.0,27.8,VALID,140.6
2026-08-24 04:15:00,C,C3,8394.0,7000.0,0.1,1.0,0.0,200.0,27.62,VALID,139.4
2026-08-24 04:15:00,D,D1,7959.0,7000.0,0.1,1.0,0.0,200.0,27.79,VALID,95.9
2026-08-24 04:15:00,D,D2,7989.0,7000.0,0.1,1.0,0.0,200.0,27.46,VALID,98.9
2026-08-24 04:15:00,D,D3,7962.0,7000.0,0.1,1.0,0.0,200.0,27.88,VALID,96.2
2026-08-24 04:30:00,A,A1,8193.0,7000.0,0.1,1.0,0.0,200.0,27.88,VALID,119.3
2026-08-24 04:30:00,A,A2,8241.0,7000.0,0.1,1.0,0.0,200.0,28.1,VALID,124.1
2026-08-24 04:30:00,A,A3,8222.0,7000.0,0.1,1.0,0.0,200.0,27.91,VALID,122.2
2026-08-24 04:30:00,B,B1,8057.0,7000.0,0.1,1.0,0.0,200.0,27.3,VALID,105.7
2026-08-24 04:30:00,B,B2,8048.0,7000.0,0.1,1.0,0.0,200.0,27.94,VALID,104.8
2026-08-24 04:30:00,B,B3,8042.0,7000.0,0.1,1.0,0.0,200.0,28.02,VALID,104.2
2026-08-24 04:30:00,C,C1,8375.0,7000.0,0.1,1.0,0.0,200.0,27.8,VALID,137.5
2026-08-24 04:30:00,C,C2,8414.0,7000.0,0.1,1.0,0.0,200.0,27.67,VALID,141.4
2026-08-24 04:30:00,C,C3,8390.0,7000.0,0.1,1.0,0.0,200.0,27.83,VALID,139.0
2026-08-24 04:30:00,D,D1,7958.0,7000.0,0.1,1.0,0.0,200.0,27.96,VALID,95.8
2026-08-24 04:30:00,D,D2,7989.0,7000.0,0.1,1.0,0.0,200.0,27.99,VALID,98.9
2026-08-24 04:30:00,D,D3,7965.0,7000.0,0.1,1.0,0.0,200.0,27.43,VALID,96.5
2026-08-24 04:45:00,A,A1,8206.0,7000.0,0.1,1.0,0.0,200.0,28.42,VALID,120.6
2026-08-24 04:45:00,A,A2,8239.0,7000.0,0.1,1.0,0.0,200.0,27.73,VALID,123.9
2026-08-24 04:45:00,A,A3,8220.0,7000.0,0.1,1.0,0.0,200.0,27.99,VALID,122.0
2026-08-24 04:45:00,B,B1,8025.0,7000.0,0.1,1.0,0.0,200.0,28.11,VALID,102.5
2026-08-24 04:45:00,B,B2,8051.0,7000.0,0.1,1.0,0.0,200.0,27.82,VALID,105.1
2026-08-24 04:45:00,B,B3,8046.0,7000.0,0.1,1.0,0.0,200.0,28.07,VALID,104.6
2026-08-24 04:45:00,C,C1,8369.0,7000.0,0.1,1.0,0.0,200.0,27.5,VALID,136.9
2026-08-24 04:45:00,C,C2,8421.0,7000.0,0.1,1.0,0.0,200.0,27.43,VALID,142.1
2026-08-24 04:45:00,C,C3,8393.0,7000.0,0.1,1.0,0.0,200.0,28.08,VALID,139.3
2026-08-24 04:45:00,D,D1,7971.0,7000.0,0.1,1.0,0.0,200.0,28.05,VALID,97.1
2026-08-24 04:45:00,D,D2,7989.0,7000.0,0.1,1.0,0.0,200.0,28.32,VALID,98.9
2026-08-24 04:45:00,D,D3,7970.0,7000.0,0.1,1.0,0.0,200.0,27.92,VALID,97.0
2026-08-24 05:00:00,A,A1,8202.0,7000.0,0.1,1.0,0.0,200.0,28.09,VALID,120.2
2026-08-24 05:00:00,A,A2,8228.0,7000.0,0.1,1.0,0.0,200.0,28.24,VALID,122.8
2026-08-24 05:00:00,A,A3,8212.0,7000.0,0.1,1.0,0.0,200.0,28.18,VALID,121.2
2026-08-24 05:00:00,B,B1,8044.0,7000.0,0.1,1.0,0.0,200.0,27.89,VALID,104.4
2026-08-24 05:00:00,B,B2,8058.0,7000.0,0.1,1.0,0.0,200.0,27.95,VALID,105.8
2026-08-24 05:00:00,B,B3,8050.0,7000.0,0.1,1.0,0.0,200.0,27.86,VALID,105.0
2026-08-24 05:00:00,C,C1,8370.0,7000.0,0.1,1.0,0.0,200.0,27.83,VALID,137.0
2026-08-24 05:00:00,C,C2,8403.0,7000.0,0.1,1.0,0.0,200.0,28.07,VALID,140.3
2026-08-24 05:00:00,C,C3,8385.0,7000.0,0.1,1.0,0.0,200.0,27.85,VALID,138.5
2026-08-24 05:00:00,D,D1,7972.0,7000.0,0.1,1.0,0.0,200.0,28.07,VALID,97.2
2026-08-24 05:00:00,D,D2,7968.0,7000.0,0.1,1.0,0.0,200.0,27.88,VALID,96.8
2026-08-24 05:00:00,D,D3,7981.0,7000.0,0.1,1.0,0.0,200.0,27.91,VALID,98.1
2026-08-24 05:15:00,A,A1,8219.0,7000.0,0.1,1.0,0.0,200.0,27.78,VALID,121.9
2026-08-24 05:15:00,A,A2,6850.0,7000.0,0.1,1.0,0.0,200.0,28.1,VALID,-15.0
2026-08-24 05:15:00,A,A3,8212.0,7000.0,0.1,1.0,0.0,200.0,27.59,VALID,121.2
2026-08-24 05:15:00,B,B1,8038.0,7000.0,0.1,1.0,0.0,200.0,28.19,VALID,103.8
2026-08-24 05:15:00,B,B2,8043.0,7000.0,0.1,1.0,0.0,200.0,28.41,VALID,104.3
2026-08-24 05:15:00,B,B3,8039.0,7000.0,0.1,1.0,0.0,200.0,27.96,VALID,103.9
2026-08-24 05:15:00,C,C1,8366.0,7000.0,0.1,1.0,0.0,200.0,27.95,VALID,136.6
2026-08-24 05:15:00,C,C2,8418.0,7000.0,0.1,1.0,0.0,200.0,27.64,VALID,141.8
2026-08-24 05:15:00,C,C3,8422.0,7000.0,0.1,1.0,0.0,200.0,27.84,VALID,142.2
2026-08-24 05:15:00,D,D1,7963.0,7000.0,0.1,1.0,0.0,200.0,28.14,VALID,96.3
2026-08-24 05:15:00,D,D2,8001.0,7000.0,0.1,1.0,0.0,200.0,28.17,VALID,100.1
2026-08-24 05:15:00,D,D3,7966.0,7000.0,0.1,1.0,0.0,200.0,27.99,VALID,96.6
2026-08-24 05:30:00,A,A1,8190.0,7000.0,0.1,1.0,0.0,200.0,28.15,VALID,119.0
2026-08-24 05:30:00,A,A2,6850.0,7000.0,0.1,1.0,0.0,200.0,27.81,VALID,-15.0
2026-08-24 05:30:00,A,A3,8217.0,7000.0,0.1,1.0,0.0,200.0,28.06,VALID,121.7
2026-08-24 05:30:00,B,B1,8037.0,7000.0,0.1,1.0,0.0,200.0,28.28,VALID,103.7
2026-08-24 05:30:00,B,B2,8061.0,7000.0,0.1,1.0,0.0,200.0,28.1,VALID,106.1
2026-08-24 05:30:00,B,B3,8036.0,7000.0,0.1,1.0,0.0,200.0,28.31,VALID,103.6
2026-08-24 05:30:00,C,C1,8370.0,7000.0,0.1,1.0,0.0,200.0,28.32,VALID,137.0
2026-08-24 05:30:00,C,C2,8438.0,7000.0,0.1,1.0,0.0,200.0,28.08,VALID,143.8
2026-08-24 05:30:00,C,C3,8407.0,7000.0,0.1,1.0,0.0,200.0,27.36,VALID,140.7
2026-08-24 05:30:00,D,D1,7966.0,7000.0,0.1,1.0,0.0,200.0,28.19,VALID,96.6
2026-08-24 05:30:00,D,D2,7994.0,7000.0,0.1,1.0,0.0,200.0,27.73,VALID,99.4
2026-08-24 05:30:00,D,D3,7975.0,7000.0,0.1,1.0,0.0,200.0,27.47,VALID,97.5
2026-08-24 05:45:00,A,A1,8211.0,7000.0,0.1,1.0,0.0,200.0,27.62,VALID,121.1
2026-08-24 05:45:00,A,A2,6850.0,7000.0,0.1,1.0,0.0,200.0,28.23,VALID,-15.0
2026-08-24 05:45:00,A,A3,8213.0,7000.0,0.1,1.0,0.0,200.0,28.1,VALID,121.3
2026-08-24 05:45:00,B,B1,8038.0,7000.0,0.1,1.0,0.0,200.0,28.04,VALID,103.8
2026-08-24 05:45:00,B,B2,8044.0,7000.0,0.1,1.0,0.0,200.0,28.12,VALID,104.4
2026-08-24 05:45:00,B,B3,8033.0,7000.0,0.1,1.0,0.0,200.0,27.63,VALID,103.3
2026-08-24 05:45:00,C,C1,8377.0,7000.0,0.1,1.0,0.0,200.0,27.95,VALID,137.7
2026-08-24 05:45:00,C,C2,8422.0,7000.0,0.1,1.0,0.0,200.0,27.86,VALID,142.2
2026-08-24 05:45:00,C,C3,8415.0,7000.0,0.1,1.0,0.0,200.0,28.03,VALID,141.5
2026-08-24 05:45:00,D,D1,7970.0,7000.0,0.1,1.0,0.0,200.0,28.03,VALID,97.0
2026-08-24 05:45:00,D,D2,7995.0,7000.0,0.1,1.0,0.0,200.0,28.11,VALID,99.5
2026-08-24 05:45:00,D,D3,7982.0,7000.0,0.1,1.0,0.0,200.0,28.14,VALID,98.2
2026-08-24 06:00:00,A,A1,8191.0,7000.0,0.1,1.0,0.0,200.0,27.64,VALID,119.1
2026-08-24 06:00:00,A,A2,6850.0,7000.0,0.1,1.0,0.0,200.0,27.96,VALID,-15.0
2026-08-24 06:00:00,A,A3,8223.0,7000.0,0.1,1.0,0.0,200.0,28.0,VALID,122.3
2026-08-24 06:00:00,B,B1,8045.0,7000.0,0.1,1.0,0.0,200.0,27.75,VALID,104.5
2026-08-24 06:00:00,B,B2,8055.0,7000.0,0.1,1.0,0.0,200.0,27.73,VALID,105.5
2026-08-24 06:00:00,B,B3,8051.0,7000.0,0.1,1.0,0.0,200.0,27.62,VALID,105.1
2026-08-24 06:00:00,C,C1,8381.0,7000.0,0.1,1.0,0.0,200.0,27.71,VALID,138.1
2026-08-24 06:00:00,C,C2,8416.0,7000.0,0.1,1.0,0.0,200.0,28.18,VALID,141.6
2026-08-24 06:00:00,C,C3,8400.0,7000.0,0.1,1.0,0.0,200.0,27.67,VALID,140.0
2026-08-24 06:00:00,D,D1,7962.0,7000.0,0.1,1.0,0.0,200.0,27.7,VALID,96.2
2026-08-24 06:00:00,D,D2,7971.0,7000.0,0.1,1.0,0.0,200.0,28.02,VALID,97.1
2026-08-24 06:00:00,D,D3,7983.0,7000.0,0.1,1.0,0.0,200.0,28.09,VALID,98.3
2026-08-24 06:15:00,A,A1,8213.0,7000.0,0.1,1.0,0.0,200.0,27.99,VALID,121.3
2026-08-24 06:15:00,A,A2,6850.0,7000.0,0.1,1.0,0.0,200.0,27.78,VALID,-15.0
2026-08-24 06:15:00,A,A3,8214.0,7000.0,0.1,1.0,0.0,200.0,27.73,VALID,121.4
2026-08-24 06:15:00,B,B1,8032.0,7000.0,0.1,1.0,0.0,200.0,28.01,VALID,103.2
2026-08-24 06:15:00,B,B2,8054.0,7000.0,0.1,1.0,0.0,200.0,28.61,VALID,105.4
2026-08-24 06:15:00,B,B3,8036.0,7000.0,0.1,1.0,0.0,200.0,27.97,VALID,103.6
2026-08-24 06:15:00,C,C1,8365.0,7000.0,0.1,1.0,0.0,200.0,27.92,VALID,136.5
2026-08-24 06:15:00,C,C2,8417.0,7000.0,0.1,1.0,0.0,200.0,28.16,VALID,141.7
2026-08-24 06:15:00,C,C3,8394.0,7000.0,0.1,1.0,0.0,200.0,27.96,VALID,139.4
2026-08-24 06:15:00,D,D1,7964.0,7000.0,0.1,1.0,0.0,200.0,27.71,VALID,96.4
2026-08-24 06:15:00,D,D2,7980.0,7000.0,0.1,1.0,0.0,200.0,27.92,VALID,98.0
2026-08-24 06:15:00,D,D3,7979.0,7000.0,0.1,1.0,0.0,200.0,28.11,VALID,97.9
2026-08-24 06:30:00,A,A1,8206.0,7000.0,0.1,1.0,0.0,200.0,27.92,VALID,120.6
2026-08-24 06:30:00,A,A2,6850.0,7000.0,0.1,1.0,0.0,200.0,28.08,VALID,-15.0
2026-08-24 06:30:00,A,A3,8212.0,7000.0,0.1,1.0,0.0,200.0,28.12,VALID,121.2
2026-08-24 06:30:00,B,B1,8052.0,7000.0,0.1,1.0,0.0,200.0,27.94,VALID,105.2
2026-08-24 06:30:00,B,B2,8046.0,7000.0,0.1,1.0,0.0,200.0,27.97,VALID,104.6
2026-08-24 06:30:00,B,B3,8051.0,7000.0,0.1,1.0,0.0,200.0,27.91,VALID,105.1
2026-08-24 06:30:00,C,C1,8373.0,7000.0,0.1,1.0,0.0,200.0,28.09,VALID,137.3
2026-08-24 06:30:00,C,C2,8424.0,7000.0,0.1,1.0,0.0,200.0,27.91,VALID,142.4
2026-08-24 06:30:00,C,C3,8383.0,7000.0,0.1,1.0,0.0,200.0,28.07,VALID,138.3
2026-08-24 06:30:00,D,D1,7961.0,7000.0,0.1,1.0,0.0,200.0,28.02,VALID,96.1
2026-08-24 06:30:00,D,D2,7987.0,7000.0,0.1,1.0,0.0,200.0,27.6,VALID,98.7
2026-08-24 06:30:00,D,D3,7979.0,7000.0,0.1,1.0,0.0,200.0,28.08,VALID,97.9
2026-08-24 06:45:00,A,A1,8213.0,7000.0,0.1,1.0,0.0,200.0,27.97,VALID,121.3
2026-08-24 06:45:00,A,A2,6850.0,7000.0,0.1,1.0,0.0,200.0,28.2,VALID,-15.0
2026-08-24 06:45:00,A,A3,8221.0,7000.0,0.1,1.0,0.0,200.0,27.7,VALID,122.1
2026-08-24 06:45:00,B,B1,8033.0,7000.0,0.1,1.0,0.0,200.0,27.99,VALID,103.3
2026-08-24 06:45:00,B,B2,8061.0,7000.0,0.1,1.0,0.0,200.0,27.84,VALID,106.1
2026-08-24 06:45:00,B,B3,8055.0,7000.0,0.1,1.0,0.0,200.0,27.58,VALID,105.5
2026-08-24 06:45:00,C,C1,8368.0,7000.0,0.1,1.0,0.0,200.0,27.53,VALID,136.8
2026-08-24 06:45:00,C,C2,8412.0,7000.0,0.1,1.0,0.0,200.0,28.24,VALID,141.2
2026-08-24 06:45:00,C,C3,8416.0,7000.0,0.1,1.0,0.0,200.0,27.99,VALID,141.6
2026-08-24 06:45:00,D,D1,7962.0,7000.0,0.1,1.0,0.0,200.0,27.9,VALID,96.2
2026-08-24 06:45:00,D,D2,7990.0,7000.0,0.1,1.0,0.0,200.0,27.63,VALID,99.0
2026-08-24 06:45:00,D,D3,7972.0,7000.0,0.1,1.0,0.0,200.0,28.23,VALID,97.2
2026-08-24 07:00:00,A,A1,8198.0,7000.0,0.1,1.0,0.0,200.0,27.75,VALID,119.8
2026-08-24 07:00:00,A,A2,6850.0,7000.0,0.1,1.0,0.0,200.0,27.95,VALID,-15.0
2026-08-24 07:00:00,A,A3,8212.0,7000.0,0.1,1.0,0.0,200.0,27.91,VALID,121.2
2026-08-24 07:00:00,B,B1,8045.0,7000.0,0.1,1.0,0.0,200.0,28.29,VALID,104.5
2026-08-24 07:00:00,B,B2,8053.0,7000.0,0.1,1.0,0.0,200.0,27.89,VALID,105.3
2026-08-24 07:00:00,B,B3,8061.0,7000.0,0.1,1.0,0.0,200.0,27.79,VALID,106.1
2026-08-24 07:00:00,C,C1,8365.0,7000.0,0.1,1.0,0.0,200.0,27.95,VALID,136.5
2026-08-24 07:00:00,C,C2,8429.0,7000.0,0.1,1.0,0.0,200.0,27.97,VALID,142.9
2026-08-24 07:00:00,C,C3,8396.0,7000.0,0.1,1.0,0.0,200.0,27.61,VALID,139.6
2026-08-24 07:00:00,D,D1,7967.0,7000.0,0.1,1.0,0.0,200.0,28.14,VALID,96.7
2026-08-24 07:00:00,D,D2,7974.0,7000.0,0.1,1.0,0.0,200.0,27.85,VALID,97.4
2026-08-24 07:00:00,D,D3,7974.0,7000.0,0.1,1.0,0.0,200.0,27.76,VALID,97.4
2026-08-24 07:15:00,A,A1,8209.0,7000.0,0.1,1.0,0.0,200.0,27.93,VALID,120.9
2026-08-24 07:15:00,A,A2,6850.0,7000.0,0.1,1.0,0.0,200.0,27.65,VALID,-15.0
2026-08-24 07:15:00,A,A3,8202.0,7000.0,0.1,1.0,0.0,200.0,27.89,VALID,120.2
2026-08-24 07:15:00,B,B1,8034.0,7000.0,0.1,1.0,0.0,200.0,28.21,VALID,103.4
2026-08-24 07:15:00,B,B2,8071.0,7000.0,0.1,1.0,0.0,200.0,28.24,VALID,107.1
2026-08-24 07:15:00,B,B3,8038.0,7000.0,0.1,1.0,0.0,200.0,27.95,VALID,103.8
2026-08-24 07:15:00,C,C1,8385.0,7000.0,0.1,1.0,0.0,200.0,27.99,VALID,138.5
2026-08-24 07:15:00,C,C2,8416.0,7000.0,0.1,1.0,0.0,200.0,28.1,VALID,141.6
2026-08-24 07:15:00,C,C3,8397.0,7000.0,0.1,1.0,0.0,200.0,27.87,VALID,139.7
2026-08-24 07:15:00,D,D1,7953.0,7000.0,0.1,1.0,0.0,200.0,27.97,VALID,95.3
2026-08-24 07:15:00,D,D2,7983.0,7000.0,0.1,1.0,0.0,200.0,27.93,VALID,98.3
2026-08-24 07:15:00,D,D3,7979.0,7000.0,0.1,1.0,0.0,200.0,27.88,VALID,97.9
2026-08-24 07:30:00,A,A1,8206.0,7000.0,0.1,1.0,0.0,200.0,27.93,VALID,120.6
2026-08-24 07:30:00,A,A2,6850.0,7000.0,0.1,1.0,0.0,200.0,27.48,VALID,-15.0
2026-08-24 07:30:00,A,A3,8221.0,7000.0,0.1,1.0,0.0,200.0,27.61,VALID,122.1
2026-08-24 07:30:00,B,B1,8026.0,7000.0,0.1,1.0,0.0,200.0,27.57,VALID,102.6
2026-08-24 07:30:00,B,B2,8056.0,7000.0,0.1,1.0,0.0,200.0,27.75,VALID,105.6
2026-08-24 07:30:00,B,B3,8027.0,7000.0,0.1,1.0,0.0,200.0,27.69,VALID,102.7
2026-08-24 07:30:00,C,C1,8387.0,7000.0,0.1,1.0,0.0,200.0,27.68,VALID,138.7
2026-08-24 07:30:00,C,C2,8417.0,7000.0,0.1,1.0,0.0,200.0,27.98,VALID,141.7
2026-08-24 07:30:00,C,C3,8403.0,7000.0,0.1,1.0,0.0,200.0,27.98,VALID,140.3
2026-08-24 07:30:00,D,D1,7941.0,7000.0,0.1,1.0,0.0,200.0,28.12,VALID,94.1
2026-08-24 07:30:00,D,D2,7990.0,7000.0,0.1,1.0,0.0,200.0,28.26,VALID,99.0
2026-08-24 07:30:00,D,D3,7969.0,7000.0,0.1,1.0,0.0,200.0,27.42,VALID,96.9
2026-08-24 07:45:00,A,A1,8206.0,7000.0,0.1,1.0,0.0,200.0,27.64,VALID,120.6
2026-08-24 07:45:00,A,A2,6850.0,7000.0,0.1,1.0,0.0,200.0,27.91,VALID,-15.0
2026-08-24 07:45:00,A,A3,8215.0,7000.0,0.1,1.0,0.0,200.0,27.64,VALID,121.5
2026-08-24 07:45:00,B,B1,8042.0,7000.0,0.1,1.0,0.0,200.0,27.64,VALID,104.2
2026-08-24 07:45:00,B,B2,8050.0,7000.0,0.1,1.0,0.0,200.0,27.9,VALID,105.0
2026-08-24 07:45:00,B,B3,8057.0,7000.0,0.1,1.0,0.0,200.0,27.91,VALID,105.7
2026-08-24 07:45:00,C,C1,8374.0,7000.0,0.1,1.0,0.0,200.0,27.26,VALID,137.4
2026-08-24 07:45:00,C,C2,8416.0,7000.0,0.1,1.0,0.0,200.0,27.54,VALID,141.6
2026-08-24 07:45:00,C,C3,8394.0,7000.0,0.1,1.0,0.0,200.0,27.56,VALID,139.4
2026-08-24 07:45:00,D,D1,7965.0,7000.0,0.1,1.0,0.0,200.0,27.48,VALID,96.5
2026-08-24 07:45:00,D,D2,7972.0,7000.0,0.1,1.0,0.0,200.0,27.94,VALID,97.2
2026-08-24 07:45:00,D,D3,7967.0,7000.0,0.1,1.0,0.0,200.0,27.69,VALID,96.7
2026-08-24 08:00:00,A,A1,8213.0,7000.0,0.1,1.0,0.0,200.0,27.78,VALID,121.3
2026-08-24 08:00:00,A,A2,8234.0,7000.0,0.1,1.0,0.0,200.0,27.66,VALID,123.4
2026-08-24 08:00:00,A,A3,8221.0,7000.0,0.1,1.0,0.0,200.0,27.87,VALID,122.1
2026-08-24 08:00:00,B,B1,8041.0,7000.0,0.1,1.0,0.0,200.0,27.23,VALID,104.1
2026-08-24 08:00:00,B,B2,8047.0,7000.0,0.1,1.0,0.0,200.0,27.74,VALID,104.7
2026-08-24 08:00:00,B,B3,8039.0,7000.0,0.1,1.0,0.0,200.0,27.92,VALID,103.9
2026-08-24 08:00:00,C,C1,8374.0,7000.0,0.1,1.0,0.0,200.0,27.62,VALID,137.4
2026-08-24 08:00:00,C,C2,8427.0,7000.0,0.1,1.0,0.0,200.0,27.56,VALID,142.7
2026-08-24 08:00:00,C,C3,8396.0,7000.0,0.1,1.0,0.0,200.0,27.78,VALID,139.6
2026-08-24 08:00:00,D,D1,7952.0,7000.0,0.1,1.0,0.0,200.0,27.54,VALID,95.2
2026-08-24 08:00:00,D,D2,7990.0,7000.0,0.1,1.0,0.0,200.0,27.61,VALID,99.0
2026-08-24 08:00:00,D,D3,7988.0,7000.0,0.1,1.0,0.0,200.0,27.28,VALID,98.8
2026-08-24 08:15:00,A,A1,8189.0,7000.0,0.1,1.0,0.0,200.0,27.65,VALID,118.9
2026-08-24 08:15:00,A,A2,8234.0,7000.0,0.1,1.0,0.0,200.0,27.46,VALID,123.4
2026-08-24 08:15:00,A,A3,8218.0,7000.0,0.1,1.0,0.0,200.0,27.64,VALID,121.8
2026-08-24 08:15:00,B,B1,8029.0,7000.0,0.1,1.0,0.0,200.0,27.35,VALID,102.9
2026-08-24 08:15:00,B,B2,8053.0,7000.0,0.1,1.0,0.0,200.0,27.68,VALID,105.3
2026-08-24 08:15:00,B,B3,8033.0,7000.0,0.1,1.0,0.0,200.0,27.45,VALID,103.3
2026-08-24 08:15:00,C,C1,8372.0,7000.0,0.1,1.0,0.0,200.0,27.58,VALID,137.2
2026-08-24 08:15:00,C,C2,8416.0,7000.0,0.1,1.0,0.0,200.0,27.39,VALID,141.6
2026-08-24 08:15:00,C,C3,8405.0,7000.0,0.1,1.0,0.0,200.0,27.39,VALID,140.5
2026-08-24 08:15:00,D,D1,7961.0,7000.0,0.1,1.0,0.0,200.0,27.18,VALID,96.1
2026-08-24 08:15:00,D,D2,7976.0,7000.0,0.1,1.0,0.0,200.0,27.6,VALID,97.6
2026-08-24 08:15:00,D,D3,7977.0,7000.0,0.1,1.0,0.0,200.0,27.61,VALID,97.7
2026-08-24 08:30:00,A,A1,8208.0,7000.0,0.1,1.0,0.0,200.0,27.8,VALID,120.8
2026-08-24 08:30:00,A,A2,8218.0,7000.0,0.1,1.0,0.0,200.0,27.06,VALID,121.8
2026-08-24 08:30:00,A,A3,8203.0,7000.0,0.1,1.0,0.0,200.0,27.24,VALID,120.3
2026-08-24 08:30:00,B,B1,8026.0,7000.0,0.1,1.0,0.0,200.0,27.4,VALID,102.6
2026-08-24 08:30:00,B,B2,8061.0,7000.0,0.1,1.0,0.0,200.0,27.69,VALID,106.1
2026-08-24 08:30:00,B,B3,8047.0,7000.0,0.1,1.0,0.0,200.0,27.81,VALID,104.7
2026-08-24 08:30:00,C,C1,8370.0,7000.0,0.1,1.0,0.0,200.0,27.05,VALID,137.0
2026-08-24 08:30:00,C,C2,8424.0,7000.0,0.1,1.0,0.0,200.0,27.01,VALID,142.4
2026-08-24 08:30:00,C,C3,8386.0,7000.0,0.1,1.0,0.0,200.0,27.48,VALID,138.6
2026-08-24 08:30:00,D,D1,7962.0,7000.0,0.1,1.0,0.0,200.0,27.34,VALID,96.2
2026-08-24 08:30:00,D,D2,7970.0,7000.0,0.1,1.0,0.0,200.0,27.38,VALID,97.0
2026-08-24 08:30:00,D,D3,7982.0,7000.0,0.1,1.0,0.0,200.0,27.38,VALID,98.2
2026-08-24 08:45:00,A,A1,8194.0,7000.0,0.1,1.0,0.0,200.0,27.01,VALID,119.4
2026-08-24 08:45:00,A,A2,8217.0,7000.0,0.1,1.0,0.0,200.0,27.33,VALID,121.7
2026-08-24 08:45:00,A,A3,8215.0,7000.0,0.1,1.0,0.0,200.0,27.1,VALID,121.5
2026-08-24 08:45:00,B,B1,8014.0,7000.0,0.1,1.0,0.0,200.0,27.34,VALID,101.4
2026-08-24 08:45:00,B,B2,8041.0,7000.0,0.1,1.0,0.0,200.0,27.39,VALID,104.1
2026-08-24 08:45:00,B,B3,8035.0,7000.0,0.1,1.0,0.0,200.0,27.06,VALID,103.5
2026-08-24 08:45:00,C,C1,8373.0,7000.0,0.1,1.0,0.0,200.0,27.73,VALID,137.3
2026-08-24 08:45:00,C,C2,8421.0,7000.0,0.1,1.0,0.0,200.0,27.28,VALID,142.1
2026-08-24 08:45:00,C,C3,8395.0,7000.0,0.1,1.0,0.0,200.0,26.91,VALID,139.5
2026-08-24 08:45:00,D,D1,7952.0,7000.0,0.1,1.0,0.0,200.0,26.75,VALID,95.2
2026-08-24 08:45:00,D,D2,7995.0,7000.0,0.1,1.0,0.0,200.0,27.56,VALID,99.5
2026-08-24 08:45:00,D,D3,7975.0,7000.0,0.1,1.0,0.0,200.0,27.28,VALID,97.5
2026-08-24 09:00:00,A,A1,8187.0,7000.0,0.1,1.0,0.0,200.0,27.08,VALID,118.7
2026-08-24 09:00:00,A,A2,8239.0,7000.0,0.1,1.0,0.0,200.0,27.15,VALID,123.9
2026-08-24 09:00:00,A,A3,8206.0,7000.0,0.1,1.0,0.0,200.0,26.77,VALID,120.6
2026-08-24 09:00:00,B,B1,8045.0,7000.0,0.1,1.0,0.0,200.0,27.11,VALID,104.5
2026-08-24 09:00:00,B,B2,8032.0,7000.0,0.1,1.0,0.0,200.0,26.94,VALID,103.2
2026-08-24 09:00:00,B,B3,8029.0,7000.0,0.1,1.0,0.0,200.0,27.09,VALID,102.9
2026-08-24 09:00:00,C,C1,8372.0,7000.0,0.1,1.0,0.0,200.0,27.02,VALID,137.2
2026-08-24 09:00:00,C,C2,8420.0,7000.0,0.1,1.0,0.0,200.0,27.14,VALID,142.0
2026-08-24 09:00:00,C,C3,8400.0,7000.0,0.1,1.0,0.0,200.0,27.05,VALID,140.0
2026-08-24 09:00:00,D,D1,7988.0,7000.0,0.1,1.0,0.0,200.0,27.01,VALID,98.8
2026-08-24 09:00:00,D,D2,7970.0,7000.0,0.1,1.0,0.0,200.0,26.92,VALID,97.0
2026-08-24 09:00:00,D,D3,7969.0,7000.0,0.1,1.0,0.0,200.0,26.78,VALID,96.9
2026-08-24 09:15:00,A,A1,8202.0,7000.0,0.1,1.0,0.0,200.0,26.6,VALID,120.2
2026-08-24 09:15:00,A,A2,8223.0,7000.0,0.1,1.0,0.0,200.0,26.71,VALID,122.3
2026-08-24 09:15:00,A,A3,8206.0,7000.0,0.1,1.0,0.0,200.0,27.1,VALID,120.6
2026-08-24 09:15:00,B,B1,8052.0,7000.0,0.1,1.0,0.0,200.0,26.76,VALID,105.2
2026-08-24 09:15:00,B,B2,8045.0,7000.0,0.1,1.0,0.0,200.0,26.83,VALID,104.5
2026-08-24 09:15:00,B,B3,8031.0,7000.0,0.1,1.0,0.0,200.0,26.84,VALID,103.1
2026-08-24 09:15:00,C,C1,8377.0,7000.0,0.1,1.0,0.0,200.0,26.88,VALID,137.7
2026-08-24 09:15:00,C,C2,8432.0,7000.0,0.1,1.0,0.0,200.0,27.06,VALID,143.2
2026-08-24 09:15:00,C,C3,8380.0,7000.0,0.1,1.0,0.0,200.0,26.9,VALID,138.0
2026-08-24 09:15:00,D,D1,7952.0,7000.0,0.1,1.0,0.0,200.0,27.14,VALID,95.2
2026-08-24 09:15:00,D,D2,7963.0,7000.0,0.1,1.0,0.0,200.0,26.71,VALID,96.3
2026-08-24 09:15:00,D,D3,7964.0,7000.0,0.1,1.0,0.0,200.0,27.11,VALID,96.4
2026-08-24 09:30:00,A,A1,8209.0,7000.0,0.1,1.0,0.0,200.0,27.1,VALID,120.9
2026-08-24 09:30:00,A,A2,8225.0,7000.0,0.1,1.0,0.0,200.0,26.81,VALID,122.5
2026-08-24 09:30:00,A,A3,8215.0,7000.0,0.1,1.0,0.0,200.0,26.6,VALID,121.5
2026-08-24 09:30:00,B,B1,8013.0,7000.0,0.1,1.0,0.0,200.0,26.91,VALID,101.3
2026-08-24 09:30:00,B,B2,8036.0,7000.0,0.1,1.0,0.0,200.0,26.81,VALID,103.6
2026-08-24 09:30:00,B,B3,8039.0,7000.0,0.1,1.0,0.0,200.0,26.88,VALID,103.9
2026-08-24 09:30:00,C,C1,8376.0,7000.0,0.1,1.0,0.0,200.0,26.99,VALID,137.6
2026-08-24 09:30:00,C,C2,8412.0,7000.0,0.1,1.0,0.0,200.0,26.74,VALID,141.2
2026-08-24 09:30:00,C,C3,8389.0,7000.0,0.1,1.0,0.0,200.0,26.71,VALID,138.9
2026-08-24 09:30:00,D,D1,7956.0,7000.0,0.1,1.0,0.0,200.0,27.35,VALID,95.6
2026-08-24 09:30:00,D,D2,7978.0,7000.0,0.1,1.0,0.0,200.0,26.92,VALID,97.8
2026-08-24 09:30:00,D,D3,7962.0,7000.0,0.1,1.0,0.0,200.0,27.03,VALID,96.2
2026-08-24 09:45:00,A,A1,8203.0,7000.0,0.1,1.0,0.0,200.0,26.82,VALID,120.3
2026-08-24 09:45:00,A,A2,8220.0,7000.0,0.1,1.0,0.0,200.0,26.87,VALID,122.0
2026-08-24 09:45:00,A,A3,8218.0,7000.0,0.1,1.0,0.0,200.0,26.72,VALID,121.8
2026-08-24 09:45:00,B,B1,8027.0,7000.0,0.1,1.0,0.0,200.0,26.85,VALID,102.7
2026-08-24 09:45:00,B,B2,8035.0,7000.0,0.1,1.0,0.0,200.0,26.52,VALID,103.5
2026-08-24 09:45:00,B,B3,8036.0,7000.0,0.1,1.0,0.0,200.0,26.32,VALID,103.6
2026-08-24 09:45:00,C,C1,8374.0,7000.0,0.1,1.0,0.0,200.0,26.47,VALID,137.4
2026-08-24 09:45:00,C,C2,8404.0,7000.0,0.1,1.0,0.0,200.0,26.62,VALID,140.4
2026-08-24 09:45:00,C,C3,8387.0,7000.0,0.1,1.0,0.0,200.0,26.6,VALID,138.7
2026-08-24 09:45:00,D,D1,7956.0,7000.0,0.1,1.0,0.0,200.0,26.65,VALID,95.6
2026-08-24 09:45:00,D,D2,7970.0,7000.0,0.1,1.0,0.0,200.0,26.51,VALID,97.0
2026-08-24 09:45:00,D,D3,7976.0,7000.0,0.1,1.0,0.0,200.0,26.25,VALID,97.6
2026-08-24 10:00:00,A,A1,8193.0,7000.0,0.1,1.0,0.0,200.0,26.41,VALID,119.3
2026-08-24 10:00:00,A,A2,8221.0,7000.0,0.1,1.0,0.0,200.0,26.21,VALID,122.1
2026-08-24 10:00:00,A,A3,8200.0,7000.0,0.1,1.0,0.0,200.0,26.48,VALID,120.0
2026-08-24 10:00:00,B,B1,8037.0,7000.0,0.1,1.0,0.0,200.0,26.57,VALID,103.7
2026-08-24 10:00:00,B,B2,8031.0,7000.0,0.1,1.0,0.0,200.0,26.4,VALID,103.1
2026-08-24 10:00:00,B,B3,8043.0,7000.0,0.1,1.0,0.0,200.0,26.26,VALID,104.3
2026-08-24 10:00:00,C,C1,8364.0,7000.0,0.1,1.0,0.0,200.0,26.5,VALID,136.4
2026-08-24 10:00:00,C,C2,8403.0,7000.0,0.1,1.0,0.0,200.0,27.04,VALID,140.3
2026-08-24 10:00:00,C,C3,8381.0,7000.0,0.1,1.0,0.0,200.0,26.59,VALID,138.1
2026-08-24 10:00:00,D,D1,7948.0,7000.0,0.1,1.0,0.0,200.0,26.61,VALID,94.8
2026-08-24 10:00:00,D,D2,7981.0,7000.0,0.1,1.0,0.0,200.0,26.38,VALID,98.1
2026-08-24 10:00:00,D,D3,7964.0,7000.0,0.1,1.0,0.0,200.0,26.32,VALID,96.4
2026-08-24 10:15:00,A,A1,8183.0,7000.0,0.1,1.0,0.0,200.0,26.53,VALID,118.3
2026-08-24 10:15:00,A,A2,8210.0,7000.0,0.1,1.0,0.0,200.0,25.84,VALID,121.0
2026-08-24 10:15:00,A,A3,8219.0,7000.0,0.1,1.0,0.0,200.0,26.17,VALID,121.9
2026-08-24 10:15:00,B,B1,6800.0,7000.0,0.1,1.0,0.0,200.0,26.66,VALID,-20.0
2026-08-24 10:15:00,B,B2,8039.0,7000.0,0.1,1.0,0.0,200.0,26.29,VALID,103.9
2026-08-24 10:15:00,B,B3,8022.0,7000.0,0.1,1.0,0.0,200.0,26.0,VALID,102.2
2026-08-24 10:15:00,C,C1,8362.0,7000.0,0.1,1.0,0.0,200.0,26.4,VALID,136.2
2026-08-24 10:15:00,C,C2,8408.0,7000.0,0.1,1.0,0.0,200.0,26.23,VALID,140.8
2026-08-24 10:15:00,C,C3,8384.0,7000.0,0.1,1.0,0.0,200.0,25.96,VALID,138.4
2026-08-24 10:15:00,D,D1,7958.0,7000.0,0.1,1.0,0.0,200.0,26.36,VALID,95.8
2026-08-24 10:15:00,D,D2,7989.0,7000.0,0.1,1.0,0.0,200.0,26.33,VALID,98.9
2026-08-24 10:15:00,D,D3,7955.0,7000.0,0.1,1.0,0.0,200.0,26.32,VALID,95.5
2026-08-24 10:30:00,A,A1,8189.0,7000.0,0.1,1.0,0.0,200.0,26.23,VALID,118.9
2026-08-24 10:30:00,A,A2,8214.0,7000.0,0.1,1.0,0.0,200.0,25.9,VALID,121.4
2026-08-24 10:30:00,A,A3,8187.0,7000.0,0.1,1.0,0.0,200.0,26.2,VALID,118.7
2026-08-24 10:30:00,B,B1,6800.0,7000.0,0.1,1.0,0.0,200.0,26.16,VALID,-20.0
2026-08-24 10:30:00,B,B2,8046.0,7000.0,0.1,1.0,0.0,200.0,26.35,VALID,104.6
2026-08-24 10:30:00,B,B3,8034.0,7000.0,0.1,1.0,0.0,200.0,25.99,VALID,103.4
2026-08-24 10:30:00,C,C1,8363.0,7000.0,0.1,1.0,0.0,200.0,26.39,VALID,136.3
2026-08-24 10:30:00,C,C2,8409.0,7000.0,0.1,1.0,0.0,200.0,26.3,VALID,140.9
2026-08-24 10:30:00,C,C3,8378.0,7000.0,0.1,1.0,0.0,200.0,26.11,VALID,137.8
2026-08-24 10:30:00,D,D1,7951.0,7000.0,0.1,1.0,0.0,200.0,26.14,VALID,95.1
2026-08-24 10:30:00,D,D2,7980.0,7000.0,0.1,1.0,0.0,200.0,25.68,VALID,98.0
2026-08-24 10:30:00,D,D3,7962.0,7000.0,0.1,1.0,0.0,200.0,26.13,VALID,96.2
2026-08-24 10:45:00,A,A1,8178.0,7000.0,0.1,1.0,0.0,200.0,26.1,VALID,117.8
2026-08-24 10:45:00,A,A2,8206.0,7000.0,0.1,1.0,0.0,200.0,25.89,VALID,120.6
2026-08-24 10:45:00,A,A3,8217.0,7000.0,0.1,1.0,0.0,200.0,26.17,VALID,121.7
2026-08-24 10:45:00,B,B1,6800.0,7000.0,0.1,1.0,0.0,200.0,26.04,VALID,-20.0
2026-08-24 10:45:00,B,B2,8036.0,7000.0,0.1,1.0,0.0,200.0,26.36,VALID,103.6
2026-08-24 10:45:00,B,B3,8037.0,7000.0,0.1,1.0,0.0,200.0,25.81,VALID,103.7
2026-08-24 10:45:00,C,C1,8347.0,7000.0,0.1,1.0,0.0,200.0,26.08,VALID,134.7
2026-08-24 10:45:00,C,C2,8402.0,7000.0,0.1,1.0,0.0,200.0,25.68,VALID,140.2
2026-08-24 10:45:00,C,C3,8384.0,7000.0,0.1,1.0,0.0,200.0,25.91,VALID,138.4
2026-08-24 10:45:00,D,D1,7955.0,7000.0,0.1,1.0,0.0,200.0,26.05,VALID,95.5
2026-08-24 10:45:00,D,D2,7963.0,7000.0,0.1,1.0,0.0,200.0,26.09,VALID,96.3
2026-08-24 10:45:00,D,D3,7956.0,7000.0,0.1,1.0,0.0,200.0,25.88,VALID,95.6
2026-08-24 11:00:00,A,A1,8184.0,7000.0,0.1,1.0,0.0,200.0,26.0,VALID,118.4
2026-08-24 11:00:00,A,A2,8208.0,7000.0,0.1,1.0,0.0,200.0,26.05,VALID,120.8
2026-08-24 11:00:00,A,A3,8214.0,7000.0,0.1,1.0,0.0,200.0,25.63,VALID,121.4
2026-08-24 11:00:00,B,B1,6800.0,7000.0,0.1,1.0,0.0,200.0,25.99,VALID,-20.0
2026-08-24 11:00:00,B,B2,8032.0,7000.0,0.1,1.0,0.0,200.0,25.6,VALID,103.2
2026-08-24 11:00:00,B,B3,8023.0,7000.0,0.1,1.0,0.0,200.0,25.69,VALID,102.3
2026-08-24 11:00:00,C,C1,8370.0,7000.0,0.1,1.0,0.0,200.0,25.81,VALID,137.0
2026-08-24 11:00:00,C,C2,8412.0,7000.0,0.1,1.0,0.0,200.0,25.88,VALID,141.2
2026-08-24 11:00:00,C,C3,8376.0,7000.0,0.1,1.0,0.0,200.0,25.7,VALID,137.6
2026-08-24 11:00:00,D,D1,7953.0,7000.0,0.1,1.0,0.0,200.0,25.94,VALID,95.3
2026-08-24 11:00:00,D,D2,7975.0,7000.0,0.1,1.0,0.0,200.0,25.72,VALID,97.5
2026-08-24 11:00:00,D,D3,7960.0,7000.0,0.1,1.0,0.0,200.0,25.89,VALID,96.0
2026-08-24 11:15:00,A,A1,8183.0,7000.0,0.1,1.0,0.0,200.0,25.36,VALID,118.3
2026-08-24 11:15:00,A,A2,8201.0,7000.0,0.1,1.0,0.0,200.0,25.54,VALID,120.1
2026-08-24 11:15:00,A,A3,8203.0,7000.0,0.1,1.0,0.0,200.0,25.84,VALID,120.3
2026-08-24 11:15:00,B,B1,6800.0,7000.0,0.1,1.0,0.0,200.0,25.47,VALID,-20.0
2026-08-24 11:15:00,B,B2,8030.0,7000.0,0.1,1.0,0.0,200.0,25.74,VALID,103.0
2026-08-24 11:15:00,B,B3,8022.0,7000.0,0.1,1.0,0.0,200.0,25.5,VALID,102.2
2026-08-24 11:15:00,C,C1,8344.0,7000.0,0.1,1.0,0.0,200.0,25.68,VALID,134.4
2026-08-24 11:15:00,C,C2,8397.0,7000.0,0.1,1.0,0.0,200.0,25.45,VALID,139.7
2026-08-24 11:15:00,C,C3,8374.0,7000.0,0.1,1.0,0.0,200.0,25.81,VALID,137.4
2026-08-24 11:15:00,D,D1,7938.0,7000.0,0.1,1.0,0.0,200.0,25.42,VALID,93.8
2026-08-24 11:15:00,D,D2,7976.0,7000.0,0.1,1.0,0.0,200.0,25.6,VALID,97.6
2026-08-24 11:15:00,D,D3,7963.0,7000.0,0.1,1.0,0.0,200.0,25.67,VALID,96.3
2026-08-24 11:30:00,A,A1,8184.0,7000.0,0.1,1.0,0.0,200.0,25.32,VALID,118.4
2026-08-24 11:30:00,A,A2,8214.0,7000.0,0.1,1.0,0.0,200.0,25.62,VALID,121.4
2026-08-24 11:30:00,A,A3,8205.0,7000.0,0.1,1.0,0.0,200.0,25.15,VALID,120.5
2026-08-24 11:30:00,B,B1,6800.0,7000.0,0.1,1.0,0.0,200.0,25.32,VALID,-20.0
2026-08-24 11:30:00,B,B2,8025.0,7000.0,0.1,1.0,0.0,200.0,25.36,VALID,102.5
2026-08-24 11:30:00,B,B3,8032.0,7000.0,0.1,1.0,0.0,200.0,25.5,VALID,103.2
2026-08-24 11:30:00,C,C1,8352.0,7000.0,0.1,1.0,0.0,200.0,25.56,VALID,135.2
2026-08-24 11:30:00,C,C2,8398.0,7000.0,0.1,1.0,0.0,200.0,25.28,VALID,139.8
2026-08-24 11:30:00,C,C3,8368.0,7000.0,0.1,1.0,0.0,200.0,25.47,VALID,136.8
2026-08-24 11:30:00,D,D1,7944.0,7000.0,0.1,1.0,0.0,200.0,25.12,VALID,94.4
2026-08-24 11:30:00,D,D2,7970.0,7000.0,0.1,1.0,0.0,200.0,25.3,VALID,97.0
2026-08-24 11:30:00,D,D3,7969.0,7000.0,0.1,1.0,0.0,200.0,25.11,VALID,96.9
2026-08-24 11:45:00,A,A1,8181.0,7000.0,0.1,1.0,0.0,200.0,25.06,VALID,118.1
2026-08-24 11:45:00,A,A2,8196.0,7000.0,0.1,1.0,0.0,200.0,25.1,VALID,119.6
2026-08-24 11:45:00,A,A3,8209.0,7000.0,0.1,1.0,0.0,200.0,25.22,VALID,120.9
2026-08-24 11:45:00,B,B1,6800.0,7000.0,0.1,1.0,0.0,200.0,24.83,VALID,-20.0
2026-08-24 11:45:00,B,B2,8014.0,7000.0,0.1,1.0,0.0,200.0,25.09,VALID,101.4
2026-08-24 11:45:00,B,B3,8017.0,7000.0,0.1,1.0,0.0,200.0,25.15,VALID,101.7
2026-08-24 11:45:00,C,C1,8333.0,7000.0,0.1,1.0,0.0,200.0,25.18,VALID,133.3
2026-08-24 11:45:00,C,C2,8404.0,7000.0,0.1,1.0,0.0,200.0,25.52,VALID,140.4
2026-08-24 11:45:00,C,C3,8356.0,7000.0,0.1,1.0,0.0,200.0,25.04,VALID,135.6
2026-08-24 11:45:00,D,D1,7935.0,7000.0,0.1,1.0,0.0,200.0,25.23,VALID,93.5
2026-08-24 11:45:00,D,D2,7950.0,7000.0,0.1,1.0,0.0,200.0,25.53,VALID,95.0
2026-08-24 11:45:00,D,D3,7953.0,7000.0,0.1,1.0,0.0,200.0,25.17,VALID,95.3
2026-08-24 12:00:00,A,A1,8196.0,7000.0,0.1,1.0,0.0,200.0,25.0,VALID,119.6
2026-08-24 12:00:00,A,A2,8207.0,7000.0,0.1,1.0,0.0,200.0,24.85,VALID,120.7
2026-08-24 12:00:00,A,A3,8179.0,7000.0,0.1,1.0,0.0,200.0,24.88,VALID,117.9
2026-08-24 12:00:00,B,B1,6800.0,7000.0,0.1,1.0,0.0,200.0,25.13,VALID,-20.0
2026-08-24 12:00:00,B,B2,8031.0,7000.0,0.1,1.0,0.0,200.0,24.8,VALID,103.1
2026-08-24 12:00:00,B,B3,8029.0,7000.0,0.1,1.0,0.0,200.0,24.73,VALID,102.9
2026-08-24 12:00:00,C,C1,8337.0,7000.0,0.1,1.0,0.0,200.0,24.89,VALID,133.7
2026-08-24 12:00:00,C,C2,8411.0,7000.0,0.1,1.0,0.0,200.0,25.38,VALID,141.1
2026-08-24 12:00:00,C,C3,8367.0,7000.0,0.1,1.0,0.0,200.0,24.87,VALID,136.7
2026-08-24 12:00:00,D,D1,7926.0,7000.0,0.1,1.0,0.0,200.0,25.02,VALID,92.6
2026-08-24 12:00:00,D,D2,7961.0,7000.0,0.1,1.0,0.0,200.0,25.16,VALID,96.1
2026-08-24 12:00:00,D,D3,7959.0,7000.0,0.1,1.0,0.0,200.0,24.96,VALID,95.9
2026-08-24 12:15:00,A,A1,8184.0,7000.0,0.1,1.0,0.0,200.0,24.66,VALID,118.4
2026-08-24 12:15:00,A,A2,8206.0,7000.0,0.1,1.0,0.0,200.0,24.7,VALID,120.6
2026-08-24 12:15:00,A,A3,8194.0,7000.0,0.1,1.0,0.0,200.0,24.88,VALID,119.4
2026-08-24 12:15:00,B,B1,6800.0,7000.0,0.1,1.0,0.0,200.0,24.96,VALID,-20.0
2026-08-24 12:15:00,B,B2,8012.0,7000.0,0.1,1.0,0.0,200.0,24.59,VALID,101.2
2026-08-24 12:15:00,B,B3,8017.0,7000.0,0.1,1.0,0.0,200.0,24.52,VALID,101.7
2026-08-24 12:15:00,C,C1,8346.0,7000.0,0.1,1.0,0.0,200.0,24.73,VALID,134.6
2026-08-24 12:15:00,C,C2,8403.0,7000.0,0.1,1.0,0.0,200.0,24.83,VALID,140.3
2026-08-24 12:15:00,C,C3,8379.0,7000.0,0.1,1.0,0.0,200.0,24.86,VALID,137.9
2026-08-24 12:15:00,D,D1,7935.0,7000.0,0.1,1.0,0.0,200.0,24.83,VALID,93.5
2026-08-24 12:15:00,D,D2,7964.0,7000.0,0.1,1.0,0.0,200.0,25.04,VALID,96.4
2026-08-24 12:15:00,D,D3,7948.0,7000.0,0.1,1.0,0.0,200.0,24.47,VALID,94.8
2026-08-24 12:30:00,A,A1,8162.0,7000.0,0.1,1.0,0.0,200.0,24.54,VALID,116.2
2026-08-24 12:30:00,A,A2,8179.0,7000.0,0.1,1.0,0.0,200.0,24.97,VALID,117.9
2026-08-24 12:30:00,A,A3,8193.0,7000.0,0.1,1.0,0.0,200.0,24.48,VALID,119.3
2026-08-24 12:30:00,B,B1,6800.0,7000.0,0.1,1.0,0.0,200.0,24.81,VALID,-20.0
2026-08-24 12:30:00,B,B2,8015.0,7000.0,0.1,1.0,0.0,200.0,24.4,VALID,101.5
2026-08-24 12:30:00,B,B3,8011.0,7000.0,0.1,1.0,0.0,200.0,24.63,VALID,101.1
2026-08-24 12:30:00,C,C1,8353.0,7000.0,0.1,1.0,0.0,200.0,24.85,VALID,135.3
2026-08-24 12:30:00,C,C2,8399.0,7000.0,0.1,1.0,0.0,200.0,24.61,VALID,139.9
2026-08-24 12:30:00,C,C3,8377.0,7000.0,0.1,1.0,0.0,200.0,24.47,VALID,137.7
2026-08-24 12:30:00,D,D1,7921.0,7000.0,0.1,1.0,0.0,200.0,24.47,VALID,92.1
2026-08-24 12:30:00,D,D2,7948.0,7000.0,0.1,1.0,0.0,200.0,24.48,VALID,94.8
2026-08-24 12:30:00,D,D3,7939.0,7000.0,0.1,1.0,0.0,200.0,24.52,VALID,93.9
2026-08-24 12:45:00,A,A1,8181.0,7000.0,0.1,1.0,0.0,200.0,24.76,VALID,118.1
2026-08-24 12:45:00,A,A2,8182.0,7000.0,0.1,1.0,0.0,200.0,24.16,VALID,118.2
2026-08-24 12:45:00,A,A3,8179.0,7000.0,0.1,1.0,0.0,200.0,24.57,VALID,117.9
2026-08-24 12:45:00,B,B1,6800.0,7000.0,0.1,1.0,0.0,200.0,24.27,VALID,-20.0
2026-08-24 12:45:00,B,B2,8029.0,7000.0,0.1,1.0,0.0,200.0,24.61,VALID,102.9
2026-08-24 12:45:00,B,B3,8016.0,7000.0,0.1,1.0,0.0,200.0,24.25,VALID,101.6
2026-08-24 12:45:00,C,C1,8348.0,7000.0,0.1,1.0,0.0,200.0,24.37,VALID,134.8
2026-08-24 12:45:00,C,C2,8386.0,7000.0,0.1,1.0,0.0,200.0,24.31,VALID,138.6
2026-08-24 12:45:00,C,C3,8374.0,7000.0,0.1,1.0,0.0,200.0,24.46,VALID,137.4
2026-08-24 12:45:00,D,D1,7945.0,7000.0,0.1,1.0,0.0,200.0,24.68,VALID,94.5
2026-08-24 12:45:00,D,D2,7958.0,7000.0,0.1,1.0,0.0,200.0,24.31,VALID,95.8
2026-08-24 12:45:00,D,D3,7955.0,7000.0,0.1,1.0,0.0,200.0,24.51,VALID,95.5
2026-08-24 13:00:00,A,A1,8197.0,7000.0,0.1,1.0,0.0,200.0,24.29,VALID,119.7
2026-08-24 13:00:00,A,A2,8202.0,7000.0,0.1,1.0,0.0,200.0,24.28,VALID,120.2
2026-08-24 13:00:00,A,A3,8183.0,7000.0,0.1,1.0,0.0,200.0,24.17,VALID,118.3
2026-08-24 13:00:00,B,B1,8009.0,7000.0,0.1,1.0,0.0,200.0,24.33,VALID,100.9
2026-08-24 13:00:00,B,B2,8031.0,7000.0,0.1,1.0,0.0,200.0,24.29,VALID,103.1
2026-08-24 13:00:00,B,B3,8010.0,7000.0,0.1,1.0,0.0,200.0,24.16,VALID,101.0
2026-08-24 13:00:00,C,C1,8332.0,7000.0,0.1,1.0,0.0,200.0,24.56,VALID,133.2
2026-08-24 13:00:00,C,C2,8381.0,7000.0,0.1,1.0,0.0,200.0,24.42,VALID,138.1
2026-08-24 13:00:00,C,C3,8367.0,7000.0,0.1,1.0,0.0,200.0,24.28,VALID,136.7
2026-08-24 13:00:00,D,D1,7933.0,7000.0,0.1,1.0,0.0,200.0,24.07,VALID,93.3
2026-08-24 13:00:00,D,D2,7943.0,7000.0,0.1,1.0,0.0,200.0,24.57,VALID,94.3
2026-08-24 13:00:00,D,D3,7945.0,7000.0,0.1,1.0,0.0,200.0,24.45,VALID,94.5
2026-08-24 13:15:00,A,A1,8185.0,7000.0,0.1,1.0,0.0,200.0,23.95,VALID,118.5
2026-08-24 13:15:00,A,A2,8198.0,7000.0,0.1,1.0,0.0,200.0,24.04,VALID,119.8
2026-08-24 13:15:00,A,A3,8172.0,7000.0,0.1,1.0,0.0,200.0,24.0,VALID,117.2
2026-08-24 13:15:00,B,B1,8010.0,7000.0,0.1,1.0,0.0,200.0,23.94,VALID,101.0
2026-08-24 13:15:00,B,B2,8016.0,7000.0,0.1,1.0,0.0,200.0,24.0,VALID,101.6
2026-08-24 13:15:00,B,B3,8031.0,7000.0,0.1,1.0,0.0,200.0,23.67,VALID,103.1
2026-08-24 13:15:00,C,C1,8347.0,7000.0,0.1,1.0,0.0,200.0,23.99,VALID,134.7
2026-08-24 13:15:00,C,C2,8379.0,7000.0,0.1,1.0,0.0,200.0,23.98,VALID,137.9
2026-08-24 13:15:00,C,C3,8368.0,7000.0,0.1,1.0,0.0,200.0,24.18,VALID,136.8
2026-08-24 13:15:00,D,D1,7934.0,7000.0,0.1,1.0,0.0,200.0,24.25,VALID,93.4
2026-08-24 13:15:00,D,D2,7962.0,7000.0,0.1,1.0,0.0,200.0,24.2,VALID,96.2
2026-08-24 13:15:00,D,D3,7937.0,7000.0,0.1,1.0,0.0,200.0,24.13,VALID,93.7
2026-08-24 13:30:00,A,A1,8175.0,7000.0,0.1,1.0,0.0,200.0,23.69,VALID,117.5
2026-08-24 13:30:00,A,A2,8179.0,7000.0,0.1,1.0,0.0,200.0,23.45,VALID,117.9
2026-08-24 13:30:00,A,A3,8181.0,7000.0,0.1,1.0,0.0,200.0,23.91,VALID,118.1
2026-08-24 13:30:00,B,B1,7992.0,7000.0,0.1,1.0,0.0,200.0,24.06,VALID,99.2
2026-08-24 13:30:00,B,B2,8019.0,7000.0,0.1,1.0,0.0,200.0,24.12,VALID,101.9
2026-08-24 13:30:00,B,B3,8014.0,7000.0,0.1,1.0,0.0,200.0,23.64,VALID,101.4
2026-08-24 13:30:00,C,C1,8345.0,7000.0,0.1,1.0,0.0,200.0,23.99,VALID,134.5
2026-08-24 13:30:00,C,C2,8378.0,7000.0,0.1,1.0,0.0,200.0,23.56,VALID,137.8
2026-08-24 13:30:00,C,C3,8362.0,7000.0,0.1,1.0,0.0,200.0,23.65,VALID,136.2
2026-08-24 13:30:00,D,D1,7941.0,7000.0,0.1,1.0,0.0,200.0,23.77,VALID,94.1
2026-08-24 13:30:00,D,D2,7964.0,7000.0,0.1,1.0,0.0,200.0,23.43,VALID,96.4
2026-08-24 13:30:00,D,D3,7942.0,7000.0,0.1,1.0,0.0,200.0,24.14,VALID,94.2
2026-08-24 13:45:00,A,A1,8161.0,7000.0,0.1,1.0,0.0,200.0,23.64,VALID,116.1
2026-08-24 13:45:00,A,A2,8187.0,7000.0,0.1,1.0,0.0,200.0,23.54,VALID,118.7
2026-08-24 13:45:00,A,A3,8181.0,7000.0,0.1,1.0,0.0,200.0,23.41,VALID,118.1
2026-08-24 13:45:00,B,B1,8000.0,7000.0,0.1,1.0,0.0,200.0,23.78,VALID,100.0
2026-08-24 13:45:00,B,B2,8014.0,7000.0,0.1,1.0,0.0,200.0,23.47,VALID,101.4
2026-08-24 13:45:00,B,B3,8018.0,7000.0,0.1,1.0,0.0,200.0,23.82,VALID,101.8
2026-08-24 13:45:00,C,C1,8330.0,7000.0,0.1,1.0,0.0,200.0,23.41,VALID,133.0
2026-08-24 13:45:00,C,C2,8372.0,7000.0,0.1,1.0,0.0,200.0,23.78,VALID,137.2
2026-08-24 13:45:00,C,C3,8362.0,7000.0,0.1,1.0,0.0,200.0,23.83,VALID,136.2
2026-08-24 13:45:00,D,D1,7926.0,7000.0,0.1,1.0,0.0,200.0,23.49,VALID,92.6
2026-08-24 13:45:00,D,D2,7955.0,7000.0,0.1,1.0,0.0,200.0,23.56,VALID,95.5
2026-08-24 13:45:00,D,D3,7941.0,7000.0,0.1,1.0,0.0,200.0,23.36,VALID,94.1
2026-08-24 14:00:00,A,A1,8162.0,7000.0,0.1,1.0,0.0,200.0,23.7,VALID,116.2
2026-08-24 14:00:00,A,A2,8183.0,7000.0,0.1,1.0,0.0,200.0,23.66,VALID,118.3
2026-08-24 14:00:00,A,A3,8157.0,7000.0,0.1,1.0,0.0,200.0,23.39,VALID,115.7
2026-08-24 14:00:00,B,B1,7998.0,7000.0,0.1,1.0,0.0,200.0,23.85,VALID,99.8
2026-08-24 14:00:00,B,B2,8004.0,7000.0,0.1,1.0,0.0,200.0,23.63,VALID,100.4
2026-08-24 14:00:00,B,B3,8017.0,7000.0,0.1,1.0,0.0,200.0,23.36,VALID,101.7
2026-08-24 14:00:00,C,C1,8334.0,7000.0,0.1,1.0,0.0,200.0,23.53,VALID,133.4
2026-08-24 14:00:00,C,C2,8366.0,7000.0,0.1,1.0,0.0,200.0,23.41,VALID,136.6
2026-08-24 14:00:00,C,C3,8369.0,7000.0,0.1,1.0,0.0,200.0,23.6,VALID,136.9
2026-08-24 14:00:00,D,D1,7926.0,7000.0,0.1,1.0,0.0,200.0,23.52,VALID,92.6
2026-08-24 14:00:00,D,D2,7951.0,7000.0,0.1,1.0,0.0,200.0,23.65,VALID,95.1
2026-08-24 14:00:00,D,D3,7932.0,7000.0,0.1,1.0,0.0,200.0,23.81,VALID,93.2
2026-08-24 14:15:00,A,A1,8178.0,7000.0,0.1,1.0,0.0,200.0,23.47,VALID,117.8
2026-08-24 14:15:00,A,A2,8180.0,7000.0,0.1,1.0,0.0,200.0,23.13,VALID,118.0
2026-08-24 14:15:00,A,A3,8173.0,7000.0,0.1,1.0,0.0,200.0,23.35,VALID,117.3
2026-08-24 14:15:00,B,B1,7982.0,7000.0,0.1,1.0,0.0,200.0,23.43,VALID,98.2
2026-08-24 14:15:00,B,B2,8025.0,7000.0,0.1,1.0,0.0,200.0,23.45,VALID,102.5
2026-08-24 14:15:00,B,B3,8000.0,7000.0,0.1,1.0,0.0,200.0,23.17,VALID,100.0
2026-08-24 14:15:00,C,C1,8339.0,7000.0,0.1,1.0,0.0,200.0,23.3,VALID,133.9
2026-08-24 14:15:00,C,C2,8382.0,7000.0,0.1,1.0,0.0,200.0,23.45,VALID,138.2
2026-08-24 14:15:00,C,C3,8366.0,7000.0,0.1,1.0,0.0,200.0,23.11,VALID,136.6
2026-08-24 14:15:00,D,D1,7928.0,7000.0,0.1,1.0,0.0,200.0,23.26,VALID,92.8
2026-08-24 14:15:00,D,D2,7943.0,7000.0,0.1,1.0,0.0,200.0,23.51,VALID,94.3
2026-08-24 14:15:00,D,D3,7945.0,7000.0,0.1,1.0,0.0,200.0,23.61,VALID,94.5
2026-08-24 14:30:00,A,A1,8168.0,7000.0,0.1,1.0,0.0,200.0,23.15,VALID,116.8
2026-08-24 14:30:00,A,A2,8184.0,7000.0,0.1,1.0,0.0,200.0,22.83,VALID,118.4
2026-08-24 14:30:00,A,A3,8187.0,7000.0,0.1,1.0,0.0,200.0,23.11,VALID,118.7
2026-08-24 14:30:00,B,B1,8001.0,7000.0,0.1,1.0,0.0,200.0,23.31,VALID,100.1
2026-08-24 14:30:00,B,B2,8000.0,7000.0,0.1,1.0,0.0,200.0,22.99,VALID,100.0
2026-08-24 14:30:00,B,B3,8019.0,7000.0,0.1,1.0,0.0,200.0,23.23,VALID,101.9
2026-08-24 14:30:00,C,C1,8329.0,7000.0,0.1,1.0,0.0,200.0,23.15,VALID,132.9
2026-08-24 14:30:00,C,C2,8386.0,7000.0,0.1,1.0,0.0,200.0,23.36,VALID,138.6
2026-08-24 14:30:00,C,C3,8341.0,7000.0,0.1,1.0,0.0,200.0,23.5,VALID,134.1
2026-08-24 14:30:00,D,D1,7933.0,7000.0,0.1,1.0,0.0,200.0,23.14,VALID,93.3
2026-08-24 14:30:00,D,D2,7932.0,7000.0,0.1,1.0,0.0,200.0,23.38,VALID,93.2
2026-08-24 14:30:00,D,D3,7939.0,7000.0,0.1,1.0,0.0,200.0,22.88,VALID,93.9
2026-08-24 14:45:00,A,A1,8161.0,7000.0,0.1,1.0,0.0,200.0,23.65,VALID,116.1
2026-08-24 14:45:00,A,A2,8185.0,7000.0,0.1,1.0,0.0,200.0,22.87,VALID,118.5
2026-08-24 14:45:00,A,A3,8164.0,7000.0,0.1,1.0,0.0,200.0,23.38,VALID,116.4
2026-08-24 14:45:00,B,B1,8003.0,7000.0,0.1,1.0,0.0,200.0,23.3,VALID,100.3
2026-08-24 14:45:00,B,B2,8012.0,7000.0,0.1,1.0,0.0,200.0,23.27,VALID,101.2
2026-08-24 14:45:00,B,B3,7996.0,7000.0,0.1,1.0,0.0,200.0,23.05,VALID,99.6
2026-08-24 14:45:00,C,C1,8336.0,7000.0,0.1,1.0,0.0,200.0,23.3,VALID,133.6
2026-08-24 14:45:00,C,C2,8378.0,7000.0,0.1,1.0,0.0,200.0,22.9,VALID,137.8
2026-08-24 14:45:00,C,C3,8354.0,7000.0,0.1,1.0,0.0,200.0,22.69,VALID,135.4
2026-08-24 14:45:00,D,D1,7902.0,7000.0,0.1,1.0,0.0,200.0,23.19,VALID,90.2
2026-08-24 14:45:00,D,D2,7938.0,7000.0,0.1,1.0,0.0,200.0,22.97,VALID,93.8
2026-08-24 14:45:00,D,D3,7941.0,7000.0,0.1,1.0,0.0,200.0,23.3,VALID,94.1
2026-08-24 15:00:00,A,A1,8167.0,7000.0,0.1,1.0,0.0,200.0,23.26,VALID,116.7
2026-08-24 15:00:00,A,A2,8189.0,7000.0,0.1,1.0,0.0,200.0,22.94,VALID,118.9
2026-08-24 15:00:00,A,A3,8174.0,7000.0,0.1,1.0,0.0,200.0,22.62,VALID,117.4
2026-08-24 15:00:00,B,B1,8003.0,7000.0,0.1,1.0,0.0,200.0,22.39,VALID,100.3
2026-08-24 15:00:00,B,B2,8004.0,7000.0,0.1,1.0,0.0,200.0,22.88,VALID,100.4
2026-08-24 15:00:00,B,B3,7995.0,7000.0,0.1,1.0,0.0,200.0,22.79,VALID,99.5
2026-08-24 15:00:00,C,C1,8349.0,7000.0,0.1,1.0,0.0,200.0,23.1,VALID,134.9
2026-08-24 15:00:00,C,C2,8368.0,7000.0,0.1,1.0,0.0,200.0,22.78,VALID,136.8
2026-08-24 15:00:00,C,C3,8340.0,7000.0,0.1,1.0,0.0,200.0,23.02,VALID,134.0
2026-08-24 15:00:00,D,D1,7920.0,7000.0,0.1,1.0,0.0,200.0,22.49,VALID,92.0
2026-08-24 15:00:00,D,D2,7941.0,7000.0,0.1,1.0,0.0,200.0,22.97,VALID,94.1
2026-08-24 15:00:00,D,D3,7941.0,7000.0,0.1,1.0,0.0,200.0,22.86,VALID,94.1
2026-08-24 15:15:00,A,A1,8157.0,7000.0,0.1,1.0,0.0,200.0,23.14,VALID,115.7
2026-08-24 15:15:00,A,A2,8183.0,7000.0,0.1,1.0,0.0,200.0,22.89,VALID,118.3
2026-08-24 15:15:00,A,A3,8166.0,7000.0,0.1,1.0,0.0,200.0,22.88,VALID,116.6
2026-08-24 15:15:00,B,B1,7980.0,7000.0,0.1,1.0,0.0,200.0,22.65,VALID,98.0
2026-08-24 15:15:00,B,B2,7997.0,7000.0,0.1,1.0,0.0,200.0,22.62,VALID,99.7
2026-08-24 15:15:00,B,B3,8012.0,7000.0,0.1,1.0,0.0,200.0,22.62,VALID,101.2
2026-08-24 15:15:00,C,C1,8337.0,7000.0,0.1,1.0,0.0,200.0,23.05,VALID,133.7
2026-08-24 15:15:00,C,C2,8373.0,7000.0,0.1,1.0,0.0,200.0,22.94,VALID,137.3
2026-08-24 15:15:00,C,C3,10500.0,7000.0,0.1,1.0,0.0,200.0,22.77,VALID,350.0
2026-08-24 15:15:00,D,D1,7928.0,7000.0,0.1,1.0,0.0,200.0,23.11,VALID,92.8
2026-08-24 15:15:00,D,D2,7933.0,7000.0,0.1,1.0,0.0,200.0,22.55,VALID,93.3
2026-08-24 15:15:00,D,D3,7922.0,7000.0,0.1,1.0,0.0,200.0,22.94,VALID,92.2
2026-08-24 15:30:00,A,A1,8170.0,7000.0,0.1,1.0,0.0,200.0,22.51,VALID,117.0
2026-08-24 15:30:00,A,A2,8163.0,7000.0,0.1,1.0,0.0,200.0,22.48,VALID,116.3
2026-08-24 15:30:00,A,A3,8175.0,7000.0,0.1,1.0,0.0,200.0,22.61,VALID,117.5
2026-08-24 15:30:00,B,B1,7993.0,7000.0,0.1,1.0,0.0,200.0,22.52,VALID,99.3
2026-08-24 15:30:00,B,B2,8016.0,7000.0,0.1,1.0,0.0,200.0,22.69,VALID,101.6
2026-08-24 15:30:00,B,B3,8005.0,7000.0,0.1,1.0,0.0,200.0,22.65,VALID,100.5
2026-08-24 15:30:00,C,C1,8334.0,7000.0,0.1,1.0,0.0,200.0,22.71,VALID,133.4
2026-08-24 15:30:00,C,C2,8363.0,7000.0,0.1,1.0,0.0,200.0,22.69,VALID,136.3
2026-08-24 15:30:00,C,C3,10500.0,7000.0,0.1,1.0,0.0,200.0,22.85,VALID,350.0
2026-08-24 15:30:00,D,D1,7923.0,7000.0,0.1,1.0,0.0,200.0,22.43,VALID,92.3
2026-08-24 15:30:00,D,D2,7930.0,7000.0,0.1,1.0,0.0,200.0,22.53,VALID,93.0
2026-08-24 15:30:00,D,D3,7931.0,7000.0,0.1,1.0,0.0,200.0,22.6,VALID,93.1
2026-08-24 15:45:00,A,A1,8149.0,7000.0,0.1,1.0,0.0,200.0,22.28,VALID,114.9
2026-08-24 15:45:00,A,A2,8162.0,7000.0,0.1,1.0,0.0,200.0,21.88,VALID,116.2
2026-08-24 15:45:00,A,A3,8168.0,7000.0,0.1,1.0,0.0,200.0,22.97,VALID,116.8
2026-08-24 15:45:00,B,B1,8007.0,7000.0,0.1,1.0,0.0,200.0,22.31,VALID,100.7
2026-08-24 15:45:00,B,B2,8007.0,7000.0,0.1,1.0,0.0,200.0,22.21,VALID,100.7
2026-08-24 15:45:00,B,B3,7987.0,7000.0,0.1,1.0,0.0,200.0,22.27,VALID,98.7
2026-08-24 15:45:00,C,C1,8327.0,7000.0,0.1,1.0,0.0,200.0,22.47,VALID,132.7
2026-08-24 15:45:00,C,C2,8373.0,7000.0,0.1,1.0,0.0,200.0,22.64,VALID,137.3
2026-08-24 15:45:00,C,C3,10500.0,7000.0,0.1,1.0,0.0,200.0,22.51,VALID,350.0
2026-08-24 15:45:00,D,D1,7909.0,7000.0,0.1,1.0,0.0,200.0,22.24,VALID,90.9
2026-08-24 15:45:00,D,D2,7923.0,7000.0,0.1,1.0,0.0,200.0,22.64,VALID,92.3
2026-08-24 15:45:00,D,D3,7926.0,7000.0,0.1,1.0,0.0,200.0,22.13,VALID,92.6
2026-08-24 16:00:00,A,A1,8157.0,7000.0,0.1,1.0,0.0,200.0,22.15,VALID,115.7
2026-08-24 16:00:00,A,A2,8195.0,7000.0,0.1,1.0,0.0,200.0,22.29,VALID,119.5
2026-08-24 16:00:00,A,A3,8174.0,7000.0,0.1,1.0,0.0,200.0,22.62,VALID,117.4
2026-08-24 16:00:00,B,B1,7981.0,7000.0,0.1,1.0,0.0,200.0,22.42,VALID,98.1
2026-08-24 16:00:00,B,B2,8010.0,7000.0,0.1,1.0,0.0,200.0,22.43,VALID,101.0
2026-08-24 16:00:00,B,B3,8001.0,7000.0,0.1,1.0,0.0,200.0,22.14,VALID,100.1
2026-08-24 16:00:00,C,C1,8333.0,7000.0,0.1,1.0,0.0,200.0,22.3,VALID,133.3
2026-08-24 16:00:00,C,C2,8373.0,7000.0,0.1,1.0,0.0,200.0,22.59,VALID,137.3
2026-08-24 16:00:00,C,C3,10500.0,7000.0,0.1,1.0,0.0,200.0,22.47,VALID,350.0
2026-08-24 16:00:00,D,D1,7924.0,7000.0,0.1,1.0,0.0,200.0,22.54,VALID,92.4
2026-08-24 16:00:00,D,D2,7949.0,7000.0,0.1,1.0,0.0,200.0,22.4,VALID,94.9
2026-08-24 16:00:00,D,D3,7929.0,7000.0,0.1,1.0,0.0,200.0,22.59,VALID,92.9
2026-08-24 16:15:00,A,A1,8153.0,7000.0,0.1,1.0,0.0,200.0,22.04,VALID,115.3
2026-08-24 16:15:00,A,A2,8184.0,7000.0,0.1,1.0,0.0,200.0,22.27,VALID,118.4
2026-08-24 16:15:00,A,A3,8156.0,7000.0,0.1,1.0,0.0,200.0,22.41,VALID,115.6
2026-08-24 16:15:00,B,B1,8002.0,7000.0,0.1,1.0,0.0,200.0,21.98,VALID,100.2
2026-08-24 16:15:00,B,B2,8013.0,7000.0,0.1,1.0,0.0,200.0,21.8,VALID,101.3
2026-08-24 16:15:00,B,B3,7994.0,7000.0,0.1,1.0,0.0,200.0,22.68,VALID,99.4
2026-08-24 16:15:00,C,C1,8324.0,7000.0,0.1,1.0,0.0,200.0,22.33,VALID,132.4
2026-08-24 16:15:00,C,C2,8376.0,7000.0,0.1,1.0,0.0,200.0,21.97,VALID,137.6
2026-08-24 16:15:00,C,C3,10500.0,7000.0,0.1,1.0,0.0,200.0,22.32,VALID,350.0
2026-08-24 16:15:00,D,D1,7934.0,7000.0,0.1,1.0,0.0,200.0,22.06,VALID,93.4
2026-08-24 16:15:00,D,D2,7932.0,7000.0,0.1,1.0,0.0,200.0,22.12,VALID,93.2
2026-08-24 16:15:00,D,D3,7918.0,7000.0,0.1,1.0,0.0,200.0,22.53,VALID,91.8
2026-08-24 16:30:00,A,A1,8157.0,7000.0,0.1,1.0,0.0,200.0,22.12,VALID,115.7
2026-08-24 16:30:00,A,A2,8174.0,7000.0,0.1,1.0,0.0,200.0,22.12,VALID,117.4
2026-08-24 16:30:00,A,A3,8162.0,7000.0,0.1,1.0,0.0,200.0,21.98,VALID,116.2
2026-08-24 16:30:00,B,B1,7986.0,7000.0,0.1,1.0,0.0,200.0,22.16,VALID,98.6
2026-08-24 16:30:00,B,B2,7997.0,7000.0,0.1,1.0,0.0,200.0,22.26,VALID,99.7
2026-08-24 16:30:00,B,B3,7999.0,7000.0,0.1,1.0,0.0,200.0,22.12,VALID,99.9
2026-08-24 16:30:00,C,C1,8325.0,7000.0,0.1,1.0,0.0,200.0,22.66,VALID,132.5
2026-08-24 16:30:00,C,C2,8388.0,7000.0,0.1,1.0,0.0,200.0,22.02,VALID,138.8
2026-08-24 16:30:00,C,C3,10500.0,7000.0,0.1,1.0,0.0,200.0,22.02,VALID,350.0
2026-08-24 16:30:00,D,D1,7926.0,7000.0,0.1,1.0,0.0,200.0,22.15,VALID,92.6
2026-08-24 16:30:00,D,D2,7937.0,7000.0,0.1,1.0,0.0,200.0,22.63,VALID,93.7
2026-08-24 16:30:00,D,D3,7926.0,7000.0,0.1,1.0,0.0,200.0,22.37,VALID,92.6
2026-08-24 16:45:00,A,A1,8161.0,7000.0,0.1,1.0,0.0,200.0,22.04,VALID,116.1
2026-08-24 16:45:00,A,A2,8188.0,7000.0,0.1,1.0,0.0,200.0,21.99,VALID,118.8
2026-08-24 16:45:00,A,A3,8178.0,7000.0,0.1,1.0,0.0,200.0,22.04,VALID,117.8
2026-08-24 16:45:00,B,B1,7984.0,7000.0,0.1,1.0,0.0,200.0,21.94,VALID,98.4
2026-08-24 16:45:00,B,B2,7995.0,7000.0,0.1,1.0,0.0,200.0,22.07,VALID,99.5
2026-08-24 16:45:00,B,B3,7974.0,7000.0,0.1,1.0,0.0,200.0,22.11,VALID,97.4
2026-08-24 16:45:00,C,C1,8321.0,7000.0,0.1,1.0,0.0,200.0,22.32,VALID,132.1
2026-08-24 16:45:00,C,C2,8372.0,7000.0,0.1,1.0,0.0,200.0,22.02,VALID,137.2
2026-08-24 16:45:00,C,C3,6000.0,7000.0,0.1,1.0,0.0,200.0,22.11,VALID,-100.0
2026-08-24 16:45:00,D,D1,7929.0,7000.0,0.1,1.0,0.0,200.0,21.99,VALID,92.9
2026-08-24 16:45:00,D,D2,7928.0,7000.0,0.1,1.0,0.0,200.0,21.93,VALID,92.8
2026-08-24 16:45:00,D,D3,7913.0,7000.0,0.1,1.0,0.0,200.0,22.22,VALID,91.3
2026-08-24 17:00:00,A,A1,8157.0,7000.0,0.1,1.0,0.0,200.0,22.36,VALID,115.7
2026-08-24 17:00:00,A,A2,8187.0,7000.0,0.1,1.0,0.0,200.0,22.58,VALID,118.7
2026-08-24 17:00:00,A,A3,8165.0,7000.0,0.1,1.0,0.0,200.0,22.05,VALID,116.5
2026-08-24 17:00:00,B,B1,7976.0,7000.0,0.1,1.0,0.0,200.0,22.24,VALID,97.6
2026-08-24 17:00:00,B,B2,8004.0,7000.0,0.1,1.0,0.0,200.0,22.23,VALID,100.4
2026-08-24 17:00:00,B,B3,7985.0,7000.0,0.1,1.0,0.0,200.0,22.17,VALID,98.5
2026-08-24 17:00:00,C,C1,8327.0,7000.0,0.1,1.0,0.0,200.0,22.13,VALID,132.7
2026-08-24 17:00:00,C,C2,8361.0,7000.0,0.1,1.0,0.0,200.0,22.34,VALID,136.1
2026-08-24 17:00:00,C,C3,6000.0,7000.0,0.1,1.0,0.0,200.0,21.88,VALID,-100.0
2026-08-24 17:00:00,D,D1,7922.0,7000.0,0.1,1.0,0.0,200.0,21.53,VALID,92.2
2026-08-24 17:00:00,D,D2,7940.0,7000.0,0.1,1.0,0.0,200.0,21.73,VALID,94.0
2026-08-24 17:00:00,D,D3,7921.0,7000.0,0.1,1.0,0.0,200.0,21.84,VALID,92.1
2026-08-24 17:15:00,A,A1,8153.0,7000.0,0.1,1.0,0.0,200.0,22.23,VALID,115.3
2026-08-24 17:15:00,A,A2,8161.0,7000.0,0.1,1.0,0.0,200.0,21.99,VALID,116.1
2026-08-24 17:15:00,A,A3,8161.0,7000.0,0.1,1.0,0.0,200.0,22.37,VALID,116.1
2026-08-24 17:15:00,B,B1,7991.0,7000.0,0.1,1.0,0.0,200.0,21.82,VALID,99.1
2026-08-24 17:15:00,B,B2,7998.0,7000.0,0.1,1.0,0.0,200.0,22.37,VALID,99.8
2026-08-24 17:15:00,B,B3,8002.0,7000.0,0.1,1.0,0.0,200.0,21.87,VALID,100.2
2026-08-24 17:15:00,C,C1,8323.0,7000.0,0.1,1.0,0.0,200.0,22.01,VALID,132.3
2026-08-24 17:15:00,C,C2,8363.0,7000.0,0.1,1.0,0.0,200.0,21.72,VALID,136.3
2026-08-24 17:15:00,C,C3,6000.0,7000.0,0.1,1.0,0.0,200.0,22.34,VALID,-100.0
2026-08-24 17:15:00,D,D1,7912.0,7000.0,0.1,1.0,0.0,200.0,22.04,VALID,91.2
2026-08-24 17:15:00,D,D2,7935.0,7000.0,0.1,1.0,0.0,200.0,22.5,VALID,93.5
2026-08-24 17:15:00,D,D3,7925.0,7000.0,0.1,1.0,0.0,200.0,22.28,VALID,92.5
2026-08-24 17:30:00,A,A1,8150.0,7000.0,0.1,1.0,0.0,200.0,21.97,VALID,115.0
2026-08-24 17:30:00,A,A2,8177.0,7000.0,0.1,1.0,0.0,200.0,21.87,VALID,117.7
2026-08-24 17:30:00,A,A3,8163.0,7000.0,0.1,1.0,0.0,200.0,22.2,VALID,116.3
2026-08-24 17:30:00,B,B1,7980.0,7000.0,0.1,1.0,0.0,200.0,22.03,VALID,98.0
2026-08-24 17:30:00,B,B2,8009.0,7000.0,0.1,1.0,0.0,200.0,21.86,VALID,100.9
2026-08-24 17:30:00,B,B3,8005.0,7000.0,0.1,1.0,0.0,200.0,22.04,VALID,100.5
2026-08-24 17:30:00,C,C1,8324.0,7000.0,0.1,1.0,0.0,200.0,21.62,VALID,132.4
2026-08-24 17:30:00,C,C2,8364.0,7000.0,0.1,1.0,0.0,200.0,22.1,VALID,136.4
2026-08-24 17:30:00,C,C3,6000.0,7000.0,0.1,1.0,0.0,200.0,22.14,VALID,-100.0
2026-08-24 17:30:00,D,D1,7925.0,7000.0,0.1,1.0,0.0,200.0,21.78,VALID,92.5
2026-08-24 17:30:00,D,D2,7932.0,7000.0,0.1,1.0,0.0,200.0,22.27,VALID,93.2
2026-08-24 17:30:00,D,D3,7917.0,7000.0,0.1,1.0,0.0,200.0,22.22,VALID,91.7
2026-08-24 17:45:00,A,A1,8162.0,7000.0,0.1,1.0,0.0,200.0,22.06,VALID,116.2
2026-08-24 17:45:00,A,A2,8174.0,7000.0,0.1,1.0,0.0,200.0,21.81,VALID,117.4
2026-08-24 17:45:00,A,A3,8181.0,7000.0,0.1,1.0,0.0,200.0,22.13,VALID,118.1
2026-08-24 17:45:00,B,B1,7990.0,7000.0,0.1,1.0,0.0,200.0,21.92,VALID,99.0
2026-08-24 17:45:00,B,B2,8003.0,7000.0,0.1,1.0,0.0,200.0,22.04,VALID,100.3
2026-08-24 17:45:00,B,B3,7999.0,7000.0,0.1,1.0,0.0,200.0,22.15,VALID,99.9
2026-08-24 17:45:00,C,C1,8318.0,7000.0,0.1,1.0,0.0,200.0,21.71,VALID,131.8
2026-08-24 17:45:00,C,C2,8368.0,7000.0,0.1,1.0,0.0,200.0,21.66,VALID,136.8
2026-08-24 17:45:00,C,C3,6000.0,7000.0,0.1,1.0,0.0,200.0,21.9,VALID,-100.0
2026-08-24 17:45:00,D,D1,7920.0,7000.0,0.1,1.0,0.0,200.0,22.4,VALID,92.0
2026-08-24 17:45:00,D,D2,7916.0,7000.0,0.1,1.0,0.0,200.0,22.46,VALID,91.6
2026-08-24 17:45:00,D,D3,7923.0,7000.0,0.1,1.0,0.0,200.0,22.08,VALID,92.3
2026-08-24 18:00:00,A,A1,8143.0,7000.0,0.1,1.0,0.0,200.0,22.2,VALID,114.3
2026-08-24 18:00:00,A,A2,8178.0,7000.0,0.1,1.0,0.0,200.0,21.99,VALID,117.8
2026-08-24 18:00:00,A,A3,8148.0,7000.0,0.1,1.0,0.0,200.0,22.01,VALID,114.8
2026-08-24 18:00:00,B,B1,7995.0,7000.0,0.1,1.0,0.0,200.0,21.95,VALID,99.5
2026-08-24 18:00:00,B,B2,8013.0,7000.0,0.1,1.0,0.0,200.0,22.23,VALID,101.3
2026-08-24 18:00:00,B,B3,7990.0,7000.0,0.1,1.0,0.0,200.0,22.32,VALID,99.0
2026-08-24 18:00:00,C,C1,8326.0,7000.0,0.1,1.0,0.0,200.0,22.01,VALID,132.6
2026-08-24 18:00:00,C,C2,8368.0,7000.0,0.1,1.0,0.0,200.0,22.01,VALID,136.8
2026-08-24 18:00:00,C,C3,8322.0,7000.0,0.1,1.0,0.0,200.0,21.96,VALID,132.2
2026-08-24 18:00:00,D,D1,7903.0,7000.0,0.1,1.0,0.0,200.0,22.33,VALID,90.3
2026-08-24 18:00:00,D,D2,7948.0,7000.0,0.1,1.0,0.0,200.0,22.17,VALID,94.8
2026-08-24 18:00:00,D,D3,7923.0,7000.0,0.1,1.0,0.0,200.0,21.8,VALID,92.3
2026-08-24 18:15:00,A,A1,8150.0,7000.0,0.1,1.0,0.0,200.0,22.39,VALID,115.0
2026-08-24 18:15:00,A,A2,8171.0,7000.0,0.1,1.0,0.0,200.0,21.54,VALID,117.1
2026-08-24 18:15:00,A,A3,8175.0,7000.0,0.1,1.0,0.0,200.0,22.31,VALID,117.5
2026-08-24 18:15:00,B,B1,8003.0,7000.0,0.1,1.0,0.0,200.0,22.21,VALID,100.3
2026-08-24 18:15:00,B,B2,8013.0,7000.0,0.1,1.0,0.0,200.0,22.02,VALID,101.3
2026-08-24 18:15:00,B,B3,7977.0,7000.0,0.1,1.0,0.0,200.0,22.01,VALID,97.7
2026-08-24 18:15:00,C,C1,8331.0,7000.0,0.1,1.0,0.0,200.0,21.98,VALID,133.1
2026-08-24 18:15:00,C,C2,8366.0,7000.0,0.1,1.0,0.0,200.0,21.81,VALID,136.6
2026-08-24 18:15:00,C,C3,8337.0,7000.0,0.1,1.0,0.0,200.0,22.37,VALID,133.7
2026-08-24 18:15:00,D,D1,7932.0,7000.0,0.1,1.0,0.0,200.0,22.01,VALID,93.2
2026-08-24 18:15:00,D,D2,7936.0,7000.0,0.1,1.0,0.0,200.0,21.81,VALID,93.6
2026-08-24 18:15:00,D,D3,7931.0,7000.0,0.1,1.0,0.0,200.0,22.36,VALID,93.1
2026-08-24 18:30:00,A,A1,8142.0,7000.0,0.1,1.0,0.0,200.0,22.12,VALID,114.2
2026-08-24 18:30:00,A,A2,8183.0,7000.0,0.1,1.0,0.0,200.0,22.13,VALID,118.3
2026-08-24 18:30:00,A,A3,8181.0,7000.0,0.1,1.0,0.0,200.0,22.43,VALID,118.1
2026-08-24 18:30:00,B,B1,7986.0,7000.0,0.1,1.0,0.0,200.0,22.16,VALID,98.6
2026-08-24 18:30:00,B,B2,8004.0,7000.0,0.1,1.0,0.0,200.0,21.9,VALID,100.4
2026-08-24 18:30:00,B,B3,7998.0,7000.0,0.1,1.0,0.0,200.0,22.16,VALID,99.8
2026-08-24 18:30:00,C,C1,8328.0,7000.0,0.1,1.0,0.0,200.0,21.85,VALID,132.8
2026-08-24 18:30:00,C,C2,8364.0,7000.0,0.1,1.0,0.0,200.0,21.93,VALID,136.4
2026-08-24 18:30:00,C,C3,8338.0,7000.0,0.1,1.0,0.0,200.0,22.09,VALID,133.8
2026-08-24 18:30:00,D,D1,7920.0,7000.0,0.1,1.0,0.0,200.0,22.22,VALID,92.0
2026-08-24 18:30:00,D,D2,7926.0,7000.0,0.1,1.0,0.0,200.0,21.91,VALID,92.6
2026-08-24 18:30:00,D,D3,7940.0,7000.0,0.1,1.0,0.0,200.0,21.99,VALID,94.0
2026-08-24 18:45:00,A,A1,8157.0,7000.0,0.1,1.0,0.0,200.0,22.02,VALID,115.7
2026-08-24 18:45:00,A,A2,8189.0,7000.0,0.1,1.0,0.0,200.0,22.29,VALID,118.9
2026-08-24 18:45:00,A,A3,8177.0,7000.0,0.1,1.0,0.0,200.0,22.06,VALID,117.7
2026-08-24 18:45:00,B,B1,7981.0,7000.0,0.1,1.0,0.0,200.0,22.44,VALID,98.1
2026-08-24 18:45:00,B,B2,8011.0,7000.0,0.1,1.0,0.0,200.0,21.97,VALID,101.1
2026-08-24 18:45:00,B,B3,8009.0,7000.0,0.1,1.0,0.0,200.0,21.95,VALID,100.9
2026-08-24 18:45:00,C,C1,8339.0,7000.0,0.1,1.0,0.0,200.0,22.35,VALID,133.9
2026-08-24 18:45:00,C,C2,8360.0,7000.0,0.1,1.0,0.0,200.0,22.17,VALID,136.0
2026-08-24 18:45:00,C,C3,8354.0,7000.0,0.1,1.0,0.0,200.0,22.58,VALID,135.4
2026-08-24 18:45:00,D,D1,7910.0,7000.0,0.1,1.0,0.0,200.0,22.34,VALID,91.0
2026-08-24 18:45:00,D,D2,7935.0,7000.0,0.1,1.0,0.0,200.0,21.81,VALID,93.5
2026-08-24 18:45:00,D,D3,7925.0,7000.0,0.1,1.0,0.0,200.0,22.06,VALID,92.5
2026-08-24 19:00:00,A,A1,8148.0,7000.0,0.1,1.0,0.0,200.0,22.16,VALID,114.8
2026-08-24 19:00:00,A,A2,8188.0,7000.0,0.1,1.0,0.0,200.0,22.15,VALID,118.8
2026-08-24 19:00:00,A,A3,8162.0,7000.0,0.1,1.0,0.0,200.0,22.07,VALID,116.2
2026-08-24 19:00:00,B,B1,7989.0,7000.0,0.1,1.0,0.0,200.0,22.15,VALID,98.9
2026-08-24 19:00:00,B,B2,8014.0,7000.0,0.1,1.0,0.0,200.0,22.16,VALID,101.4
2026-08-24 19:00:00,B,B3,7985.0,7000.0,0.1,1.0,0.0,200.0,21.99,VALID,98.5
2026-08-24 19:00:00,C,C1,8329.0,7000.0,0.1,1.0,0.0,200.0,22.33,VALID,132.9
2026-08-24 19:00:00,C,C2,8381.0,7000.0,0.1,1.0,0.0,200.0,22.46,VALID,138.1
2026-08-24 19:00:00,C,C3,8348.0,7000.0,0.1,1.0,0.0,200.0,22.25,VALID,134.8
2026-08-24 19:00:00,D,D1,7904.0,7000.0,0.1,1.0,0.0,200.0,22.19,VALID,90.4
2026-08-24 19:00:00,D,D2,7925.0,7000.0,0.1,1.0,0.0,200.0,22.09,VALID,92.5
2026-08-24 19:00:00,D,D3,7954.0,7000.0,0.1,1.0,0.0,200.0,22.16,VALID,95.4
2026-08-24 19:15:00,A,A1,8150.0,7000.0,0.1,1.0,0.0,200.0,22.24,VALID,115.0
2026-08-24 19:15:00,A,A2,8175.0,7000.0,0.1,1.0,0.0,200.0,21.97,VALID,117.5
2026-08-24 19:15:00,A,A3,8187.0,7000.0,0.1,1.0,0.0,200.0,22.37,VALID,118.7
2026-08-24 19:15:00,B,B1,7993.0,7000.0,0.1,1.0,0.0,200.0,22.08,VALID,99.3
2026-08-24 19:15:00,B,B2,8002.0,7000.0,0.1,1.0,0.0,200.0,22.47,VALID,100.2
2026-08-24 19:15:00,B,B3,8001.0,7000.0,0.1,1.0,0.0,200.0,21.54,VALID,100.1
2026-08-24 19:15:00,C,C1,8350.0,7000.0,0.1,1.0,0.0,200.0,22.2,VALID,135.0
2026-08-24 19:15:00,C,C2,8373.0,7000.0,0.1,1.0,0.0,200.0,22.38,VALID,137.3
2026-08-24 19:15:00,C,C3,8352.0,7000.0,0.1,1.0,0.0,200.0,22.31,VALID,135.2
2026-08-24 19:15:00,D,D1,7914.0,7000.0,0.1,1.0,0.0,200.0,21.91,VALID,91.4
2026-08-24 19:15:00,D,D2,7938.0,7000.0,0.1,1.0,0.0,200.0,22.45,VALID,93.8
2026-08-24 19:15:00,D,D3,7922.0,7000.0,0.1,1.0,0.0,200.0,22.01,VALID,92.2
2026-08-24 19:30:00,A,A1,8170.0,7000.0,0.1,1.0,0.0,200.0,22.14,VALID,117.0
2026-08-24 19:30:00,A,A2,8177.0,7000.0,0.1,1.0,0.0,200.0,22.15,VALID,117.7
2026-08-24 19:30:00,A,A3,8168.0,7000.0,0.1,1.0,0.0,200.0,21.91,VALID,116.8
2026-08-24 19:30:00,B,B1,7986.0,7000.0,0.1,1.0,0.0,200.0,22.27,VALID,98.6
2026-08-24 19:30:00,B,B2,8008.0,7000.0,0.1,1.0,0.0,200.0,22.46,VALID,100.8
2026-08-24 19:30:00,B,B3,8015.0,7000.0,0.1,1.0,0.0,200.0,22.53,VALID,101.5
2026-08-24 19:30:00,C,C1,8337.0,7000.0,0.1,1.0,0.0,200.0,22.2,VALID,133.7
2026-08-24 19:30:00,C,C2,8365.0,7000.0,0.1,1.0,0.0,200.0,22.23,VALID,136.5
2026-08-24 19:30:00,C,C3,8354.0,7000.0,0.1,1.0,0.0,200.0,22.39,VALID,135.4
2026-08-24 19:30:00,D,D1,7924.0,7000.0,0.1,1.0,0.0,200.0,22.2,VALID,92.4
2026-08-24 19:30:00,D,D2,7944.0,7000.0,0.1,1.0,0.0,200.0,22.48,VALID,94.4
2026-08-24 19:30:00,D,D3,7937.0,7000.0,0.1,1.0,0.0,200.0,22.22,VALID,93.7
2026-08-24 19:45:00,A,A1,8152.0,7000.0,0.1,1.0,0.0,200.0,22.14,VALID,115.2
2026-08-24 19:45:00,A,A2,8176.0,7000.0,0.1,1.0,0.0,200.0,22.36,VALID,117.6
2026-08-24 19:45:00,A,A3,8174.0,7000.0,0.1,1.0,0.0,200.0,22.03,VALID,117.4
2026-08-24 19:45:00,B,B1,7987.0,7000.0,0.1,1.0,0.0,200.0,22.36,VALID,98.7
2026-08-24 19:45:00,B,B2,7999.0,7000.0,0.1,1.0,0.0,200.0,22.4,VALID,99.9
2026-08-24 19:45:00,B,B3,7997.0,7000.0,0.1,1.0,0.0,200.0,22.16,VALID,99.7
2026-08-24 19:45:00,C,C1,8330.0,7000.0,0.1,1.0,0.0,200.0,22.39,VALID,133.0
2026-08-24 19:45:00,C,C2,8364.0,7000.0,0.1,1.0,0.0,200.0,22.26,VALID,136.4
2026-08-24 19:45:00,C,C3,8354.0,7000.0,0.1,1.0,0.0,200.0,22.16,VALID,135.4
2026-08-24 19:45:00,D,D1,7905.0,7000.0,0.1,1.0,0.0,200.0,22.0,VALID,90.5
2026-08-24 19:45:00,D,D2,7934.0,7000.0,0.1,1.0,0.0,200.0,22.05,VALID,93.4
2026-08-24 19:45:00,D,D3,7927.0,7000.0,0.1,1.0,0.0,200.0,22.64,VALID,92.7
2026-08-24 20:00:00,A,A1,8148.0,7000.0,0.1,1.0,0.0,200.0,22.35,VALID,114.8
2026-08-24 20:00:00,A,A2,8202.0,7000.0,0.1,1.0,0.0,200.0,22.48,VALID,120.2
2026-08-24 20:00:00,A,A3,8168.0,7000.0,0.1,1.0,0.0,200.0,22.37,VALID,116.8
2026-08-24 20:00:00,B,B1,7997.0,7000.0,0.1,1.0,0.0,200.0,22.74,VALID,99.7
2026-08-24 20:00:00,B,B2,8003.0,7000.0,0.1,1.0,0.0,200.0,22.25,VALID,100.3
2026-08-24 20:00:00,B,B3,7988.0,7000.0,0.1,1.0,0.0,200.0,22.42,VALID,98.8
2026-08-24 20:00:00,C,C1,8318.0,7000.0,0.1,1.0,0.0,200.0,22.31,VALID,131.8
2026-08-24 20:00:00,C,C2,8365.0,7000.0,0.1,1.0,0.0,200.0,22.62,VALID,136.5
2026-08-24 20:00:00,C,C3,8346.0,7000.0,0.1,1.0,0.0,200.0,22.48,VALID,134.6
2026-08-24 20:00:00,D,D1,7906.0,7000.0,0.1,1.0,0.0,200.0,22.43,VALID,90.6
2026-08-24 20:00:00,D,D2,7928.0,7000.0,0.1,1.0,0.0,200.0,22.32,VALID,92.8
2026-08-24 20:00:00,D,D3,7951.0,7000.0,0.1,1.0,0.0,200.0,22.59,VALID,95.1
2026-08-24 20:15:00,A,A1,8161.0,7000.0,0.1,1.0,0.0,200.0,23.15,VALID,116.1
2026-08-24 20:15:00,A,A2,8176.0,7000.0,0.1,1.0,0.0,200.0,22.74,VALID,117.6
2026-08-24 20:15:00,A,A3,8158.0,7000.0,0.1,1.0,0.0,200.0,22.46,VALID,115.8
2026-08-24 20:15:00,B,B1,7982.0,7000.0,0.1,1.0,0.0,200.0,22.56,VALID,98.2
2026-08-24 20:15:00,B,B2,8010.0,7000.0,0.1,1.0,0.0,200.0,22.44,VALID,101.0
2026-08-24 20:15:00,B,B3,8012.0,7000.0,0.1,1.0,0.0,200.0,22.39,VALID,101.2
2026-08-24 20:15:00,C,C1,8335.0,7000.0,0.1,1.0,0.0,200.0,22.67,VALID,133.5
2026-08-24 20:15:00,C,C2,8361.0,7000.0,0.1,1.0,0.0,200.0,22.36,VALID,136.1
2026-08-24 20:15:00,C,C3,8353.0,7000.0,0.1,1.0,0.0,200.0,22.63,VALID,135.3
2026-08-24 20:15:00,D,D1,7935.0,7000.0,0.1,1.0,0.0,200.0,22.46,VALID,93.5
2026-08-24 20:15:00,D,D2,,7000.0,0.1,1.0,0.0,200.0,22.33,INVALID,
2026-08-24 20:15:00,D,D3,7935.0,7000.0,0.1,1.0,0.0,200.0,22.45,VALID,93.5
2026-08-24 20:30:00,A,A1,8161.0,7000.0,0.1,1.0,0.0,200.0,22.6,VALID,116.1
2026-08-24 20:30:00,A,A2,8190.0,7000.0,0.1,1.0,0.0,200.0,22.51,VALID,119.0
2026-08-24 20:30:00,A,A3,8167.0,7000.0,0.1,1.0,0.0,200.0,22.71,VALID,116.7
2026-08-24 20:30:00,B,B1,7968.0,7000.0,0.1,1.0,0.0,200.0,22.5,VALID,96.8
2026-08-24 20:30:00,B,B2,8000.0,7000.0,0.1,1.0,0.0,200.0,22.86,VALID,100.0
2026-08-24 20:30:00,B,B3,7999.0,7000.0,0.1,1.0,0.0,200.0,22.51,VALID,99.9
2026-08-24 20:30:00,C,C1,8333.0,7000.0,0.1,1.0,0.0,200.0,22.5,VALID,133.3
2026-08-24 20:30:00,C,C2,8372.0,7000.0,0.1,1.0,0.0,200.0,22.64,VALID,137.2
2026-08-24 20:30:00,C,C3,8350.0,7000.0,0.1,1.0,0.0,200.0,22.53,VALID,135.0
2026-08-24 20:30:00,D,D1,7914.0,7000.0,0.1,1.0,0.0,200.0,22.39,VALID,91.4
2026-08-24 20:30:00,D,D2,,7000.0,0.1,1.0,0.0,200.0,22.68,INVALID,
2026-08-24 20:30:00,D,D3,7921.0,7000.0,0.1,1.0,0.0,200.0,22.77,VALID,92.1
2026-08-24 20:45:00,A,A1,8172.0,7000.0,0.1,1.0,0.0,200.0,22.94,VALID,117.2
2026-08-24 20:45:00,A,A2,8190.0,7000.0,0.1,1.0,0.0,200.0,22.87,VALID,119.0
2026-08-24 20:45:00,A,A3,8195.0,7000.0,0.1,1.0,0.0,200.0,22.68,VALID,119.5
2026-08-24 20:45:00,B,B1,7987.0,7000.0,0.1,1.0,0.0,200.0,22.44,VALID,98.7
2026-08-24 20:45:00,B,B2,8028.0,7000.0,0.1,1.0,0.0,200.0,23.1,VALID,102.8
2026-08-24 20:45:00,B,B3,7997.0,7000.0,0.1,1.0,0.0,200.0,22.6,VALID,99.7
2026-08-24 20:45:00,C,C1,8332.0,7000.0,0.1,1.0,0.0,200.0,22.99,VALID,133.2
2026-08-24 20:45:00,C,C2,8365.0,7000.0,0.1,1.0,0.0,200.0,22.35,VALID,136.5
2026-08-24 20:45:00,C,C3,8374.0,7000.0,0.1,1.0,0.0,200.0,22.81,VALID,137.4
2026-08-24 20:45:00,D,D1,7929.0,7000.0,0.1,1.0,0.0,200.0,22.7,VALID,92.9
2026-08-24 20:45:00,D,D2,,7000.0,0.1,1.0,0.0,200.0,22.44,INVALID,
2026-08-24 20:45:00,D,D3,7927.0,7000.0,0.1,1.0,0.0,200.0,22.77,VALID,92.7
2026-08-24 21:00:00,A,A1,8146.0,7000.0,0.1,1.0,0.0,200.0,22.82,VALID,114.6
2026-08-24 21:00:00,A,A2,8185.0,7000.0,0.1,1.0,0.0,200.0,22.82,VALID,118.5
2026-08-24 21:00:00,A,A3,8171.0,7000.0,0.1,1.0,0.0,200.0,22.68,VALID,117.1
2026-08-24 21:00:00,B,B1,7982.0,7000.0,0.1,1.0,0.0,200.0,22.91,VALID,98.2
2026-08-24 21:00:00,B,B2,8011.0,7000.0,0.1,1.0,0.0,200.0,22.6,VALID,101.1
2026-08-24 21:00:00,B,B3,8007.0,7000.0,0.1,1.0,0.0,200.0,22.82,VALID,100.7
2026-08-24 21:00:00,C,C1,8332.0,7000.0,0.1,1.0,0.0,200.0,22.45,VALID,133.2
2026-08-24 21:00:00,C,C2,8385.0,7000.0,0.1,1.0,0.0,200.0,22.63,VALID,138.5
2026-08-24 21:00:00,C,C3,8357.0,7000.0,0.1,1.0,0.0,200.0,22.72,VALID,135.7
2026-08-24 21:00:00,D,D1,7923.0,7000.0,0.1,1.0,0.0,200.0,23.11,VALID,92.3
2026-08-24 21:00:00,D,D2,,7000.0,0.1,1.0,0.0,200.0,23.1,INVALID,
2026-08-24 21:00:00,D,D3,7939.0,7000.0,0.1,1.0,0.0,200.0,22.96,VALID,93.9
2026-08-24 21:15:00,A,A1,8152.0,7000.0,0.1,1.0,0.0,200.0,22.96,VALID,115.2
2026-08-24 21:15:00,A,A2,8188.0,7000.0,0.1,1.0,0.0,200.0,23.27,VALID,118.8
2026-08-24 21:15:00,A,A3,8174.0,7000.0,0.1,1.0,0.0,200.0,23.07,VALID,117.4
2026-08-24 21:15:00,B,B1,8002.0,7000.0,0.1,1.0,0.0,200.0,23.25,VALID,100.2
2026-08-24 21:15:00,B,B2,8014.0,7000.0,0.1,1.0,0.0,200.0,23.19,VALID,101.4
2026-08-24 21:15:00,B,B3,7993.0,7000.0,0.1,1.0,0.0,200.0,22.7,VALID,99.3
2026-08-24 21:15:00,C,C1,8318.0,7000.0,0.1,1.0,0.0,200.0,23.18,VALID,131.8
2026-08-24 21:15:00,C,C2,8386.0,7000.0,0.1,1.0,0.0,200.0,23.2,VALID,138.6
2026-08-24 21:15:00,C,C3,8352.0,7000.0,0.1,1.0,0.0,200.0,22.91,VALID,135.2
2026-08-24 21:15:00,D,D1,7927.0,7000.0,0.1,1.0,0.0,200.0,23.31,VALID,92.7
2026-08-24 21:15:00,D,D2,,7000.0,0.1,1.0,0.0,200.0,23.18,INVALID,
2026-08-24 21:15:00,D,D3,7941.0,7000.0,0.1,1.0,0.0,200.0,23.29,VALID,94.1
2026-08-24 21:30:00,A,A1,8167.0,7000.0,0.1,1.0,0.0,200.0,23.1,VALID,116.7
2026-08-24 21:30:00,A,A2,8191.0,7000.0,0.1,1.0,0.0,200.0,22.98,VALID,119.1
2026-08-24 21:30:00,A,A3,8178.0,7000.0,0.1,1.0,0.0,200.0,22.95,VALID,117.8
2026-08-24 21:30:00,B,B1,8011.0,7000.0,0.1,1.0,0.0,200.0,23.28,VALID,101.1
2026-08-24 21:30:00,B,B2,8030.0,7000.0,0.1,1.0,0.0,200.0,22.85,VALID,103.0
2026-08-24 21:30:00,B,B3,8027.0,7000.0,0.1,1.0,0.0,200.0,22.86,VALID,102.7
2026-08-24 21:30:00,C,C1,8329.0,7000.0,0.1,1.0,0.0,200.0,23.05,VALID,132.9
2026-08-24 21:30:00,C,C2,8394.0,7000.0,0.1,1.0,0.0,200.0,23.22,VALID,139.4
2026-08-24 21:30:00,C,C3,8358.0,7000.0,0.1,1.0,0.0,200.0,23.02,VALID,135.8
2026-08-24 21:30:00,D,D1,7917.0,7000.0,0.1,1.0,0.0,200.0,23.4,VALID,91.7
2026-08-24 21:30:00,D,D2,,7000.0,0.1,1.0,0.0,200.0,23.44,INVALID,
2026-08-24 21:30:00,D,D3,7943.0,7000.0,0.1,1.0,0.0,200.0,22.65,VALID,94.3
2026-08-24 21:45:00,A,A1,8160.0,7000.0,0.1,1.0,0.0,200.0,23.43,VALID,116.0
2026-08-24 21:45:00,A,A2,8190.0,7000.0,0.1,1.0,0.0,200.0,23.22,VALID,119.0
2026-08-24 21:45:00,A,A3,8172.0,7000.0,0.1,1.0,0.0,200.0,23.52,VALID,117.2
2026-08-24 21:45:00,B,B1,8008.0,7000.0,0.1,1.0,0.0,200.0,23.43,VALID,100.8
2026-08-24 21:45:00,B,B2,8013.0,7000.0,0.1,1.0,0.0,200.0,23.37,VALID,101.3
2026-08-24 21:45:00,B,B3,8000.0,7000.0,0.1,1.0,0.0,200.0,23.31,VALID,100.0
2026-08-24 21:45:00,C,C1,8319.0,7000.0,0.1,1.0,0.0,200.0,23.02,VALID,131.9
2026-08-24 21:45:00,C,C2,8381.0,7000.0,0.1,1.0,0.0,200.0,23.81,VALID,138.1
2026-08-24 21:45:00,C,C3,8345.0,7000.0,0.1,1.0,0.0,200.0,23.08,VALID,134.5
2026-08-24 21:45:00,D,D1,7934.0,7000.0,0.1,1.0,0.0,200.0,23.69,VALID,93.4
2026-08-24 21:45:00,D,D2,,7000.0,0.1,1.0,0.0,200.0,23.47,INVALID,
2026-08-24 21:45:00,D,D3,7939.0,7000.0,0.1,1.0,0.0,200.0,23.23,VALID,93.9
2026-08-24 22:00:00,A,A1,8174.0,7000.0,0.1,1.0,0.0,200.0,23.37,VALID,117.4
2026-08-24 22:00:00,A,A2,8202.0,7000.0,0.1,1.0,0.0,200.0,23.18,VALID,120.2
2026-08-24 22:00:00,A,A3,8191.0,7000.0,0.1,1.0,0.0,200.0,23.51,VALID,119.1
2026-08-24 22:00:00,B,B1,8003.0,7000.0,0.1,1.0,0.0,200.0,23.17,VALID,100.3
2026-08-24 22:00:00,B,B2,8012.0,7000.0,0.1,1.0,0.0,200.0,23.74,VALID,101.2
2026-08-24 22:00:00,B,B3,8012.0,7000.0,0.1,1.0,0.0,200.0,23.56,VALID,101.2
2026-08-24 22:00:00,C,C1,8336.0,7000.0,0.1,1.0,0.0,200.0,23.49,VALID,133.6
2026-08-24 22:00:00,C,C2,8373.0,7000.0,0.1,1.0,0.0,200.0,23.52,VALID,137.3
2026-08-24 22:00:00,C,C3,8367.0,7000.0,0.1,1.0,0.0,200.0,23.56,VALID,136.7
2026-08-24 22:00:00,D,D1,7925.0,7000.0,0.1,1.0,0.0,200.0,23.43,VALID,92.5
2026-08-24 22:00:00,D,D2,,7000.0,0.1,1.0,0.0,200.0,23.46,INVALID,
2026-08-24 22:00:00,D,D3,7941.0,7000.0,0.1,1.0,0.0,200.0,23.88,VALID,94.1
2026-08-24 22:15:00,A,A1,8167.0,7000.0,0.1,1.0,0.0,200.0,23.89,VALID,116.7
2026-08-24 22:15:00,A,A2,8187.0,7000.0,0.1,1.0,0.0,200.0,23.8,VALID,118.7
2026-08-24 22:15:00,A,A3,8192.0,7000.0,0.1,1.0,0.0,200.0,23.57,VALID,119.2
2026-08-24 22:15:00,B,B1,7996.0,7000.0,0.1,1.0,0.0,200.0,23.28,VALID,99.6
2026-08-24 22:15:00,B,B2,8017.0,7000.0,0.1,1.0,0.0,200.0,23.78,VALID,101.7
2026-08-24 22:15:00,B,B3,8006.0,7000.0,0.1,1.0,0.0,200.0,23.69,VALID,100.6
2026-08-24 22:15:00,C,C1,8332.0,7000.0,0.1,1.0,0.0,200.0,23.63,VALID,133.2
2026-08-24 22:15:00,C,C2,8377.0,7000.0,0.1,1.0,0.0,200.0,23.66,VALID,137.7
2026-08-24 22:15:00,C,C3,8361.0,7000.0,0.1,1.0,0.0,200.0,23.44,VALID,136.1
2026-08-24 22:15:00,D,D1,7929.0,7000.0,0.1,1.0,0.0,200.0,23.49,VALID,92.9
2026-08-24 22:15:00,D,D2,,7000.0,0.1,1.0,0.0,200.0,23.89,INVALID,
2026-08-24 22:15:00,D,D3,7942.0,7000.0,0.1,1.0,0.0,200.0,23.23,VALID,94.2
2026-08-24 22:30:00,A,A1,8172.0,7000.0,0.1,1.0,0.0,200.0,24.03,VALID,117.2
2026-08-24 22:30:00,A,A2,8192.0,7000.0,0.1,1.0,0.0,200.0,24.15,VALID,119.2
2026-08-24 22:30:00,A,A3,8180.0,7000.0,0.1,1.0,0.0,200.0,23.95,VALID,118.0
2026-08-24 22:30:00,B,B1,8019.0,7000.0,0.1,1.0,0.0,200.0,23.94,VALID,101.9
2026-08-24 22:30:00,B,B2,8012.0,7000.0,0.1,1.0,0.0,200.0,23.66,VALID,101.2
2026-08-24 22:30:00,B,B3,8028.0,7000.0,0.1,1.0,0.0,200.0,23.69,VALID,102.8
2026-08-24 22:30:00,C,C1,8356.0,7000.0,0.1,1.0,0.0,200.0,23.77,VALID,135.6
2026-08-24 22:30:00,C,C2,8391.0,7000.0,0.1,1.0,0.0,200.0,23.57,VALID,139.1
2026-08-24 22:30:00,C,C3,8362.0,7000.0,0.1,1.0,0.0,200.0,23.68,VALID,136.2
2026-08-24 22:30:00,D,D1,7939.0,7000.0,0.1,1.0,0.0,200.0,23.87,VALID,93.9
2026-08-24 22:30:00,D,D2,,7000.0,0.1,1.0,0.0,200.0,23.75,INVALID,
2026-08-24 22:30:00,D,D3,7939.0,7000.0,0.1,1.0,0.0,200.0,23.89,VALID,93.9
2026-08-24 22:45:00,A,A1,8170.0,7000.0,0.1,1.0,0.0,200.0,24.25,VALID,117.0
2026-08-24 22:45:00,A,A2,8200.0,7000.0,0.1,1.0,0.0,200.0,23.97,VALID,120.0
2026-08-24 22:45:00,A,A3,8194.0,7000.0,0.1,1.0,0.0,200.0,24.02,VALID,119.4
2026-08-24 22:45:00,B,B1,7996.0,7000.0,0.1,1.0,0.0,200.0,23.82,VALID,99.6
2026-08-24 22:45:00,B,B2,8036.0,7000.0,0.1,1.0,0.0,200.0,24.05,VALID,103.6
2026-08-24 22:45:00,B,B3,8004.0,7000.0,0.1,1.0,0.0,200.0,24.11,VALID,100.4
2026-08-24 22:45:00,C,C1,8344.0,7000.0,0.1,1.0,0.0,200.0,23.86,VALID,134.4
2026-08-24 22:45:00,C,C2,8381.0,7000.0,0.1,1.0,0.0,200.0,24.24,VALID,138.1
2026-08-24 22:45:00,C,C3,8352.0,7000.0,0.1,1.0,0.0,200.0,23.87,VALID,135.2
2026-08-24 22:45:00,D,D1,7940.0,7000.0,0.1,1.0,0.0,200.0,24.35,VALID,94.0
2026-08-24 22:45:00,D,D2,,7000.0,0.1,1.0,0.0,200.0,23.87,INVALID,
2026-08-24 22:45:00,D,D3,7963.0,7000.0,0.1,1.0,0.0,200.0,23.76,VALID,96.3
2026-08-24 23:00:00,A,A1,8184.0,7000.0,0.1,1.0,0.0,200.0,24.32,VALID,118.4
2026-08-24 23:00:00,A,A2,8196.0,7000.0,0.1,1.0,0.0,200.0,24.36,VALID,119.6
2026-08-24 23:00:00,A,A3,8187.0,7000.0,0.1,1.0,0.0,200.0,24.36,VALID,118.7
2026-08-24 23:00:00,B,B1,7997.0,7000.0,0.1,1.0,0.0,200.0,24.29,VALID,99.7
2026-08-24 23:00:00,B,B2,8025.0,7000.0,0.1,1.0,0.0,200.0,24.45,VALID,102.5
2026-08-24 23:00:00,B,B3,8021.0,7000.0,0.1,1.0,0.0,200.0,24.47,VALID,102.1
2026-08-24 23:00:00,C,C1,8356.0,7000.0,0.1,1.0,0.0,200.0,24.2,VALID,135.6
2026-08-24 23:00:00,C,C2,8401.0,7000.0,0.1,1.0,0.0,200.0,24.38,VALID,140.1
2026-08-24 23:00:00,C,C3,8376.0,7000.0,0.1,1.0,0.0,200.0,23.77,VALID,137.6
2026-08-24 23:00:00,D,D1,7933.0,7000.0,0.1,1.0,0.0,200.0,24.5,VALID,93.3
2026-08-24 23:00:00,D,D2,7948.0,7000.0,0.1,1.0,0.0,200.0,24.4,VALID,94.8
2026-08-24 23:00:00,D,D3,7958.0,7000.0,0.1,1.0,0.0,200.0,24.08,VALID,95.8
2026-08-24 23:15:00,A,A1,8166.0,7000.0,0.1,1.0,0.0,200.0,24.3,VALID,116.6
2026-08-24 23:15:00,A,A2,8224.0,7000.0,0.1,1.0,0.0,200.0,24.24,VALID,122.4
2026-08-24 23:15:00,A,A3,8186.0,7000.0,0.1,1.0,0.0,200.0,24.22,VALID,118.6
2026-08-24 23:15:00,B,B1,8026.0,7000.0,0.1,1.0,0.0,200.0,24.37,VALID,102.6
2026-08-24 23:15:00,B,B2,8025.0,7000.0,0.1,1.0,0.0,200.0,24.7,VALID,102.5
2026-08-24 23:15:00,B,B3,8029.0,7000.0,0.1,1.0,0.0,200.0,24.23,VALID,102.9
2026-08-24 23:15:00,C,C1,8343.0,7000.0,0.1,1.0,0.0,200.0,24.65,VALID,134.3
2026-08-24 23:15:00,C,C2,8396.0,7000.0,0.1,1.0,0.0,200.0,24.1,VALID,139.6
2026-08-24 23:15:00,C,C3,8358.0,7000.0,0.1,1.0,0.0,200.0,24.19,VALID,135.8
2026-08-24 23:15:00,D,D1,7932.0,7000.0,0.1,1.0,0.0,200.0,24.01,VALID,93.2
2026-08-24 23:15:00,D,D2,7952.0,7000.0,0.1,1.0,0.0,200.0,24.23,VALID,95.2
2026-08-24 23:15:00,D,D3,7949.0,7000.0,0.1,1.0,0.0,200.0,24.75,VALID,94.9
2026-08-24 23:30:00,A,A1,8183.0,7000.0,0.1,1.0,0.0,200.0,24.57,VALID,118.3
2026-08-24 23:30:00,A,A2,8212.0,7000.0,0.1,1.0,0.0,200.0,24.56,VALID,121.2
2026-08-24 23:30:00,A,A3,8199.0,7000.0,0.1,1.0,0.0,200.0,24.66,VALID,119.9
2026-08-24 23:30:00,B,B1,8019.0,7000.0,0.1,1.0,0.0,200.0,25.16,VALID,101.9
2026-08-24 23:30:00,B,B2,8041.0,7000.0,0.1,1.0,0.0,200.0,24.39,VALID,104.1
2026-08-24 23:30:00,B,B3,8029.0,7000.0,0.1,1.0,0.0,200.0,24.45,VALID,102.9
2026-08-24 23:30:00,C,C1,8360.0,7000.0,0.1,1.0,0.0,200.0,24.33,VALID,136.0
2026-08-24 23:30:00,C,C2,8388.0,7000.0,0.1,1.0,0.0,200.0,24.68,VALID,138.8
2026-08-24 23:30:00,C,C3,8385.0,7000.0,0.1,1.0,0.0,200.0,24.71,VALID,138.5
2026-08-24 23:30:00,D,D1,7953.0,7000.0,0.1,1.0,0.0,200.0,24.68,VALID,95.3
2026-08-24 23:30:00,D,D2,7965.0,7000.0,0.1,1.0,0.0,200.0,24.51,VALID,96.5
2026-08-24 23:30:00,D,D3,7963.0,7000.0,0.1,1.0,0.0,200.0,24.81,VALID,96.3
2026-08-24 23:45:00,A,A1,8187.0,7000.0,0.1,1.0,0.0,200.0,24.78,VALID,118.7
2026-08-24 23:45:00,A,A2,8224.0,7000.0,0.1,1.0,0.0,200.0,24.8,VALID,122.4
2026-08-24 23:45:00,A,A3,8199.0,7000.0,0.1,1.0,0.0,200.0,24.9,VALID,119.9
2026-08-24 23:45:00,B,B1,8019.0,7000.0,0.1,1.0,0.0,200.0,24.64,VALID,101.9
2026-08-24 23:45:00,B,B2,8038.0,7000.0,0.1,1.0,0.0,200.0,24.8,VALID,103.8
2026-08-24 23:45:00,B,B3,8044.0,7000.0,0.1,1.0,0.0,200.0,24.96,VALID,104.4
2026-08-24 23:45:00,C,C1,8352.0,7000.0,0.1,1.0,0.0,200.0,24.95,VALID,135.2
2026-08-24 23:45:00,C,C2,8403.0,7000.0,0.1,1.0,0.0,200.0,25.07,VALID,140.3
2026-08-24 23:45:00,C,C3,8373.0,7000.0,0.1,1.0,0.0,200.0,24.84,VALID,137.3
2026-08-24 23:45:00,D,D1,7947.0,7000.0,0.1,1.0,0.0,200.0,24.82,VALID,94.7
2026-08-24 23:45:00,D,D2,7958.0,7000.0,0.1,1.0,0.0,200.0,24.92,VALID,95.8
2026-08-24 23:45:00,D,D3,7962.0,7000.0,0.1,1.0,0.0,200.0,25.06,VALID,96.2
2026-08-25 00:00:00,A,A1,8240.0,7000.0,0.1,1.0,0.0,200.0,24.92,VALID,124.0
2026-08-25 00:00:00,A,A2,8269.0,7000.0,0.1,1.0,0.0,200.0,24.84,VALID,126.9
2026-08-25 00:00:00,A,A3,8260.0,7000.0,0.1,1.0,0.0,200.0,25.22,VALID,126.0
2026-08-25 00:00:00,B,B1,8033.0,7000.0,0.1,1.0,0.0,200.0,25.08,VALID,103.3
2026-08-25 00:00:00,B,B2,8033.0,7000.0,0.1,1.0,0.0,200.0,25.02,VALID,103.3
2026-08-25 00:00:00,B,B3,8033.0,7000.0,0.1,1.0,0.0,200.0,24.89,VALID,103.3
2026-08-25 00:00:00,C,C1,8372.0,7000.0,0.1,1.0,0.0,200.0,25.12,VALID,137.2
2026-08-25 00:00:00,C,C2,8394.0,7000.0,0.1,1.0,0.0,200.0,25.38,VALID,139.4
2026-08-25 00:00:00,C,C3,8381.0,7000.0,0.1,1.0,0.0,200.0,24.78,VALID,138.1
2026-08-25 00:00:00,D,D1,7943.0,7000.0,0.1,1.0,0.0,200.0,25.3,VALID,94.3
2026-08-25 00:00:00,D,D2,7984.0,7000.0,0.1,1.0,0.0,200.0,25.2,VALID,98.4
2026-08-25 00:00:00,D,D3,7972.0,7000.0,0.1,1.0,0.0,200.0,25.24,VALID,97.2
2026-08-25 00:15:00,A,A1,8247.0,7000.0,0.1,1.0,0.0,200.0,25.26,VALID,124.7
2026-08-25 00:15:00,A,A2,8269.0,7000.0,0.1,1.0,0.0,200.0,25.34,VALID,126.9
2026-08-25 00:15:00,A,A3,8245.0,7000.0,0.1,1.0,0.0,200.0,25.34,VALID,124.5
2026-08-25 00:15:00,B,B1,8037.0,7000.0,0.1,1.0,0.0,200.0,25.15,VALID,103.7
2026-08-25 00:15:00,B,B2,8036.0,7000.0,0.1,1.0,0.0,200.0,25.29,VALID,103.6
2026-08-25 00:15:00,B,B3,8026.0,7000.0,0.1,1.0,0.0,200.0,24.93,VALID,102.6
2026-08-25 00:15:00,C,C1,8372.0,7000.0,0.1,1.0,0.0,200.0,25.11,VALID,137.2
2026-08-25 00:15:00,C,C2,8404.0,7000.0,0.1,1.0,0.0,200.0,25.07,VALID,140.4
2026-08-25 00:15:00,C,C3,8394.0,7000.0,0.1,1.0,0.0,200.0,25.37,VALID,139.4
2026-08-25 00:15:00,D,D1,7950.0,7000.0,0.1,1.0,0.0,200.0,24.96,VALID,95.0
2026-08-25 00:15:00,D,D2,7967.0,7000.0,0.1,1.0,0.0,200.0,25.31,VALID,96.7
2026-08-25 00:15:00,D,D3,7964.0,7000.0,0.1,1.0,0.0,200.0,25.22,VALID,96.4
2026-08-25 00:30:00,A,A1,8246.0,7000.0,0.1,1.0,0.0,200.0,25.54,VALID,124.6
2026-08-25 00:30:00,A,A2,8266.0,7000.0,0.1,1.0,0.0,200.0,25.48,VALID,126.6
2026-08-25 00:30:00,A,A3,8245.0,7000.0,0.1,1.0,0.0,200.0,25.9,VALID,124.5
2026-08-25 00:30:00,B,B1,8024.0,7000.0,0.1,1.0,0.0,200.0,25.43,VALID,102.4
2026-08-25 00:30:00,B,B2,8046.0,7000.0,0.1,1.0,0.0,200.0,25.31,VALID,104.6
2026-08-25 00:30:00,B,B3,8034.0,7000.0,0.1,1.0,0.0,200.0,25.39,VALID,103.4
2026-08-25 00:30:00,C,C1,8356.0,7000.0,0.1,1.0,0.0,200.0,25.48,VALID,135.6
2026-08-25 00:30:00,C,C2,8391.0,7000.0,0.1,1.0,0.0,200.0,25.74,VALID,139.1
2026-08-25 00:30:00,C,C3,8391.0,7000.0,0.1,1.0,0.0,200.0,25.52,VALID,139.1
2026-08-25 00:30:00,D,D1,7939.0,7000.0,0.1,1.0,0.0,200.0,25.23,VALID,93.9
2026-08-25 00:30:00,D,D2,7985.0,7000.0,0.1,1.0,0.0,200.0,26.22,VALID,98.5
2026-08-25 00:30:00,D,D3,7975.0,7000.0,0.1,1.0,0.0,200.0,25.6,VALID,97.5
2026-08-25 00:45:00,A,A1,8251.0,7000.0,0.1,1.0,0.0,200.0,25.42,VALID,125.1
2026-08-25 00:45:00,A,A2,8277.0,7000.0,0.1,1.0,0.0,200.0,25.37,VALID,127.7
2026-08-25 00:45:00,A,A3,8246.0,7000.0,0.1,1.0,0.0,200.0,25.33,VALID,124.6
2026-08-25 00:45:00,B,B1,8037.0,7000.0,0.1,1.0,0.0,200.0,25.57,VALID,103.7
2026-08-25 00:45:00,B,B2,8044.0,7000.0,0.1,1.0,0.0,200.0,25.58,VALID,104.4
2026-08-25 00:45:00,B,B3,8026.0,7000.0,0.1,1.0,0.0,200.0,25.45,VALID,102.6
2026-08-25 00:45:00,C,C1,8361.0,7000.0,0.1,1.0,0.0,200.0,25.3,VALID,136.1
2026-08-25 00:45:00,C,C2,8404.0,7000.0,0.1,1.0,0.0,200.0,25.37,VALID,140.4
2026-08-25 00:45:00,C,C3,8392.0,7000.0,0.1,1.0,0.0,200.0,25.72,VALID,139.2
2026-08-25 00:45:00,D,D1,7945.0,7000.0,0.1,1.0,0.0,200.0,25.53,VALID,94.5
2026-08-25 00:45:00,D,D2,7991.0,7000.0,0.1,1.0,0.0,200.0,25.39,VALID,99.1
2026-08-25 00:45:00,D,D3,7970.0,7000.0,0.1,1.0,0.0,200.0,25.61,VALID,97.0
2026-08-25 01:00:00,A,A1,8258.0,7000.0,0.1,1.0,0.0,200.0,25.84,VALID,125.8
2026-08-25 01:00:00,A,A2,8267.0,7000.0,0.1,1.0,0.0,200.0,25.79,VALID,126.7
2026-08-25 01:00:00,A,A3,8259.0,7000.0,0.1,1.0,0.0,200.0,25.76,VALID,125.9
2026-08-25 01:00:00,B,B1,8019.0,7000.0,0.1,1.0,0.0,200.0,26.03,VALID,101.9
2026-08-25 01:00:00,B,B2,8055.0,7000.0,0.1,1.0,0.0,200.0,25.57,VALID,105.5
2026-08-25 01:00:00,B,B3,8036.0,7000.0,0.1,1.0,0.0,200.0,25.73,VALID,103.6
2026-08-25 01:00:00,C,C1,8358.0,7000.0,0.1,1.0,0.0,200.0,25.4,VALID,135.8
2026-08-25 01:00:00,C,C2,8405.0,7000.0,0.1,1.0,0.0,200.0,25.71,VALID,140.5
2026-08-25 01:00:00,C,C3,8376.0,7000.0,0.1,1.0,0.0,200.0,25.81,VALID,137.6
2026-08-25 01:00:00,D,D1,7969.0,7000.0,0.1,1.0,0.0,200.0,25.94,VALID,96.9
2026-08-25 01:00:00,D,D2,7975.0,7000.0,0.1,1.0,0.0,200.0,25.41,VALID,97.5
2026-08-25 01:00:00,D,D3,7975.0,7000.0,0.1,1.0,0.0,200.0,25.81,VALID,97.5
2026-08-25 01:15:00,A,A1,8254.0,7000.0,0.1,1.0,0.0,200.0,26.35,VALID,125.4
2026-08-25 01:15:00,A,A2,8265.0,7000.0,0.1,1.0,0.0,200.0,25.39,VALID,126.5
2026-08-25 01:15:00,A,A3,8251.0,7000.0,0.1,1.0,0.0,200.0,26.06,VALID,125.1
2026-08-25 01:15:00,B,B1,8033.0,7000.0,0.1,1.0,0.0,200.0,25.72,VALID,103.3
2026-08-25 01:15:00,B,B2,8035.0,7000.0,0.1,1.0,0.0,200.0,25.89,VALID,103.5
2026-08-25 01:15:00,B,B3,8029.0,7000.0,0.1,1.0,0.0,200.0,26.07,VALID,102.9
2026-08-25 01:15:00,C,C1,8367.0,7000.0,0.1,1.0,0.0,200.0,25.84,VALID,136.7
2026-08-25 01:15:00,C,C2,8406.0,7000.0,0.1,1.0,0.0,200.0,26.02,VALID,140.6
2026-08-25 01:15:00,C,C3,8391.0,7000.0,0.1,1.0,0.0,200.0,26.0,VALID,139.1
2026-08-25 01:15:00,D,D1,7962.0,7000.0,0.1,1.0,0.0,200.0,25.95,VALID,96.2
2026-08-25 01:15:00,D,D2,7969.0,7000.0,0.1,1.0,0.0,200.0,25.82,VALID,96.9
2026-08-25 01:15:00,D,D3,7967.0,7000.0,0.1,1.0,0.0,200.0,26.38,VALID,96.7
2026-08-25 01:30:00,A,A1,8241.0,7000.0,0.1,1.0,0.0,200.0,26.06,VALID,124.1
2026-08-25 01:30:00,A,A2,8276.0,7000.0,0.1,1.0,0.0,200.0,26.09,VALID,127.6
2026-08-25 01:30:00,A,A3,8272.0,7000.0,0.1,1.0,0.0,200.0,26.09,VALID,127.2
2026-08-25 01:30:00,B,B1,8033.0,7000.0,0.1,1.0,0.0,200.0,26.31,VALID,103.3
2026-08-25 01:30:00,B,B2,8066.0,7000.0,0.1,1.0,0.0,200.0,26.43,VALID,106.6
2026-08-25 01:30:00,B,B3,8041.0,7000.0,0.1,1.0,0.0,200.0,26.14,VALID,104.1
2026-08-25 01:30:00,C,C1,8373.0,7000.0,0.1,1.0,0.0,200.0,26.18,VALID,137.3
2026-08-25 01:30:00,C,C2,8407.0,7000.0,0.1,1.0,0.0,200.0,26.34,VALID,140.7
2026-08-25 01:30:00,C,C3,8395.0,7000.0,0.1,1.0,0.0,200.0,26.14,VALID,139.5
2026-08-25 01:30:00,D,D1,7951.0,7000.0,0.1,1.0,0.0,200.0,26.16,VALID,95.1
2026-08-25 01:30:00,D,D2,7964.0,7000.0,0.1,1.0,0.0,200.0,26.03,VALID,96.4
2026-08-25 01:30:00,D,D3,7968.0,7000.0,0.1,1.0,0.0,200.0,26.21,VALID,96.8
2026-08-25 01:45:00,A,A1,8272.0,7000.0,0.1,1.0,0.0,200.0,26.44,VALID,127.2
2026-08-25 01:45:00,A,A2,8290.0,7000.0,0.1,1.0,0.0,200.0,26.46,VALID,129.0
2026-08-25 01:45:00,A,A3,8275.0,7000.0,0.1,1.0,0.0,200.0,26.7,VALID,127.5
2026-08-25 01:45:00,B,B1,8030.0,7000.0,0.1,1.0,0.0,200.0,26.17,VALID,103.0
2026-08-25 01:45:00,B,B2,8058.0,7000.0,0.1,1.0,0.0,200.0,26.33,VALID,105.8
2026-08-25 01:45:00,B,B3,8047.0,7000.0,0.1,1.0,0.0,200.0,26.28,VALID,104.7
2026-08-25 01:45:00,C,C1,8369.0,7000.0,0.1,1.0,0.0,200.0,26.65,VALID,136.9
2026-08-25 01:45:00,C,C2,8407.0,7000.0,0.1,1.0,0.0,200.0,26.46,VALID,140.7
2026-08-25 01:45:00,C,C3,8399.0,7000.0,0.1,1.0,0.0,200.0,26.01,VALID,139.9
2026-08-25 01:45:00,D,D1,7957.0,7000.0,0.1,1.0,0.0,200.0,26.19,VALID,95.7
2026-08-25 01:45:00,D,D2,7988.0,7000.0,0.1,1.0,0.0,200.0,26.25,VALID,98.8
2026-08-25 01:45:00,D,D3,7974.0,7000.0,0.1,1.0,0.0,200.0,26.04,VALID,97.4
2026-08-25 02:00:00,A,A1,8228.0,7000.0,0.1,1.0,0.0,200.0,26.51,VALID,122.8
2026-08-25 02:00:00,A,A2,8233.0,7000.0,0.1,1.0,0.0,200.0,26.39,VALID,123.3
2026-08-25 02:00:00,A,A3,8211.0,7000.0,0.1,1.0,0.0,200.0,26.88,VALID,121.1
2026-08-25 02:00:00,B,B1,8021.0,7000.0,0.1,1.0,0.0,200.0,26.56,VALID,102.1
2026-08-25 02:00:00,B,B2,8043.0,7000.0,0.1,1.0,0.0,200.0,26.42,VALID,104.3
2026-08-25 02:00:00,B,B3,8041.0,7000.0,0.1,1.0,0.0,200.0,26.3,VALID,104.1
2026-08-25 02:00:00,C,C1,8377.0,7000.0,0.1,1.0,0.0,200.0,25.99,VALID,137.7
2026-08-25 02:00:00,C,C2,8416.0,7000.0,0.1,1.0,0.0,200.0,26.48,VALID,141.6
2026-08-25 02:00:00,C,C3,8384.0,7000.0,0.1,1.0,0.0,200.0,26.8,VALID,138.4
2026-08-25 02:00:00,D,D1,7961.0,7000.0,0.1,1.0,0.0,200.0,26.45,VALID,96.1
2026-08-25 02:00:00,D,D2,7979.0,7000.0,0.1,1.0,0.0,200.0,26.48,VALID,97.9
2026-08-25 02:00:00,D,D3,7988.0,7000.0,0.1,1.0,0.0,200.0,26.99,VALID,98.8
2026-08-25 02:15:00,A,A1,8215.0,7000.0,0.1,1.0,0.0,200.0,26.88,VALID,121.5
2026-08-25 02:15:00,A,A2,8246.0,7000.0,0.1,1.0,0.0,200.0,26.72,VALID,124.6
2026-08-25 02:15:00,A,A3,8233.0,7000.0,0.1,1.0,0.0,200.0,26.83,VALID,123.3
2026-08-25 02:15:00,B,B1,8042.0,7000.0,0.1,1.0,0.0,200.0,26.74,VALID,104.2
2026-08-25 02:15:00,B,B2,8039.0,7000.0,0.1,1.0,0.0,200.0,26.73,VALID,103.9
2026-08-25 02:15:00,B,B3,8035.0,7000.0,0.1,1.0,0.0,200.0,26.34,VALID,103.5
2026-08-25 02:15:00,C,C1,8380.0,7000.0,0.1,1.0,0.0,200.0,26.44,VALID,138.0
2026-08-25 02:15:00,C,C2,8420.0,7000.0,0.1,1.0,0.0,200.0,26.69,VALID,142.0
2026-08-25 02:15:00,C,C3,8400.0,7000.0,0.1,1.0,0.0,200.0,26.49,VALID,140.0
2026-08-25 02:15:00,D,D1,7977.0,7000.0,0.1,1.0,0.0,200.0,26.65,VALID,97.7
2026-08-25 02:15:00,D,D2,7990.0,7000.0,0.1,1.0,0.0,200.0,26.43,VALID,99.0
2026-08-25 02:15:00,D,D3,7977.0,7000.0,0.1,1.0,0.0,200.0,26.89,VALID,97.7
2026-08-25 02:30:00,A,A1,8219.0,7000.0,0.1,1.0,0.0,200.0,26.67,VALID,121.9
2026-08-25 02:30:00,A,A2,8227.0,7000.0,0.1,1.0,0.0,200.0,26.63,VALID,122.7
2026-08-25 02:30:00,A,A3,8214.0,7000.0,0.1,1.0,0.0,200.0,26.55,VALID,121.4
2026-08-25 02:30:00,B,B1,8041.0,7000.0,0.1,1.0,0.0,200.0,26.95,VALID,104.1
2026-08-25 02:30:00,B,B2,8050.0,7000.0,0.1,1.0,0.0,200.0,26.81,VALID,105.0
2026-08-25 02:30:00,B,B3,8048.0,7000.0,0.1,1.0,0.0,200.0,27.04,VALID,104.8
2026-08-25 02:30:00,C,C1,8375.0,7000.0,0.1,1.0,0.0,200.0,26.71,VALID,137.5
2026-08-25 02:30:00,C,C2,8415.0,7000.0,0.1,1.0,0.0,200.0,26.6,VALID,141.5
2026-08-25 02:30:00,C,C3,8405.0,7000.0,0.1,1.0,0.0,200.0,26.8,VALID,140.5
2026-08-25 02:30:00,D,D1,7971.0,7000.0,0.1,1.0,0.0,200.0,27.08,VALID,97.1
2026-08-25 02:30:00,D,D2,8000.0,7000.0,0.1,1.0,0.0,200.0,26.5,VALID,100.0
2026-08-25 02:30:00,D,D3,7986.0,7000.0,0.1,1.0,0.0,200.0,26.87,VALID,98.6
2026-08-25 02:45:00,A,A1,8208.0,7000.0,0.1,1.0,0.0,200.0,27.04,VALID,120.8
2026-08-25 02:45:00,A,A2,8218.0,7000.0,0.1,1.0,0.0,200.0,27.27,VALID,121.8
2026-08-25 02:45:00,A,A3,8227.0,7000.0,0.1,1.0,0.0,200.0,26.8,VALID,122.7
2026-08-25 02:45:00,B,B1,8039.0,7000.0,0.1,1.0,0.0,200.0,26.64,VALID,103.9
2026-08-25 02:45:00,B,B2,8056.0,7000.0,0.1,1.0,0.0,200.0,26.88,VALID,105.6
2026-08-25 02:45:00,B,B3,8040.0,7000.0,0.1,1.0,0.0,200.0,27.13,VALID,104.0
2026-08-25 02:45:00,C,C1,8393.0,7000.0,0.1,1.0,0.0,200.0,26.97,VALID,139.3
2026-08-25 02:45:00,C,C2,8421.0,7000.0,0.1,1.0,0.0,200.0,27.07,VALID,142.1
2026-08-25 02:45:00,C,C3,8402.0,7000.0,0.1,1.0,0.0,200.0,26.76,VALID,140.2
2026-08-25 02:45:00,D,D1,7966.0,7000.0,0.1,1.0,0.0,200.0,26.92,VALID,96.6
2026-08-25 02:45:00,D,D2,7992.0,7000.0,0.1,1.0,0.0,200.0,26.98,VALID,99.2
2026-08-25 02:45:00,D,D3,7984.0,7000.0,0.1,1.0,0.0,200.0,26.67,VALID,98.4
2026-08-25 03:00:00,A,A1,8220.0,7000.0,0.1,1.0,0.0,200.0,27.12,VALID,122.0
2026-08-25 03:00:00,A,A2,8259.0,7000.0,0.1,1.0,0.0,200.0,27.04,VALID,125.9
2026-08-25 03:00:00,A,A3,8226.0,7000.0,0.1,1.0,0.0,200.0,27.69,VALID,122.6
2026-08-25 03:00:00,B,B1,8047.0,7000.0,0.1,1.0,0.0,200.0,27.11,VALID,104.7
2026-08-25 03:00:00,B,B2,8052.0,7000.0,0.1,1.0,0.0,200.0,27.43,VALID,105.2
2026-08-25 03:00:00,B,B3,8043.0,7000.0,0.1,1.0,0.0,200.0,27.21,VALID,104.3
2026-08-25 03:00:00,C,C1,8379.0,7000.0,0.1,1.0,0.0,200.0,27.08,VALID,137.9
2026-08-25 03:00:00,C,C2,8413.0,7000.0,0.1,1.0,0.0,200.0,27.39,VALID,141.3
2026-08-25 03:00:00,C,C3,8401.0,7000.0,0.1,1.0,0.0,200.0,26.88,VALID,140.1
2026-08-25 03:00:00,D,D1,7985.0,7000.0,0.1,1.0,0.0,200.0,27.02,VALID,98.5
2026-08-25 03:00:00,D,D2,7995.0,7000.0,0.1,1.0,0.0,200.0,27.29,VALID,99.5
2026-08-25 03:00:00,D,D3,7988.0,7000.0,0.1,1.0,0.0,200.0,26.68,VALID,98.8
2026-08-25 03:15:00,A,A1,8221.0,7000.0,0.1,1.0,0.0,200.0,27.24,VALID,122.1
2026-08-25 03:15:00,A,A2,8234.0,7000.0,0.1,1.0,0.0,200.0,27.23,VALID,123.4
2026-08-25 03:15:00,A,A3,8211.0,7000.0,0.1,1.0,0.0,200.0,27.29,VALID,121.1
2026-08-25 03:15:00,B,B1,8035.0,7000.0,0.1,1.0,0.0,200.0,27.2,VALID,103.5
2026-08-25 03:15:00,B,B2,8064.0,7000.0,0.1,1.0,0.0,200.0,27.47,VALID,106.4
2026-08-25 03:15:00,B,B3,8048.0,7000.0,0.1,1.0,0.0,200.0,27.55,VALID,104.8
2026-08-25 03:15:00,C,C1,8394.0,7000.0,0.1,1.0,0.0,200.0,27.17,VALID,139.4
2026-08-25 03:15:00,C,C2,8417.0,7000.0,0.1,1.0,0.0,200.0,26.97,VALID,141.7
2026-08-25 03:15:00,C,C3,8408.0,7000.0,0.1,1.0,0.0,200.0,27.11,VALID,140.8
2026-08-25 03:15:00,D,D1,7986.0,7000.0,0.1,1.0,0.0,200.0,27.12,VALID,98.6
2026-08-25 03:15:00,D,D2,7985.0,7000.0,0.1,1.0,0.0,200.0,27.3,VALID,98.5
2026-08-25 03:15:00,D,D3,7979.0,7000.0,0.1,1.0,0.0,200.0,27.26,VALID,97.9
2026-08-25 03:30:00,A,A1,8225.0,7000.0,0.1,1.0,0.0,200.0,27.4,VALID,122.5
2026-08-25 03:30:00,A,A2,8240.0,7000.0,0.1,1.0,0.0,200.0,27.42,VALID,124.0
2026-08-25 03:30:00,A,A3,8211.0,7000.0,0.1,1.0,0.0,200.0,27.46,VALID,121.1
2026-08-25 03:30:00,B,B1,8050.0,7000.0,0.1,1.0,0.0,200.0,27.56,VALID,105.0
2026-08-25 03:30:00,B,B2,8069.0,7000.0,0.1,1.0,0.0,200.0,27.34,VALID,106.9
2026-08-25 03:30:00,B,B3,8066.0,7000.0,0.1,1.0,0.0,200.0,27.32,VALID,106.6
2026-08-25 03:30:00,C,C1,8389.0,7000.0,0.1,1.0,0.0,200.0,27.32,VALID,138.9
2026-08-25 03:30:00,C,C2,8433.0,7000.0,0.1,1.0,0.0,200.0,27.3,VALID,143.3
2026-08-25 03:30:00,C,C3,8421.0,7000.0,0.1,1.0,0.0,200.0,27.78,VALID,142.1
2026-08-25 03:30:00,D,D1,7984.0,7000.0,0.1,1.0,0.0,200.0,27.69,VALID,98.4
2026-08-25 03:30:00,D,D2,7981.0,7000.0,0.1,1.0,0.0,200.0,27.1,VALID,98.1
2026-08-25 03:30:00,D,D3,7984.0,7000.0,0.1,1.0,0.0,200.0,27.39,VALID,98.4
2026-08-25 03:45:00,A,A1,8216.0,7000.0,0.1,1.0,0.0,200.0,27.17,VALID,121.6
2026-08-25 03:45:00,A,A2,8250.0,7000.0,0.1,1.0,0.0,200.0,27.93,VALID,125.0
2026-08-25 03:45:00,A,A3,8239.0,7000.0,0.1,1.0,0.0,200.0,27.71,VALID,123.9
2026-08-25 03:45:00,B,B1,8052.0,7000.0,0.1,1.0,0.0,200.0,27.33,VALID,105.2
2026-08-25 03:45:00,B,B2,8066.0,7000.0,0.1,1.0,0.0,200.0,27.92,VALID,106.6
2026-08-25 03:45:00,B,B3,8055.0,7000.0,0.1,1.0,0.0,200.0,27.4,VALID,105.5
2026-08-25 03:45:00,C,C1,8398.0,7000.0,0.1,1.0,0.0,200.0,27.73,VALID,139.8
2026-08-25 03:45:00,C,C2,8422.0,7000.0,0.1,1.0,0.0,200.0,27.44,VALID,142.2
2026-08-25 03:45:00,C,C3,8403.0,7000.0,0.1,1.0,0.0,200.0,27.51,VALID,140.3
2026-08-25 03:45:00,D,D1,7988.0,7000.0,0.1,1.0,0.0,200.0,27.33,VALID,98.8
2026-08-25 03:45:00,D,D2,8006.0,7000.0,0.1,1.0,0.0,200.0,27.51,VALID,100.6
2026-08-25 03:45:00,D,D3,8009.0,7000.0,0.1,1.0,0.0,200.0,27.56,VALID,100.9
2026-08-25 04:00:00,A,A1,8218.0,7000.0,0.1,1.0,0.0,200.0,27.71,VALID,121.8
2026-08-25 04:00:00,A,A2,8238.0,7000.0,0.1,1.0,0.0,200.0,27.24,VALID,123.8
2026-08-25 04:00:00,A,A3,8227.0,7000.0,0.1,1.0,0.0,200.0,27.55,VALID,122.7
2026-08-25 04:00:00,B,B1,8037.0,7000.0,0.1,1.0,0.0,200.0,27.58,VALID,103.7
2026-08-25 04:00:00,B,B2,8047.0,7000.0,0.1,1.0,0.0,200.0,27.53,VALID,104.7
2026-08-25 04:00:00,B,B3,8061.0,7000.0,0.1,1.0,0.0,200.0,27.62,VALID,106.1
2026-08-25 04:00:00,C,C1,8385.0,7000.0,0.1,1.0,0.0,200.0,27.58,VALID,138.5
2026-08-25 04:00:00,C,C2,8424.0,7000.0,0.1,1.0,0.0,200.0,27.6,VALID,142.4
2026-08-25 04:00:00,C,C3,8410.0,7000.0,0.1,1.0,0.0,200.0,27.42,VALID,141.0
2026-08-25 04:00:00,D,D1,7982.0,7000.0,0.1,1.0,0.0,200.0,27.65,VALID,98.2
2026-08-25 04:00:00,D,D2,7996.0,7000.0,0.1,1.0,0.0,200.0,28.08,VALID,99.6
2026-08-25 04:00:00,D,D3,7988.0,7000.0,0.1,1.0,0.0,200.0,27.54,VALID,98.8
2026-08-25 04:15:00,A,A1,8216.0,7000.0,0.1,1.0,0.0,200.0,27.5,VALID,121.6
2026-08-25 04:15:00,A,A2,8248.0,7000.0,0.1,1.0,0.0,200.0,27.55,VALID,124.8
2026-08-25 04:15:00,A,A3,8225.0,7000.0,0.1,1.0,0.0,200.0,27.58,VALID,122.5
2026-08-25 04:15:00,B,B1,8043.0,7000.0,0.1,1.0,0.0,200.0,27.34,VALID,104.3
2026-08-25 04:15:00,B,B2,8063.0,7000.0,0.1,1.0,0.0,200.0,27.87,VALID,106.3
2026-08-25 04:15:00,B,B3,8062.0,7000.0,0.1,1.0,0.0,200.0,28.0,VALID,106.2
2026-08-25 04:15:00,C,C1,8397.0,7000.0,0.1,1.0,0.0,200.0,27.8,VALID,139.7
2026-08-25 04:15:00,C,C2,8449.0,7000.0,0.1,1.0,0.0,200.0,27.67,VALID,144.9
2026-08-25 04:15:00,C,C3,8411.0,7000.0,0.1,1.0,0.0,200.0,27.69,VALID,141.1
2026-08-25 04:15:00,D,D1,7994.0,7000.0,0.1,1.0,0.0,200.0,27.69,VALID,99.4
2026-08-25 04:15:00,D,D2,7992.0,7000.0,0.1,1.0,0.0,200.0,27.81,VALID,99.2
2026-08-25 04:15:00,D,D3,7983.0,7000.0,0.1,1.0,0.0,200.0,27.8,VALID,98.3
2026-08-25 04:30:00,A,A1,8225.0,7000.0,0.1,1.0,0.0,200.0,27.73,VALID,122.5
2026-08-25 04:30:00,A,A2,8248.0,7000.0,0.1,1.0,0.0,200.0,27.47,VALID,124.8
2026-08-25 04:30:00,A,A3,8233.0,7000.0,0.1,1.0,0.0,200.0,27.68,VALID,123.3
2026-08-25 04:30:00,B,B1,8079.0,7000.0,0.1,1.0,0.0,200.0,27.8,VALID,107.9
2026-08-25 04:30:00,B,B2,8063.0,7000.0,0.1,1.0,0.0,200.0,27.5,VALID,106.3
2026-08-25 04:30:00,B,B3,8073.0,7000.0,0.1,1.0,0.0,200.0,27.7,VALID,107.3
2026-08-25 04:30:00,C,C1,8384.0,7000.0,0.1,1.0,0.0,200.0,27.84,VALID,138.4
2026-08-25 04:30:00,C,C2,8439.0,7000.0,0.1,1.0,0.0,200.0,27.9,VALID,143.9
2026-08-25 04:30:00,C,C3,8411.0,7000.0,0.1,1.0,0.0,200.0,27.8,VALID,141.1
2026-08-25 04:30:00,D,D1,7983.0,7000.0,0.1,1.0,0.0,200.0,27.84,VALID,98.3
2026-08-25 04:30:00,D,D2,8003.0,7000.0,0.1,1.0,0.0,200.0,27.99,VALID,100.3
2026-08-25 04:30:00,D,D3,7992.0,7000.0,0.1,1.0,0.0,200.0,27.61,VALID,99.2
2026-08-25 04:45:00,A,A1,8221.0,7000.0,0.1,1.0,0.0,200.0,27.99,VALID,122.1
2026-08-25 04:45:00,A,A2,8228.0,7000.0,0.1,1.0,0.0,200.0,27.48,VALID,122.8
2026-08-25 04:45:00,A,A3,8240.0,7000.0,0.1,1.0,0.0,200.0,28.14,VALID,124.0
2026-08-25 04:45:00,B,B1,8043.0,7000.0,0.1,1.0,0.0,200.0,27.86,VALID,104.3
2026-08-25 04:45:00,B,B2,8066.0,7000.0,0.1,1.0,0.0,200.0,27.79,VALID,106.6
2026-08-25 04:45:00,B,B3,8065.0,7000.0,0.1,1.0,0.0,200.0,27.58,VALID,106.5
2026-08-25 04:45:00,C,C1,8382.0,7000.0,0.1,1.0,0.0,200.0,27.78,VALID,138.2
2026-08-25 04:45:00,C,C2,8433.0,7000.0,0.1,1.0,0.0,200.0,27.62,VALID,143.3
2026-08-25 04:45:00,C,C3,8419.0,7000.0,0.1,1.0,0.0,200.0,27.76,VALID,141.9
2026-08-25 04:45:00,D,D1,7978.0,7000.0,0.1,1.0,0.0,200.0,27.9,VALID,97.8
2026-08-25 04:45:00,D,D2,7999.0,7000.0,0.1,1.0,0.0,200.0,28.01,VALID,99.9
2026-08-25 04:45:00,D,D3,7984.0,7000.0,0.1,1.0,0.0,200.0,27.56,VALID,98.4
2026-08-25 05:00:00,A,A1,8220.0,7000.0,0.1,1.0,0.0,200.0,27.91,VALID,122.0
2026-08-25 05:00:00,A,A2,8234.0,7000.0,0.1,1.0,0.0,200.0,27.62,VALID,123.4
2026-08-25 05:00:00,A,A3,8235.0,7000.0,0.1,1.0,0.0,200.0,27.75,VALID,123.5
2026-08-25 05:00:00,B,B1,8042.0,7000.0,0.1,1.0,0.0,200.0,28.09,VALID,104.2
2026-08-25 05:00:00,B,B2,8064.0,7000.0,0.1,1.0,0.0,200.0,28.13,VALID,106.4
2026-08-25 05:00:00,B,B3,8063.0,7000.0,0.1,1.0,0.0,200.0,27.96,VALID,106.3
2026-08-25 05:00:00,C,C1,8391.0,7000.0,0.1,1.0,0.0,200.0,27.37,VALID,139.1
2026-08-25 05:00:00,C,C2,8425.0,7000.0,0.1,1.0,0.0,200.0,27.87,VALID,142.5
2026-08-25 05:00:00,C,C3,8416.0,7000.0,0.1,1.0,0.0,200.0,27.54,VALID,141.6
2026-08-25 05:00:00,D,D1,7982.0,7000.0,0.1,1.0,0.0,200.0,27.67,VALID,98.2
2026-08-25 05:00:00,D,D2,8003.0,7000.0,0.1,1.0,0.0,200.0,27.89,VALID,100.3
2026-08-25 05:00:00,D,D3,8000.0,7000.0,0.1,1.0,0.0,200.0,28.11,VALID,100.0
2026-08-25 05:15:00,A,A1,8228.0,7000.0,0.1,1.0,0.0,200.0,28.11,VALID,122.8
2026-08-25 05:15:00,A,A2,8242.0,7000.0,0.1,1.0,0.0,200.0,28.51,VALID,124.2
2026-08-25 05:15:00,A,A3,8223.0,7000.0,0.1,1.0,0.0,200.0,27.84,VALID,122.3
2026-08-25 05:15:00,B,B1,8064.0,7000.0,0.1,1.0,0.0,200.0,28.09,VALID,106.4
2026-08-25 05:15:00,B,B2,8075.0,7000.0,0.1,1.0,0.0,200.0,28.08,VALID,107.5
2026-08-25 05:15:00,B,B3,8045.0,7000.0,0.1,1.0,0.0,200.0,28.26,VALID,104.5
2026-08-25 05:15:00,C,C1,8392.0,7000.0,0.1,1.0,0.0,200.0,28.19,VALID,139.2
2026-08-25 05:15:00,C,C2,8417.0,7000.0,0.1,1.0,0.0,200.0,27.99,VALID,141.7
2026-08-25 05:15:00,C,C3,8408.0,7000.0,0.1,1.0,0.0,200.0,28.06,VALID,140.8
2026-08-25 05:15:00,D,D1,7986.0,7000.0,0.1,1.0,0.0,200.0,28.02,VALID,98.6
2026-08-25 05:15:00,D,D2,7992.0,7000.0,0.1,1.0,0.0,200.0,27.93,VALID,99.2
2026-08-25 05:15:00,D,D3,7992.0,7000.0,0.1,1.0,0.0,200.0,28.04,VALID,99.2
2026-08-25 05:30:00,A,A1,8233.0,7000.0,0.1,1.0,0.0,200.0,28.0,VALID,123.3
2026-08-25 05:30:00,A,A2,8235.0,7000.0,0.1,1.0,0.0,200.0,28.0,VALID,123.5
2026-08-25 05:30:00,A,A3,8258.0,7000.0,0.1,1.0,0.0,200.0,28.3,VALID,125.8
2026-08-25 05:30:00,B,B1,8029.0,7000.0,0.1,1.0,0.0,200.0,27.99,VALID,102.9
2026-08-25 05:30:00,B,B2,8079.0,7000.0,0.1,1.0,0.0,200.0,27.94,VALID,107.9
2026-08-25 05:30:00,B,B3,8060.0,7000.0,0.1,1.0,0.0,200.0,27.92,VALID,106.0
2026-08-25 05:30:00,C,C1,8399.0,7000.0,0.1,1.0,0.0,200.0,27.74,VALID,139.9
2026-08-25 05:30:00,C,C2,8447.0,7000.0,0.1,1.0,0.0,200.0,27.96,VALID,144.7
2026-08-25 05:30:00,C,C3,8406.0,7000.0,0.1,1.0,0.0,200.0,28.2,VALID,140.6
2026-08-25 05:30:00,D,D1,7970.0,7000.0,0.1,1.0,0.0,200.0,27.86,VALID,97.0
2026-08-25 05:30:00,D,D2,7997.0,7000.0,0.1,1.0,0.0,200.0,28.4,VALID,99.7
2026-08-25 05:30:00,D,D3,7988.0,7000.0,0.1,1.0,0.0,200.0,27.54,VALID,98.8
2026-08-25 05:45:00,A,A1,8219.0,7000.0,0.1,1.0,0.0,200.0,28.08,VALID,121.9
2026-08-25 05:45:00,A,A2,8253.0,7000.0,0.1,1.0,0.0,200.0,28.45,VALID,125.3
2026-08-25 05:45:00,A,A3,8247.0,7000.0,0.1,1.0,0.0,200.0,28.03,VALID,124.7
2026-08-25 05:45:00,B,B1,8048.0,7000.0,0.1,1.0,0.0,200.0,28.32,VALID,104.8
2026-08-25 05:45:00,B,B2,8068.0,7000.0,0.1,1.0,0.0,200.0,27.86,VALID,106.8
2026-08-25 05:45:00,B,B3,8061.0,7000.0,0.1,1.0,0.0,200.0,27.74,VALID,106.1
2026-08-25 05:45:00,C,C1,8390.0,7000.0,0.1,1.0,0.0,200.0,27.95,VALID,139.0
2026-08-25 05:45:00,C,C2,8443.0,7000.0,0.1,1.0,0.0,200.0,27.92,VALID,144.3
2026-08-25 05:45:00,C,C3,8403.0,7000.0,0.1,1.0,0.0,200.0,27.67,VALID,140.3
2026-08-25 05:45:00,D,D1,7986.0,7000.0,0.1,1.0,0.0,200.0,28.01,VALID,98.6
2026-08-25 05:45:00,D,D2,7997.0,7000.0,0.1,1.0,0.0,200.0,27.9,VALID,99.7
2026-08-25 05:45:00,D,D3,7998.0,7000.0,0.1,1.0,0.0,200.0,28.27,VALID,99.8
2026-08-25 06:00:00,A,A1,8218.0,7000.0,0.1,1.0,0.0,200.0,28.02,VALID,121.8
2026-08-25 06:00:00,A,A2,8255.0,7000.0,0.1,1.0,0.0,200.0,27.84,VALID,125.5
2026-08-25 06:00:00,A,A3,8234.0,7000.0,0.1,1.0,0.0,200.0,27.99,VALID,123.4
2026-08-25 06:00:00,B,B1,8045.0,7000.0,0.1,1.0,0.0,200.0,28.03,VALID,104.5
2026-08-25 06:00:00,B,B2,8072.0,7000.0,0.1,1.0,0.0,200.0,28.11,VALID,107.2
2026-08-25 06:00:00,B,B3,8054.0,7000.0,0.1,1.0,0.0,200.0,28.0,VALID,105.4
2026-08-25 06:00:00,C,C1,8407.0,7000.0,0.1,1.0,0.0,200.0,28.42,VALID,140.7
2026-08-25 06:00:00,C,C2,8448.0,7000.0,0.1,1.0,0.0,200.0,27.76,VALID,144.8
2026-08-25 06:00:00,C,C3,8419.0,7000.0,0.1,1.0,0.0,200.0,27.9,VALID,141.9
2026-08-25 06:00:00,D,D1,7987.0,7000.0,0.1,1.0,0.0,200.0,27.85,VALID,98.7
2026-08-25 06:00:00,D,D2,7987.0,7000.0,0.1,1.0,0.0,200.0,27.93,VALID,98.7
2026-08-25 06:00:00,D,D3,8001.0,7000.0,0.1,1.0,0.0,200.0,28.06,VALID,100.1
2026-08-25 06:15:00,A,A1,8228.0,7000.0,0.1,1.0,0.0,200.0,28.04,VALID,122.8
2026-08-25 06:15:00,A,A2,6850.0,7000.0,0.1,1.0,0.0,200.0,28.1,VALID,-15.0
2026-08-25 06:15:00,A,A3,8232.0,7000.0,0.1,1.0,0.0,200.0,28.01,VALID,123.2
2026-08-25 06:15:00,B,B1,8072.0,7000.0,0.1,1.0,0.0,200.0,28.02,VALID,107.2
2026-08-25 06:15:00,B,B2,8072.0,7000.0,0.1,1.0,0.0,200.0,28.01,VALID,107.2
2026-08-25 06:15:00,B,B3,8063.0,7000.0,0.1,1.0,0.0,200.0,27.91,VALID,106.3
2026-08-25 06:15:00,C,C1,8397.0,7000.0,0.1,1.0,0.0,200.0,27.89,VALID,139.7
2026-08-25 06:15:00,C,C2,8435.0,7000.0,0.1,1.0,0.0,200.0,27.84,VALID,143.5
2026-08-25 06:15:00,C,C3,8416.0,7000.0,0.1,1.0,0.0,200.0,28.11,VALID,141.6
2026-08-25 06:15:00,D,D1,7983.0,7000.0,0.1,1.0,0.0,200.0,27.59,VALID,98.3
2026-08-25 06:15:00,D,D2,8008.0,7000.0,0.1,1.0,0.0,200.0,28.02,VALID,100.8
2026-08-25 06:15:00,D,D3,7986.0,7000.0,0.1,1.0,0.0,200.0,28.15,VALID,98.6
2026-08-25 06:30:00,A,A1,8212.0,7000.0,0.1,1.0,0.0,200.0,28.18,VALID,121.2
2026-08-25 06:30:00,A,A2,6850.0,7000.0,0.1,1.0,0.0,200.0,27.52,VALID,-15.0
2026-08-25 06:30:00,A,A3,8236.0,7000.0,0.1,1.0,0.0,200.0,27.89,VALID,123.6
2026-08-25 06:30:00,B,B1,8052.0,7000.0,0.1,1.0,0.0,200.0,27.83,VALID,105.2
2026-08-25 06:30:00,B,B2,8071.0,7000.0,0.1,1.0,0.0,200.0,27.88,VALID,107.1
2026-08-25 06:30:00,B,B3,8048.0,7000.0,0.1,1.0,0.0,200.0,28.23,VALID,104.8
2026-08-25 06:30:00,C,C1,8393.0,7000.0,0.1,1.0,0.0,200.0,27.83,VALID,139.3
2026-08-25 06:30:00,C,C2,8427.0,7000.0,0.1,1.0,0.0,200.0,28.13,VALID,142.7
2026-08-25 06:30:00,C,C3,8403.0,7000.0,0.1,1.0,0.0,200.0,28.0,VALID,140.3
2026-08-25 06:30:00,D,D1,7979.0,7000.0,0.1,1.0,0.0,200.0,27.87,VALID,97.9
2026-08-25 06:30:00,D,D2,7993.0,7000.0,0.1,1.0,0.0,200.0,27.85,VALID,99.3
2026-08-25 06:30:00,D,D3,7995.0,7000.0,0.1,1.0,0.0,200.0,28.02,VALID,99.5
2026-08-25 06:45:00,A,A1,8218.0,7000.0,0.1,1.0,0.0,200.0,27.92,VALID,121.8
2026-08-25 06:45:00,A,A2,6850.0,7000.0,0.1,1.0,0.0,200.0,27.61,VALID,-15.0
2026-08-25 06:45:00,A,A3,8235.0,7000.0,0.1,1.0,0.0,200.0,27.75,VALID,123.5
2026-08-25 06:45:00,B,B1,8047.0,7000.0,0.1,1.0,0.0,200.0,27.99,VALID,104.7
2026-08-25 06:45:00,B,B2,8067.0,7000.0,0.1,1.0,0.0,200.0,27.7,VALID,106.7
2026-08-25 06:45:00,B,B3,8077.0,7000.0,0.1,1.0,0.0,200.0,28.13,VALID,107.7
2026-08-25 06:45:00,C,C1,8377.0,7000.0,0.1,1.0,0.0,200.0,27.65,VALID,137.7
2026-08-25 06:45:00,C,C2,8442.0,7000.0,0.1,1.0,0.0,200.0,27.89,VALID,144.2
2026-08-25 06:45:00,C,C3,8428.0,7000.0,0.1,1.0,0.0,200.0,28.07,VALID,142.8
2026-08-25 06:45:00,D,D1,7987.0,7000.0,0.1,1.0,0.0,200.0,27.74,VALID,98.7
2026-08-25 06:45:00,D,D2,8007.0,7000.0,0.1,1.0,0.0,200.0,27.69,VALID,100.7
2026-08-25 06:45:00,D,D3,8006.0,7000.0,0.1,1.0,0.0,200.0,28.03,VALID,100.6
2026-08-25 07:00:00,A,A1,8217.0,7000.0,0.1,1.0,0.0,200.0,28.06,VALID,121.7
2026-08-25 07:00:00,A,A2,6850.0,7000.0,0.1,1.0,0.0,200.0,27.85,VALID,-15.0
2026-08-25 07:00:00,A,A3,8239.0,7000.0,0.1,1.0,0.0,200.0,27.81,VALID,123.9
2026-08-25 07:00:00,B,B1,8057.0,7000.0,0.1,1.0,0.0,200.0,27.6,VALID,105.7
2026-08-25 07:00:00,B,B2,8071.0,7000.0,0.1,1.0,0.0,200.0,27.91,VALID,107.1
2026-08-25 07:00:00,B,B3,8081.0,7000.0,0.1,1.0,0.0,200.0,27.54,VALID,108.1
2026-08-25 07:00:00,C,C1,8392.0,7000.0,0.1,1.0,0.0,200.0,28.16,VALID,139.2
2026-08-25 07:00:00,C,C2,8434.0,7000.0,0.1,1.0,0.0,200.0,27.86,VALID,143.4
2026-08-25 07:00:00,C,C3,8407.0,7000.0,0.1,1.0,0.0,200.0,27.71,VALID,140.7
2026-08-25 07:00:00,D,D1,7968.0,7000.0,0.1,1.0,0.0,200.0,27.77,VALID,96.8
2026-08-25 07:00:00,D,D2,7993.0,7000.0,0.1,1.0,0.0,200.0,27.92,VALID,99.3
2026-08-25 07:00:00,D,D3,7987.0,7000.0,0.1,1.0,0.0,200.0,27.8,VALID,98.7
2026-08-25 07:15:00,A,A1,8220.0,7000.0,0.1,1.0,0.0,200.0,27.83,VALID,122.0
2026-08-25 07:15:00,A,A2,6850.0,7000.0,0.1,1.0,0.0,200.0,27.63,VALID,-15.0
2026-08-25 07:15:00,A,A3,8235.0,7000.0,0.1,1.0,0.0,200.0,28.05,VALID,123.5
2026-08-25 07:15:00,B,B1,8057.0,7000.0,0.1,1.0,0.0,200.0,27.72,VALID,105.7
2026-08-25 07:15:00,B,B2,8070.0,7000.0,0.1,1.0,0.0,200.0,27.43,VALID,107.0
2026-08-25 07:15:00,B,B3,8063.0,7000.0,0.1,1.0,0.0,200.0,27.76,VALID,106.3
2026-08-25 07:15:00,C,C1,8386.0,7000.0,0.1,1.0,0.0,200.0,27.69,VALID,138.6
2026-08-25 07:15:00,C,C2,8432.0,7000.0,0.1,1.0,0.0,200.0,28.04,VALID,143.2
2026-08-25 07:15:00,C,C3,8424.0,7000.0,0.1,1.0,0.0,200.0,27.66,VALID,142.4
2026-08-25 07:15:00,D,D1,7979.0,7000.0,0.1,1.0,0.0,200.0,27.74,VALID,97.9
2026-08-25 07:15:00,D,D2,8009.0,7000.0,0.1,1.0,0.0,200.0,27.87,VALID,100.9
2026-08-25 07:15:00,D,D3,7995.0,7000.0,0.1,1.0,0.0,200.0,27.95,VALID,99.5
2026-08-25 07:30:00,A,A1,8218.0,7000.0,0.1,1.0,0.0,200.0,28.04,VALID,121.8
2026-08-25 07:30:00,A,A2,6850.0,7000.0,0.1,1.0,0.0,200.0,27.6,VALID,-15.0
2026-08-25 07:30:00,A,A3,8231.0,7000.0,0.1,1.0,0.0,200.0,28.02,VALID,123.1
2026-08-25 07:30:00,B,B1,8052.0,7000.0,0.1,1.0,0.0,200.0,27.96,VALID,105.2
2026-08-25 07:30:00,B,B2,8065.0,7000.0,0.1,1.0,0.0,200.0,27.62,VALID,106.5
2026-08-25 07:30:00,B,B3,8069.0,7000.0,0.1,1.0,0.0,200.0,27.6,VALID,106.9
2026-08-25 07:30:00,C,C1,8401.0,7000.0,0.1,1.0,0.0,200.0,27.84,VALID,140.1
2026-08-25 07:30:00,C,C2,8428.0,7000.0,0.1,1.0,0.0,200.0,27.76,VALID,142.8
2026-08-25 07:30:00,C,C3,8409.0,7000.0,0.1,1.0,0.0,200.0,27.84,VALID,140.9
2026-08-25 07:30:00,D,D1,8000.0,7000.0,0.1,1.0,0.0,200.0,27.7,VALID,100.0
2026-08-25 07:30:00,D,D2,8006.0,7000.0,0.1,1.0,0.0,200.0,27.78,VALID,100.6
2026-08-25 07:30:00,D,D3,7994.0,7000.0,0.1,1.0,0.0,200.0,27.74,VALID,99.4
2026-08-25 07:45:00,A,A1,8215.0,7000.0,0.1,1.0,0.0,200.0,27.76,VALID,121.5
2026-08-25 07:45:00,A,A2,6850.0,7000.0,0.1,1.0,0.0,200.0,27.51,VALID,-15.0
2026-08-25 07:45:00,A,A3,8242.0,7000.0,0.1,1.0,0.0,200.0,27.71,VALID,124.2
2026-08-25 07:45:00,B,B1,8053.0,7000.0,0.1,1.0,0.0,200.0,27.96,VALID,105.3
2026-08-25 07:45:00,B,B2,8053.0,7000.0,0.1,1.0,0.0,200.0,27.95,VALID,105.3
2026-08-25 07:45:00,B,B3,8055.0,7000.0,0.1,1.0,0.0,200.0,27.73,VALID,105.5
2026-08-25 07:45:00,C,C1,8388.0,7000.0,0.1,1.0,0.0,200.0,27.51,VALID,138.8
2026-08-25 07:45:00,C,C2,8447.0,7000.0,0.1,1.0,0.0,200.0,28.06,VALID,144.7
2026-08-25 07:45:00,C,C3,8411.0,7000.0,0.1,1.0,0.0,200.0,27.76,VALID,141.1
2026-08-25 07:45:00,D,D1,7983.0,7000.0,0.1,1.0,0.0,200.0,28.04,VALID,98.3
2026-08-25 07:45:00,D,D2,7982.0,7000.0,0.1,1.0,0.0,200.0,27.77,VALID,98.2
2026-08-25 07:45:00,D,D3,7986.0,7000.0,0.1,1.0,0.0,200.0,27.22,VALID,98.6
2026-08-25 08:00:00,A,A1,8219.0,7000.0,0.1,1.0,0.0,200.0,27.97,VALID,121.9
2026-08-25 08:00:00,A,A2,6850.0,7000.0,0.1,1.0,0.0,200.0,27.76,VALID,-15.0
2026-08-25 08:00:00,A,A3,8243.0,7000.0,0.1,1.0,0.0,200.0,27.6,VALID,124.3
2026-08-25 08:00:00,B,B1,8055.0,7000.0,0.1,1.0,0.0,200.0,27.25,VALID,105.5
2026-08-25 08:00:00,B,B2,8063.0,7000.0,0.1,1.0,0.0,200.0,27.78,VALID,106.3
2026-08-25 08:00:00,B,B3,8063.0,7000.0,0.1,1.0,0.0,200.0,27.67,VALID,106.3
2026-08-25 08:00:00,C,C1,8393.0,7000.0,0.1,1.0,0.0,200.0,28.04,VALID,139.3
2026-08-25 08:00:00,C,C2,8430.0,7000.0,0.1,1.0,0.0,200.0,27.92,VALID,143.0
2026-08-25 08:00:00,C,C3,8413.0,7000.0,0.1,1.0,0.0,200.0,27.94,VALID,141.3
2026-08-25 08:00:00,D,D1,7971.0,7000.0,0.1,1.0,0.0,200.0,27.64,VALID,97.1
2026-08-25 08:00:00,D,D2,7997.0,7000.0,0.1,1.0,0.0,200.0,27.63,VALID,99.7
2026-08-25 08:00:00,D,D3,8003.0,7000.0,0.1,1.0,0.0,200.0,27.67,VALID,100.3
2026-08-25 08:15:00,A,A1,8232.0,7000.0,0.1,1.0,0.0,200.0,27.36,VALID,123.2
2026-08-25 08:15:00,A,A2,6850.0,7000.0,0.1,1.0,0.0,200.0,27.5,VALID,-15.0
2026-08-25 08:15:00,A,A3,8231.0,7000.0,0.1,1.0,0.0,200.0,27.46,VALID,123.1
2026-08-25 08:15:00,B,B1,8045.0,7000.0,0.1,1.0,0.0,200.0,27.73,VALID,104.5
2026-08-25 08:15:00,B,B2,8065.0,7000.0,0.1,1.0,0.0,200.0,27.78,VALID,106.5
2026-08-25 08:15:00,B,B3,8061.0,7000.0,0.1,1.0,0.0,200.0,27.62,VALID,106.1
2026-08-25 08:15:00,C,C1,8396.0,7000.0,0.1,1.0,0.0,200.0,27.33,VALID,139.6
2026-08-25 08:15:00,C,C2,8437.0,7000.0,0.1,1.0,0.0,200.0,27.88,VALID,143.7
2026-08-25 08:15:00,C,C3,8413.0,7000.0,0.1,1.0,0.0,200.0,27.67,VALID,141.3
2026-08-25 08:15:00,D,D1,7987.0,7000.0,0.1,1.0,0.0,200.0,27.56,VALID,98.7
2026-08-25 08:15:00,D,D2,8001.0,7000.0,0.1,1.0,0.0,200.0,27.6,VALID,100.1
2026-08-25 08:15:00,D,D3,7998.0,7000.0,0.1,1.0,0.0,200.0,27.22,VALID,99.8
2026-08-25 08:30:00,A,A1,8222.0,7000.0,0.1,1.0,0.0,200.0,27.34,VALID,122.2
2026-08-25 08:30:00,A,A2,6850.0,7000.0,0.1,1.0,0.0,200.0,27.64,VALID,-15.0
2026-08-25 08:30:00,A,A3,8224.0,7000.0,0.1,1.0,0.0,200.0,27.1,VALID,122.4
2026-08-25 08:30:00,B,B1,8059.0,7000.0,0.1,1.0,0.0,200.0,27.1,VALID,105.9
2026-08-25 08:30:00,B,B2,8050.0,7000.0,0.1,1.0,0.0,200.0,27.56,VALID,105.0
2026-08-25 08:30:00,B,B3,8062.0,7000.0,0.1,1.0,0.0,200.0,27.47,VALID,106.2
2026-08-25 08:30:00,C,C1,8386.0,7000.0,0.1,1.0,0.0,200.0,27.1,VALID,138.6
2026-08-25 08:30:00,C,C2,8422.0,7000.0,0.1,1.0,0.0,200.0,27.33,VALID,142.2
2026-08-25 08:30:00,C,C3,8399.0,7000.0,0.1,1.0,0.0,200.0,27.44,VALID,139.9
2026-08-25 08:30:00,D,D1,7976.0,7000.0,0.1,1.0,0.0,200.0,27.42,VALID,97.6
2026-08-25 08:30:00,D,D2,8000.0,7000.0,0.1,1.0,0.0,200.0,27.46,VALID,100.0
2026-08-25 08:30:00,D,D3,7995.0,7000.0,0.1,1.0,0.0,200.0,27.31,VALID,99.5
2026-08-25 08:45:00,A,A1,8221.0,7000.0,0.1,1.0,0.0,200.0,27.3,VALID,122.1
2026-08-25 08:45:00,A,A2,6850.0,7000.0,0.1,1.0,0.0,200.0,27.38,VALID,-15.0
2026-08-25 08:45:00,A,A3,8231.0,7000.0,0.1,1.0,0.0,200.0,27.37,VALID,123.1
2026-08-25 08:45:00,B,B1,8040.0,7000.0,0.1,1.0,0.0,200.0,27.19,VALID,104.0
2026-08-25 08:45:00,B,B2,8056.0,7000.0,0.1,1.0,0.0,200.0,27.4,VALID,105.6
2026-08-25 08:45:00,B,B3,8047.0,7000.0,0.1,1.0,0.0,200.0,27.07,VALID,104.7
2026-08-25 08:45:00,C,C1,8394.0,7000.0,0.1,1.0,0.0,200.0,27.13,VALID,139.4
2026-08-25 08:45:00,C,C2,8423.0,7000.0,0.1,1.0,0.0,200.0,27.44,VALID,142.3
2026-08-25 08:45:00,C,C3,8418.0,7000.0,0.1,1.0,0.0,200.0,27.4,VALID,141.8
2026-08-25 08:45:00,D,D1,7987.0,7000.0,0.1,1.0,0.0,200.0,27.21,VALID,98.7
2026-08-25 08:45:00,D,D2,7995.0,7000.0,0.1,1.0,0.0,200.0,27.13,VALID,99.5
2026-08-25 08:45:00,D,D3,7991.0,7000.0,0.1,1.0,0.0,200.0,27.15,VALID,99.1
2026-08-25 09:00:00,A,A1,8214.0,7000.0,0.1,1.0,0.0,200.0,27.24,VALID,121.4
2026-08-25 09:00:00,A,A2,8251.0,7000.0,0.1,1.0,0.0,200.0,27.2,VALID,125.1
2026-08-25 09:00:00,A,A3,8244.0,7000.0,0.1,1.0,0.0,200.0,26.98,VALID,124.4
2026-08-25 09:00:00,B,B1,8033.0,7000.0,0.1,1.0,0.0,200.0,27.26,VALID,103.3
2026-08-25 09:00:00,B,B2,8058.0,7000.0,0.1,1.0,0.0,200.0,27.07,VALID,105.8
2026-08-25 09:00:00,B,B3,8042.0,7000.0,0.1,1.0,0.0,200.0,26.94,VALID,104.2
2026-08-25 09:00:00,C,C1,8375.0,7000.0,0.1,1.0,0.0,200.0,27.03,VALID,137.5
2026-08-25 09:00:00,C,C2,8426.0,7000.0,0.1,1.0,0.0,200.0,27.14,VALID,142.6
2026-08-25 09:00:00,C,C3,8419.0,7000.0,0.1,1.0,0.0,200.0,27.26,VALID,141.9
2026-08-25 09:00:00,D,D1,7963.0,7000.0,0.1,1.0,0.0,200.0,27.24,VALID,96.3
2026-08-25 09:00:00,D,D2,7997.0,7000.0,0.1,1.0,0.0,200.0,27.1,VALID,99.7
2026-08-25 09:00:00,D,D3,7988.0,7000.0,0.1,1.0,0.0,200.0,27.16,VALID,98.8
2026-08-25 09:15:00,A,A1,8211.0,7000.0,0.1,1.0,0.0,200.0,26.94,VALID,121.1
2026-08-25 09:15:00,A,A2,8249.0,7000.0,0.1,1.0,0.0,200.0,26.84,VALID,124.9
2026-08-25 09:15:00,A,A3,8217.0,7000.0,0.1,1.0,0.0,200.0,26.97,VALID,121.7
2026-08-25 09:15:00,B,B1,8039.0,7000.0,0.1,1.0,0.0,200.0,26.63,VALID,103.9
2026-08-25 09:15:00,B,B2,8061.0,7000.0,0.1,1.0,0.0,200.0,27.27,VALID,106.1
2026-08-25 09:15:00,B,B3,8056.0,7000.0,0.1,1.0,0.0,200.0,27.01,VALID,105.6
2026-08-25 09:15:00,C,C1,8368.0,7000.0,0.1,1.0,0.0,200.0,27.07,VALID,136.8
2026-08-25 09:15:00,C,C2,8430.0,7000.0,0.1,1.0,0.0,200.0,26.85,VALID,143.0
2026-08-25 09:15:00,C,C3,8408.0,7000.0,0.1,1.0,0.0,200.0,27.01,VALID,140.8
2026-08-25 09:15:00,D,D1,7967.0,7000.0,0.1,1.0,0.0,200.0,27.04,VALID,96.7
2026-08-25 09:15:00,D,D2,8006.0,7000.0,0.1,1.0,0.0,200.0,26.93,VALID,100.6
2026-08-25 09:15:00,D,D3,7979.0,7000.0,0.1,1.0,0.0,200.0,26.94,VALID,97.9
2026-08-25 09:30:00,A,A1,8223.0,7000.0,0.1,1.0,0.0,200.0,26.58,VALID,122.3
2026-08-25 09:30:00,A,A2,8243.0,7000.0,0.1,1.0,0.0,200.0,26.69,VALID,124.3
2026-08-25 09:30:00,A,A3,8228.0,7000.0,0.1,1.0,0.0,200.0,26.71,VALID,122.8
2026-08-25 09:30:00,B,B1,8042.0,7000.0,0.1,1.0,0.0,200.0,27.13,VALID,104.2
2026-08-25 09:30:00,B,B2,8050.0,7000.0,0.1,1.0,0.0,200.0,26.92,VALID,105.0
2026-08-25 09:30:00,B,B3,8071.0,7000.0,0.1,1.0,0.0,200.0,26.96,VALID,107.1
2026-08-25 09:30:00,C,C1,8373.0,7000.0,0.1,1.0,0.0,200.0,26.57,VALID,137.3
2026-08-25 09:30:00,C,C2,8421.0,7000.0,0.1,1.0,0.0,200.0,26.86,VALID,142.1
2026-08-25 09:30:00,C,C3,8407.0,7000.0,0.1,1.0,0.0,200.0,26.57,VALID,140.7
2026-08-25 09:30:00,D,D1,7968.0,7000.0,0.1,1.0,0.0,200.0,26.66,VALID,96.8
2026-08-25 09:30:00,D,D2,7992.0,7000.0,0.1,1.0,0.0,200.0,27.22,VALID,99.2
2026-08-25 09:30:00,D,D3,7977.0,7000.0,0.1,1.0,0.0,200.0,26.63,VALID,97.7
2026-08-25 09:45:00,A,A1,8204.0,7000.0,0.1,1.0,0.0,200.0,26.79,VALID,120.4
2026-08-25 09:45:00,A,A2,8236.0,7000.0,0.1,1.0,0.0,200.0,26.49,VALID,123.6
2026-08-25 09:45:00,A,A3,8221.0,7000.0,0.1,1.0,0.0,200.0,26.51,VALID,122.1
2026-08-25 09:45:00,B,B1,8049.0,7000.0,0.1,1.0,0.0,200.0,27.2,VALID,104.9
2026-08-25 09:45:00,B,B2,8066.0,7000.0,0.1,1.0,0.0,200.0,26.65,VALID,106.6
2026-08-25 09:45:00,B,B3,8048.0,7000.0,0.1,1.0,0.0,200.0,26.4,VALID,104.8
2026-08-25 09:45:00,C,C1,8391.0,7000.0,0.1,1.0,0.0,200.0,26.8,VALID,139.1
2026-08-25 09:45:00,C,C2,8422.0,7000.0,0.1,1.0,0.0,200.0,26.91,VALID,142.2
2026-08-25 09:45:00,C,C3,8404.0,7000.0,0.1,1.0,0.0,200.0,26.82,VALID,140.4
2026-08-25 09:45:00,D,D1,7977.0,7000.0,0.1,1.0,0.0,200.0,26.63,VALID,97.7
2026-08-25 09:45:00,D,D2,7983.0,7000.0,0.1,1.0,0.0,200.0,26.64,VALID,98.3
2026-08-25 09:45:00,D,D3,7992.0,7000.0,0.1,1.0,0.0,200.0,26.57,VALID,99.2
2026-08-25 10:00:00,A,A1,8216.0,7000.0,0.1,1.0,0.0,200.0,26.28,VALID,121.6
2026-08-25 10:00:00,A,A2,8242.0,7000.0,0.1,1.0,0.0,200.0,26.56,VALID,124.2
2026-08-25 10:00:00,A,A3,8212.0,7000.0,0.1,1.0,0.0,200.0,26.46,VALID,121.2
2026-08-25 10:00:00,B,B1,8053.0,7000.0,0.1,1.0,0.0,200.0,26.25,VALID,105.3
2026-08-25 10:00:00,B,B2,8050.0,7000.0,0.1,1.0,0.0,200.0,26.49,VALID,105.0
2026-08-25 10:00:00,B,B3,8072.0,7000.0,0.1,1.0,0.0,200.0,26.37,VALID,107.2
2026-08-25 10:00:00,C,C1,8387.0,7000.0,0.1,1.0,0.0,200.0,26.55,VALID,138.7
2026-08-25 10:00:00,C,C2,8419.0,7000.0,0.1,1.0,0.0,200.0,26.53,VALID,141.9
2026-08-25 10:00:00,C,C3,8398.0,7000.0,0.1,1.0,0.0,200.0,26.43,VALID,139.8
2026-08-25 10:00:00,D,D1,7958.0,7000.0,0.1,1.0,0.0,200.0,26.5,VALID,95.8
2026-08-25 10:00:00,D,D2,7999.0,7000.0,0.1,1.0,0.0,200.0,26.51,VALID,99.9
2026-08-25 10:00:00,D,D3,7992.0,7000.0,0.1,1.0,0.0,200.0,26.62,VALID,99.2
2026-08-25 10:15:00,A,A1,8210.0,7000.0,0.1,1.0,0.0,200.0,26.2,VALID,121.0
2026-08-25 10:15:00,A,A2,8229.0,7000.0,0.1,1.0,0.0,200.0,26.03,VALID,122.9
2026-08-25 10:15:00,A,A3,8219.0,7000.0,0.1,1.0,0.0,200.0,26.36,VALID,121.9
2026-08-25 10:15:00,B,B1,8058.0,7000.0,0.1,1.0,0.0,200.0,26.43,VALID,105.8
2026-08-25 10:15:00,B,B2,8050.0,7000.0,0.1,1.0,0.0,200.0,26.04,VALID,105.0
2026-08-25 10:15:00,B,B3,8049.0,7000.0,0.1,1.0,0.0,200.0,26.49,VALID,104.9
2026-08-25 10:15:00,C,C1,8379.0,7000.0,0.1,1.0,0.0,200.0,26.44,VALID,137.9
2026-08-25 10:15:00,C,C2,8421.0,7000.0,0.1,1.0,0.0,200.0,26.47,VALID,142.1
2026-08-25 10:15:00,C,C3,8387.0,7000.0,0.1,1.0,0.0,200.0,26.65,VALID,138.7
2026-08-25 10:15:00,D,D1,7961.0,7000.0,0.1,1.0,0.0,200.0,26.49,VALID,96.1
2026-08-25 10:15:00,D,D2,7986.0,7000.0,0.1,1.0,0.0,200.0,26.3,VALID,98.6
2026-08-25 10:15:00,D,D3,7979.0,7000.0,0.1,1.0,0.0,200.0,26.38,VALID,97.9
2026-08-25 10:30:00,A,A1,8213.0,7000.0,0.1,1.0,0.0,200.0,26.36,VALID,121.3
2026-08-25 10:30:00,A,A2,8244.0,7000.0,0.1,1.0,0.0,200.0,26.21,VALID,124.4
2026-08-25 10:30:00,A,A3,8235.0,7000.0,0.1,1.0,0.0,200.0,26.17,VALID,123.5
2026-08-25 10:30:00,B,B1,8051.0,7000.0,0.1,1.0,0.0,200.0,26.23,VALID,105.1
2026-08-25 10:30:00,B,B2,8051.0,7000.0,0.1,1.0,0.0,200.0,26.18,VALID,105.1
2026-08-25 10:30:00,B,B3,8054.0,7000.0,0.1,1.0,0.0,200.0,26.14,VALID,105.4
2026-08-25 10:30:00,C,C1,8383.0,7000.0,0.1,1.0,0.0,200.0,26.32,VALID,138.3
2026-08-25 10:30:00,C,C2,8421.0,7000.0,0.1,1.0,0.0,200.0,25.56,VALID,142.1
2026-08-25 10:30:00,C,C3,8414.0,7000.0,0.1,1.0,0.0,200.0,26.09,VALID,141.4
2026-08-25 10:30:00,D,D1,7962.0,7000.0,0.1,1.0,0.0,200.0,25.92,VALID,96.2
2026-08-25 10:30:00,D,D2,7984.0,7000.0,0.1,1.0,0.0,200.0,26.04,VALID,98.4
2026-08-25 10:30:00,D,D3,7973.0,7000.0,0.1,1.0,0.0,200.0,26.01,VALID,97.3
2026-08-25 10:45:00,A,A1,8212.0,7000.0,0.1,1.0,0.0,200.0,26.37,VALID,121.2
2026-08-25 10:45:00,A,A2,8237.0,7000.0,0.1,1.0,0.0,200.0,26.19,VALID,123.7
2026-08-25 10:45:00,A,A3,8214.0,7000.0,0.1,1.0,0.0,200.0,25.99,VALID,121.4
2026-08-25 10:45:00,B,B1,8043.0,7000.0,0.1,1.0,0.0,200.0,25.83,VALID,104.3
2026-08-25 10:45:00,B,B2,8051.0,7000.0,0.1,1.0,0.0,200.0,26.14,VALID,105.1
2026-08-25 10:45:00,B,B3,8057.0,7000.0,0.1,1.0,0.0,200.0,25.98,VALID,105.7
2026-08-25 10:45:00,C,C1,8367.0,7000.0,0.1,1.0,0.0,200.0,25.91,VALID,136.7
2026-08-25 10:45:00,C,C2,8407.0,7000.0,0.1,1.0,0.0,200.0,25.98,VALID,140.7
2026-08-25 10:45:00,C,C3,8400.0,7000.0,0.1,1.0,0.0,200.0,25.91,VALID,140.0
2026-08-25 10:45:00,D,D1,7970.0,7000.0,0.1,1.0,0.0,200.0,26.05,VALID,97.0
2026-08-25 10:45:00,D,D2,7988.0,7000.0,0.1,1.0,0.0,200.0,25.72,VALID,98.8
2026-08-25 10:45:00,D,D3,7975.0,7000.0,0.1,1.0,0.0,200.0,26.05,VALID,97.5
2026-08-25 11:00:00,A,A1,8220.0,7000.0,0.1,1.0,0.0,200.0,25.72,VALID,122.0
2026-08-25 11:00:00,A,A2,8233.0,7000.0,0.1,1.0,0.0,200.0,25.95,VALID,123.3
2026-08-25 11:00:00,A,A3,8214.0,7000.0,0.1,1.0,0.0,200.0,26.01,VALID,121.4
2026-08-25 11:00:00,B,B1,8049.0,7000.0,0.1,1.0,0.0,200.0,26.05,VALID,104.9
2026-08-25 11:00:00,B,B2,8057.0,7000.0,0.1,1.0,0.0,200.0,26.25,VALID,105.7
2026-08-25 11:00:00,B,B3,8040.0,7000.0,0.1,1.0,0.0,200.0,26.2,VALID,104.0
2026-08-25 11:00:00,C,C1,8383.0,7000.0,0.1,1.0,0.0,200.0,26.04,VALID,138.3
2026-08-25 11:00:00,C,C2,8415.0,7000.0,0.1,1.0,0.0,200.0,25.95,VALID,141.5
2026-08-25 11:00:00,C,C3,8409.0,7000.0,0.1,1.0,0.0,200.0,25.56,VALID,140.9
2026-08-25 11:00:00,D,D1,7964.0,7000.0,0.1,1.0,0.0,200.0,25.35,VALID,96.4
2026-08-25 11:00:00,D,D2,7982.0,7000.0,0.1,1.0,0.0,200.0,25.61,VALID,98.2
2026-08-25 11:00:00,D,D3,7974.0,7000.0,0.1,1.0,0.0,200.0,26.36,VALID,97.4
2026-08-25 11:15:00,A,A1,8220.0,7000.0,0.1,1.0,0.0,200.0,25.3,VALID,122.0
2026-08-25 11:15:00,A,A2,8231.0,7000.0,0.1,1.0,0.0,200.0,25.75,VALID,123.1
2026-08-25 11:15:00,A,A3,8211.0,7000.0,0.1,1.0,0.0,200.0,25.62,VALID,121.1
2026-08-25 11:15:00,B,B1,6800.0,7000.0,0.1,1.0,0.0,200.0,25.32,VALID,-20.0
2026-08-25 11:15:00,B,B2,8042.0,7000.0,0.1,1.0,0.0,200.0,25.62,VALID,104.2
2026-08-25 11:15:00,B,B3,8045.0,7000.0,0.1,1.0,0.0,200.0,25.44,VALID,104.5
2026-08-25 11:15:00,C,C1,8367.0,7000.0,0.1,1.0,0.0,200.0,25.57,VALID,136.7
2026-08-25 11:15:00,C,C2,8424.0,7000.0,0.1,1.0,0.0,200.0,25.57,VALID,142.4
2026-08-25 11:15:00,C,C3,8409.0,7000.0,0.1,1.0,0.0,200.0,25.45,VALID,140.9
2026-08-25 11:15:00,D,D1,7966.0,7000.0,0.1,1.0,0.0,200.0,25.51,VALID,96.6
2026-08-25 11:15:00,D,D2,7987.0,7000.0,0.1,1.0,0.0,200.0,25.43,VALID,98.7
2026-08-25 11:15:00,D,D3,7992.0,7000.0,0.1,1.0,0.0,200.0,25.25,VALID,99.2
2026-08-25 11:30:00,A,A1,8218.0,7000.0,0.1,1.0,0.0,200.0,25.41,VALID,121.8
2026-08-25 11:30:00,A,A2,8229.0,7000.0,0.1,1.0,0.0,200.0,25.66,VALID,122.9
2026-08-25 11:30:00,A,A3,8220.0,7000.0,0.1,1.0,0.0,200.0,25.25,VALID,122.0
2026-08-25 11:30:00,B,B1,6800.0,7000.0,0.1,1.0,0.0,200.0,25.77,VALID,-20.0
2026-08-25 11:30:00,B,B2,8041.0,7000.0,0.1,1.0,0.0,200.0,25.82,VALID,104.1
2026-08-25 11:30:00,B,B3,8046.0,7000.0,0.1,1.0,0.0,200.0,25.3,VALID,104.6
2026-08-25 11:30:00,C,C1,8364.0,7000.0,0.1,1.0,0.0,200.0,25.35,VALID,136.4
2026-08-25 11:30:00,C,C2,8397.0,7000.0,0.1,1.0,0.0,200.0,25.31,VALID,139.7
2026-08-25 11:30:00,C,C3,8390.0,7000.0,0.1,1.0,0.0,200.0,25.18,VALID,139.0
2026-08-25 11:30:00,D,D1,7969.0,7000.0,0.1,1.0,0.0,200.0,25.35,VALID,96.9
2026-08-25 11:30:00,D,D2,7975.0,7000.0,0.1,1.0,0.0,200.0,25.33,VALID,97.5
2026-08-25 11:30:00,D,D3,7976.0,7000.0,0.1,1.0,0.0,200.0,25.41,VALID,97.6
2026-08-25 11:45:00,A,A1,8194.0,7000.0,0.1,1.0,0.0,200.0,25.22,VALID,119.4
2026-08-25 11:45:00,A,A2,8222.0,7000.0,0.1,1.0,0.0,200.0,24.97,VALID,122.2
2026-08-25 11:45:00,A,A3,8208.0,7000.0,0.1,1.0,0.0,200.0,25.31,VALID,120.8
2026-08-25 11:45:00,B,B1,6800.0,7000.0,0.1,1.0,0.0,200.0,25.15,VALID,-20.0
2026-08-25 11:45:00,B,B2,8054.0,7000.0,0.1,1.0,0.0,200.0,25.0,VALID,105.4
2026-08-25 11:45:00,B,B3,8032.0,7000.0,0.1,1.0,0.0,200.0,25.15,VALID,103.2
2026-08-25 11:45:00,C,C1,8384.0,7000.0,0.1,1.0,0.0,200.0,25.23,VALID,138.4
2026-08-25 11:45:00,C,C2,8410.0,7000.0,0.1,1.0,0.0,200.0,25.51,VALID,141.0
2026-08-25 11:45:00,C,C3,8388.0,7000.0,0.1,1.0,0.0,200.0,25.64,VALID,138.8
2026-08-25 11:45:00,D,D1,7956.0,7000.0,0.1,1.0,0.0,200.0,24.99,VALID,95.6
2026-08-25 11:45:00,D,D2,7977.0,7000.0,0.1,1.0,0.0,200.0,25.15,VALID,97.7
2026-08-25 11:45:00,D,D3,7963.0,7000.0,0.1,1.0,0.0,200.0,25.72,VALID,96.3
2026-08-25 12:00:00,A,A1,8202.0,7000.0,0.1,1.0,0.0,200.0,25.09,VALID,120.2
2026-08-25 12:00:00,A,A2,8217.0,7000.0,0.1,1.0,0.0,200.0,24.88,VALID,121.7
2026-08-25 12:00:00,A,A3,8218.0,7000.0,0.1,1.0,0.0,200.0,24.66,VALID,121.8
2026-08-25 12:00:00,B,B1,6800.0,7000.0,0.1,1.0,0.0,200.0,24.95,VALID,-20.0
2026-08-25 12:00:00,B,B2,8058.0,7000.0,0.1,1.0,0.0,200.0,24.93,VALID,105.8
2026-08-25 12:00:00,B,B3,8043.0,7000.0,0.1,1.0,0.0,200.0,25.01,VALID,104.3
2026-08-25 12:00:00,C,C1,8380.0,7000.0,0.1,1.0,0.0,200.0,24.68,VALID,138.0
2026-08-25 12:00:00,C,C2,8417.0,7000.0,0.1,1.0,0.0,200.0,24.96,VALID,141.7
2026-08-25 12:00:00,C,C3,8397.0,7000.0,0.1,1.0,0.0,200.0,24.84,VALID,139.7
2026-08-25 12:00:00,D,D1,7959.0,7000.0,0.1,1.0,0.0,200.0,24.98,VALID,95.9
2026-08-25 12:00:00,D,D2,7968.0,7000.0,0.1,1.0,0.0,200.0,24.74,VALID,96.8
2026-08-25 12:00:00,D,D3,7964.0,7000.0,0.1,1.0,0.0,200.0,25.03,VALID,96.4
2026-08-25 12:15:00,A,A1,8190.0,7000.0,0.1,1.0,0.0,200.0,24.74,VALID,119.0
2026-08-25 12:15:00,A,A2,8202.0,7000.0,0.1,1.0,0.0,200.0,24.73,VALID,120.2
2026-08-25 12:15:00,A,A3,8216.0,7000.0,0.1,1.0,0.0,200.0,24.94,VALID,121.6
2026-08-25 12:15:00,B,B1,6800.0,7000.0,0.1,1.0,0.0,200.0,24.85,VALID,-20.0
2026-08-25 12:15:00,B,B2,8037.0,7000.0,0.1,1.0,0.0,200.0,25.13,VALID,103.7
2026-08-25 12:15:00,B,B3,8056.0,7000.0,0.1,1.0,0.0,200.0,24.84,VALID,105.6
2026-08-25 12:15:00,C,C1,8390.0,7000.0,0.1,1.0,0.0,200.0,24.67,VALID,139.0
2026-08-25 12:15:00,C,C2,8398.0,7000.0,0.1,1.0,0.0,200.0,24.66,VALID,139.8
2026-08-25 12:15:00,C,C3,8385.0,7000.0,0.1,1.0,0.0,200.0,25.27,VALID,138.5
2026-08-25 12:15:00,D,D1,7954.0,7000.0,0.1,1.0,0.0,200.0,24.63,VALID,95.4
2026-08-25 12:15:00,D,D2,7967.0,7000.0,0.1,1.0,0.0,200.0,25.03,VALID,96.7
2026-08-25 12:15:00,D,D3,7976.0,7000.0,0.1,1.0,0.0,200.0,24.71,VALID,97.6
2026-08-25 12:30:00,A,A1,8178.0,7000.0,0.1,1.0,0.0,200.0,24.38,VALID,117.8
2026-08-25 12:30:00,A,A2,8233.0,7000.0,0.1,1.0,0.0,200.0,24.75,VALID,123.3
2026-08-25 12:30:00,A,A3,8206.0,7000.0,0.1,1.0,0.0,200.0,24.98,VALID,120.6
2026-08-25 12:30:00,B,B1,6800.0,7000.0,0.1,1.0,0.0,200.0,24.6,VALID,-20.0
2026-08-25 12:30:00,B,B2,8042.0,7000.0,0.1,1.0,0.0,200.0,24.49,VALID,104.2
2026-08-25 12:30:00,B,B3,8033.0,7000.0,0.1,1.0,0.0,200.0,24.31,VALID,103.3
2026-08-25 12:30:00,C,C1,8352.0,7000.0,0.1,1.0,0.0,200.0,24.26,VALID,135.2
2026-08-25 12:30:00,C,C2,8417.0,7000.0,0.1,1.0,0.0,200.0,24.3,VALID,141.7
2026-08-25 12:30:00,C,C3,8403.0,7000.0,0.1,1.0,0.0,200.0,24.46,VALID,140.3
2026-08-25 12:30:00,D,D1,7971.0,7000.0,0.1,1.0,0.0,200.0,24.54,VALID,97.1
2026-08-25 12:30:00,D,D2,7959.0,7000.0,0.1,1.0,0.0,200.0,24.87,VALID,95.9
2026-08-25 12:30:00,D,D3,7978.0,7000.0,0.1,1.0,0.0,200.0,24.43,VALID,97.8
2026-08-25 12:45:00,A,A1,8190.0,7000.0,0.1,1.0,0.0,200.0,24.23,VALID,119.0
2026-08-25 12:45:00,A,A2,8214.0,7000.0,0.1,1.0,0.0,200.0,24.44,VALID,121.4
2026-08-25 12:45:00,A,A3,8200.0,7000.0,0.1,1.0,0.0,200.0,24.05,VALID,120.0
2026-08-25 12:45:00,B,B1,6800.0,7000.0,0.1,1.0,0.0,200.0,24.56,VALID,-20.0
2026-08-25 12:45:00,B,B2,8039.0,7000.0,0.1,1.0,0.0,200.0,24.35,VALID,103.9
2026-08-25 12:45:00,B,B3,8025.0,7000.0,0.1,1.0,0.0,200.0,24.29,VALID,102.5
2026-08-25 12:45:00,C,C1,8376.0,7000.0,0.1,1.0,0.0,200.0,24.19,VALID,137.6
2026-08-25 12:45:00,C,C2,8412.0,7000.0,0.1,1.0,0.0,200.0,24.42,VALID,141.2
2026-08-25 12:45:00,C,C3,8386.0,7000.0,0.1,1.0,0.0,200.0,24.27,VALID,138.6
2026-08-25 12:45:00,D,D1,7950.0,7000.0,0.1,1.0,0.0,200.0,24.41,VALID,95.0
2026-08-25 12:45:00,D,D2,7967.0,7000.0,0.1,1.0,0.0,200.0,24.48,VALID,96.7
2026-08-25 12:45:00,D,D3,7968.0,7000.0,0.1,1.0,0.0,200.0,24.85,VALID,96.8
2026-08-25 13:00:00,A,A1,8194.0,7000.0,0.1,1.0,0.0,200.0,23.84,VALID,119.4
2026-08-25 13:00:00,A,A2,8224.0,7000.0,0.1,1.0,0.0,200.0,24.18,VALID,122.4
2026-08-25 13:00:00,A,A3,8220.0,7000.0,0.1,1.0,0.0,200.0,24.52,VALID,122.0
2026-08-25 13:00:00,B,B1,6800.0,7000.0,0.1,1.0,0.0,200.0,24.37,VALID,-20.0
2026-08-25 13:00:00,B,B2,8033.0,7000.0,0.1,1.0,0.0,200.0,24.22,VALID,103.3
2026-08-25 13:00:00,B,B3,8038.0,7000.0,0.1,1.0,0.0,200.0,24.45,VALID,103.8
2026-08-25 13:00:00,C,C1,8370.0,7000.0,0.1,1.0,0.0,200.0,24.24,VALID,137.0
2026-08-25 13:00:00,C,C2,8426.0,7000.0,0.1,1.0,0.0,200.0,24.15,VALID,142.6
2026-08-25 13:00:00,C,C3,8367.0,7000.0,0.1,1.0,0.0,200.0,23.94,VALID,136.7
2026-08-25 13:00:00,D,D1,7965.0,7000.0,0.1,1.0,0.0,200.0,24.21,VALID,96.5
2026-08-25 13:00:00,D,D2,7971.0,7000.0,0.1,1.0,0.0,200.0,24.12,VALID,97.1
2026-08-25 13:00:00,D,D3,7958.0,7000.0,0.1,1.0,0.0,200.0,24.07,VALID,95.8
2026-08-25 13:15:00,A,A1,8194.0,7000.0,0.1,1.0,0.0,200.0,24.02,VALID,119.4
2026-08-25 13:15:00,A,A2,8216.0,7000.0,0.1,1.0,0.0,200.0,24.1,VALID,121.6
2026-08-25 13:15:00,A,A3,8196.0,7000.0,0.1,1.0,0.0,200.0,23.74,VALID,119.6
2026-08-25 13:15:00,B,B1,6800.0,7000.0,0.1,1.0,0.0,200.0,24.64,VALID,-20.0
2026-08-25 13:15:00,B,B2,8050.0,7000.0,0.1,1.0,0.0,200.0,24.3,VALID,105.0
2026-08-25 13:15:00,B,B3,8024.0,7000.0,0.1,1.0,0.0,200.0,24.04,VALID,102.4
2026-08-25 13:15:00,C,C1,8353.0,7000.0,0.1,1.0,0.0,200.0,23.77,VALID,135.3
2026-08-25 13:15:00,C,C2,8397.0,7000.0,0.1,1.0,0.0,200.0,24.3,VALID,139.7
2026-08-25 13:15:00,C,C3,8388.0,7000.0,0.1,1.0,0.0,200.0,23.84,VALID,138.8
2026-08-25 13:15:00,D,D1,7947.0,7000.0,0.1,1.0,0.0,200.0,24.19,VALID,94.7
2026-08-25 13:15:00,D,D2,7963.0,7000.0,0.1,1.0,0.0,200.0,24.05,VALID,96.3
2026-08-25 13:15:00,D,D3,7964.0,7000.0,0.1,1.0,0.0,200.0,24.11,VALID,96.4
2026-08-25 13:30:00,A,A1,8191.0,7000.0,0.1,1.0,0.0,200.0,23.72,VALID,119.1
2026-08-25 13:30:00,A,A2,8205.0,7000.0,0.1,1.0,0.0,200.0,23.63,VALID,120.5
2026-08-25 13:30:00,A,A3,8184.0,7000.0,0.1,1.0,0.0,200.0,23.83,VALID,118.4
2026-08-25 13:30:00,B,B1,6800.0,7000.0,0.1,1.0,0.0,200.0,23.58,VALID,-20.0
2026-08-25 13:30:00,B,B2,8038.0,7000.0,0.1,1.0,0.0,200.0,24.01,VALID,103.8
2026-08-25 13:30:00,B,B3,8012.0,7000.0,0.1,1.0,0.0,200.0,23.8,VALID,101.2
2026-08-25 13:30:00,C,C1,8373.0,7000.0,0.1,1.0,0.0,200.0,23.96,VALID,137.3
2026-08-25 13:30:00,C,C2,8383.0,7000.0,0.1,1.0,0.0,200.0,23.98,VALID,138.3
2026-08-25 13:30:00,C,C3,8372.0,7000.0,0.1,1.0,0.0,200.0,23.99,VALID,137.2
2026-08-25 13:30:00,D,D1,7942.0,7000.0,0.1,1.0,0.0,200.0,23.84,VALID,94.2
2026-08-25 13:30:00,D,D2,7961.0,7000.0,0.1,1.0,0.0,200.0,23.85,VALID,96.1
2026-08-25 13:30:00,D,D3,7953.0,7000.0,0.1,1.0,0.0,200.0,23.81,VALID,95.3
2026-08-25 13:45:00,A,A1,8176.0,7000.0,0.1,1.0,0.0,200.0,23.77,VALID,117.6
2026-08-25 13:45:00,A,A2,8210.0,7000.0,0.1,1.0,0.0,200.0,23.35,VALID,121.0
2026-08-25 13:45:00,A,A3,8206.0,7000.0,0.1,1.0,0.0,200.0,23.64,VALID,120.6
2026-08-25 13:45:00,B,B1,6800.0,7000.0,0.1,1.0,0.0,200.0,23.83,VALID,-20.0
2026-08-25 13:45:00,B,B2,8037.0,7000.0,0.1,1.0,0.0,200.0,23.91,VALID,103.7
2026-08-25 13:45:00,B,B3,8024.0,7000.0,0.1,1.0,0.0,200.0,23.88,VALID,102.4
2026-08-25 13:45:00,C,C1,8358.0,7000.0,0.1,1.0,0.0,200.0,23.77,VALID,135.8
2026-08-25 13:45:00,C,C2,8402.0,7000.0,0.1,1.0,0.0,200.0,23.92,VALID,140.2
2026-08-25 13:45:00,C,C3,8383.0,7000.0,0.1,1.0,0.0,200.0,23.58,VALID,138.3
2026-08-25 13:45:00,D,D1,7941.0,7000.0,0.1,1.0,0.0,200.0,23.66,VALID,94.1
2026-08-25 13:45:00,D,D2,7958.0,7000.0,0.1,1.0,0.0,200.0,23.46,VALID,95.8
2026-08-25 13:45:00,D,D3,7937.0,7000.0,0.1,1.0,0.0,200.0,23.36,VALID,93.7
2026-08-25 14:00:00,A,A1,8203.0,7000.0,0.1,1.0,0.0,200.0,23.37,VALID,120.3
2026-08-25 14:00:00,A,A2,8224.0,7000.0,0.1,1.0,0.0,200.0,23.58,VALID,122.4
2026-08-25 14:00:00,A,A3,8195.0,7000.0,0.1,1.0,0.0,200.0,23.2,VALID,119.5
2026-08-25 14:00:00,B,B1,8017.0,7000.0,0.1,1.0,0.0,200.0,23.88,VALID,101.7
2026-08-25 14:00:00,B,B2,8046.0,7000.0,0.1,1.0,0.0,200.0,23.55,VALID,104.6
2026-08-25 14:00:00,B,B3,8015.0,7000.0,0.1,1.0,0.0,200.0,23.31,VALID,101.5
2026-08-25 14:00:00,C,C1,8347.0,7000.0,0.1,1.0,0.0,200.0,23.76,VALID,134.7
2026-08-25 14:00:00,C,C2,8412.0,7000.0,0.1,1.0,0.0,200.0,23.54,VALID,141.2
2026-08-25 14:00:00,C,C3,8372.0,7000.0,0.1,1.0,0.0,200.0,23.81,VALID,137.2
2026-08-25 14:00:00,D,D1,7936.0,7000.0,0.1,1.0,0.0,200.0,23.51,VALID,93.6
2026-08-25 14:00:00,D,D2,7967.0,7000.0,0.1,1.0,0.0,200.0,23.33,VALID,96.7
2026-08-25 14:00:00,D,D3,7949.0,7000.0,0.1,1.0,0.0,200.0,23.36,VALID,94.9
2026-08-25 14:15:00,A,A1,8196.0,7000.0,0.1,1.0,0.0,200.0,23.72,VALID,119.6
2026-08-25 14:15:00,A,A2,8207.0,7000.0,0.1,1.0,0.0,200.0,23.28,VALID,120.7
2026-08-25 14:15:00,A,A3,8188.0,7000.0,0.1,1.0,0.0,200.0,23.33,VALID,118.8
2026-08-25 14:15:00,B,B1,8011.0,7000.0,0.1,1.0,0.0,200.0,23.31,VALID,101.1
2026-08-25 14:15:00,B,B2,8034.0,7000.0,0.1,1.0,0.0,200.0,23.25,VALID,103.4
2026-08-25 14:15:00,B,B3,8022.0,7000.0,0.1,1.0,0.0,200.0,23.3,VALID,102.2
2026-08-25 14:15:00,C,C1,8351.0,7000.0,0.1,1.0,0.0,200.0,23.24,VALID,135.1
2026-08-25 14:15:00,C,C2,8402.0,7000.0,0.1,1.0,0.0,200.0,22.98,VALID,140.2
2026-08-25 14:15:00,C,C3,8388.0,7000.0,0.1,1.0,0.0,200.0,23.36,VALID,138.8
2026-08-25 14:15:00,D,D1,7949.0,7000.0,0.1,1.0,0.0,200.0,23.48,VALID,94.9
2026-08-25 14:15:00,D,D2,7955.0,7000.0,0.1,1.0,0.0,200.0,23.15,VALID,95.5
2026-08-25 14:15:00,D,D3,7944.0,7000.0,0.1,1.0,0.0,200.0,23.28,VALID,94.4
2026-08-25 14:30:00,A,A1,8188.0,7000.0,0.1,1.0,0.0,200.0,23.06,VALID,118.8
2026-08-25 14:30:00,A,A2,8210.0,7000.0,0.1,1.0,0.0,200.0,22.7,VALID,121.0
2026-08-25 14:30:00,A,A3,8189.0,7000.0,0.1,1.0,0.0,200.0,23.41,VALID,118.9
2026-08-25 14:30:00,B,B1,8013.0,7000.0,0.1,1.0,0.0,200.0,23.01,VALID,101.3
2026-08-25 14:30:00,B,B2,8023.0,7000.0,0.1,1.0,0.0,200.0,22.57,VALID,102.3
2026-08-25 14:30:00,B,B3,8013.0,7000.0,0.1,1.0,0.0,200.0,23.39,VALID,101.3
2026-08-25 14:30:00,C,C1,8347.0,7000.0,0.1,1.0,0.0,200.0,23.08,VALID,134.7
2026-08-25 14:30:00,C,C2,8373.0,7000.0,0.1,1.0,0.0,200.0,22.85,VALID,137.3
2026-08-25 14:30:00,C,C3,8383.0,7000.0,0.1,1.0,0.0,200.0,23.3,VALID,138.3
2026-08-25 14:30:00,D,D1,7930.0,7000.0,0.1,1.0,0.0,200.0,23.05,VALID,93.0
2026-08-25 14:30:00,D,D2,7960.0,7000.0,0.1,1.0,0.0,200.0,22.93,VALID,96.0
2026-08-25 14:30:00,D,D3,7934.0,7000.0,0.1,1.0,0.0,200.0,23.14,VALID,93.4
2026-08-25 14:45:00,A,A1,8186.0,7000.0,0.1,1.0,0.0,200.0,23.14,VALID,118.6
2026-08-25 14:45:00,A,A2,8211.0,7000.0,0.1,1.0,0.0,200.0,22.71,VALID,121.1
2026-08-25 14:45:00,A,A3,8191.0,7000.0,0.1,1.0,0.0,200.0,22.97,VALID,119.1
2026-08-25 14:45:00,B,B1,8012.0,7000.0,0.1,1.0,0.0,200.0,22.98,VALID,101.2
2026-08-25 14:45:00,B,B2,8022.0,7000.0,0.1,1.0,0.0,200.0,22.42,VALID,102.2
2026-08-25 14:45:00,B,B3,8031.0,7000.0,0.1,1.0,0.0,200.0,23.09,VALID,103.1
2026-08-25 14:45:00,C,C1,8337.0,7000.0,0.1,1.0,0.0,200.0,23.12,VALID,133.7
2026-08-25 14:45:00,C,C2,8389.0,7000.0,0.1,1.0,0.0,200.0,22.94,VALID,138.9
2026-08-25 14:45:00,C,C3,8364.0,7000.0,0.1,1.0,0.0,200.0,23.13,VALID,136.4
2026-08-25 14:45:00,D,D1,7933.0,7000.0,0.1,1.0,0.0,200.0,22.8,VALID,93.3
2026-08-25 14:45:00,D,D2,7969.0,7000.0,0.1,1.0,0.0,200.0,22.99,VALID,96.9
2026-08-25 14:45:00,D,D3,7949.0,7000.0,0.1,1.0,0.0,200.0,23.16,VALID,94.9
2026-08-25 15:00:00,A,A1,8173.0,7000.0,0.1,1.0,0.0,200.0,22.79,VALID,117.3
2026-08-25 15:00:00,A,A2,8204.0,7000.0,0.1,1.0,0.0,200.0,22.57,VALID,120.4
2026-08-25 15:00:00,A,A3,8191.0,7000.0,0.1,1.0,0.0,200.0,22.73,VALID,119.1
2026-08-25 15:00:00,B,B1,8019.0,7000.0,0.1,1.0,0.0,200.0,22.99,VALID,101.9
2026-08-25 15:00:00,B,B2,8030.0,7000.0,0.1,1.0,0.0,200.0,22.56,VALID,103.0
2026-08-25 15:00:00,B,B3,8018.0,7000.0,0.1,1.0,0.0,200.0,22.64,VALID,101.8
2026-08-25 15:00:00,C,C1,8349.0,7000.0,0.1,1.0,0.0,200.0,22.42,VALID,134.9
2026-08-25 15:00:00,C,C2,8378.0,7000.0,0.1,1.0,0.0,200.0,23.12,VALID,137.8
2026-08-25 15:00:00,C,C3,8373.0,7000.0,0.1,1.0,0.0,200.0,22.81,VALID,137.3
2026-08-25 15:00:00,D,D1,7931.0,7000.0,0.1,1.0,0.0,200.0,22.66,VALID,93.1
2026-08-25 15:00:00,D,D2,7959.0,7000.0,0.1,1.0,0.0,200.0,22.81,VALID,95.9
2026-08-25 15:00:00,D,D3,7963.0,7000.0,0.1,1.0,0.0,200.0,22.84,VALID,96.3
2026-08-25 15:15:00,A,A1,8179.0,7000.0,0.1,1.0,0.0,200.0,22.47,VALID,117.9
2026-08-25 15:15:00,A,A2,8197.0,7000.0,0.1,1.0,0.0,200.0,22.78,VALID,119.7
2026-08-25 15:15:00,A,A3,8185.0,7000.0,0.1,1.0,0.0,200.0,22.65,VALID,118.5
2026-08-25 15:15:00,B,B1,8013.0,7000.0,0.1,1.0,0.0,200.0,23.05,VALID,101.3
2026-08-25 15:15:00,B,B2,8026.0,7000.0,0.1,1.0,0.0,200.0,22.97,VALID,102.6
2026-08-25 15:15:00,B,B3,8024.0,7000.0,0.1,1.0,0.0,200.0,22.96,VALID,102.4
2026-08-25 15:15:00,C,C1,8343.0,7000.0,0.1,1.0,0.0,200.0,22.7,VALID,134.3
2026-08-25 15:15:00,C,C2,8388.0,7000.0,0.1,1.0,0.0,200.0,22.85,VALID,138.8
2026-08-25 15:15:00,C,C3,8375.0,7000.0,0.1,1.0,0.0,200.0,22.77,VALID,137.5
2026-08-25 15:15:00,D,D1,7946.0,7000.0,0.1,1.0,0.0,200.0,22.63,VALID,94.6
2026-08-25 15:15:00,D,D2,7964.0,7000.0,0.1,1.0,0.0,200.0,22.95,VALID,96.4
2026-08-25 15:15:00,D,D3,7954.0,7000.0,0.1,1.0,0.0,200.0,22.77,VALID,95.4
2026-08-25 15:30:00,A,A1,8183.0,7000.0,0.1,1.0,0.0,200.0,22.44,VALID,118.3
2026-08-25 15:30:00,A,A2,8201.0,7000.0,0.1,1.0,0.0,200.0,22.68,VALID,120.1
2026-08-25 15:30:00,A,A3,8175.0,7000.0,0.1,1.0,0.0,200.0,22.71,VALID,117.5
2026-08-25 15:30:00,B,B1,7998.0,7000.0,0.1,1.0,0.0,200.0,22.53,VALID,99.8
2026-08-25 15:30:00,B,B2,8024.0,7000.0,0.1,1.0,0.0,200.0,22.47,VALID,102.4
2026-08-25 15:30:00,B,B3,8018.0,7000.0,0.1,1.0,0.0,200.0,22.63,VALID,101.8
2026-08-25 15:30:00,C,C1,8340.0,7000.0,0.1,1.0,0.0,200.0,22.73,VALID,134.0
2026-08-25 15:30:00,C,C2,8382.0,7000.0,0.1,1.0,0.0,200.0,23.08,VALID,138.2
2026-08-25 15:30:00,C,C3,8366.0,7000.0,0.1,1.0,0.0,200.0,22.39,VALID,136.6
2026-08-25 15:30:00,D,D1,7928.0,7000.0,0.1,1.0,0.0,200.0,22.85,VALID,92.8
2026-08-25 15:30:00,D,D2,7951.0,7000.0,0.1,1.0,0.0,200.0,22.35,VALID,95.1
2026-08-25 15:30:00,D,D3,7955.0,7000.0,0.1,1.0,0.0,200.0,22.54,VALID,95.5
2026-08-25 15:45:00,A,A1,8182.0,7000.0,0.1,1.0,0.0,200.0,22.69,VALID,118.2
2026-08-25 15:45:00,A,A2,8201.0,7000.0,0.1,1.0,0.0,200.0,22.98,VALID,120.1
2026-08-25 15:45:00,A,A3,8171.0,7000.0,0.1,1.0,0.0,200.0,22.34,VALID,117.1
2026-08-25 15:45:00,B,B1,8006.0,7000.0,0.1,1.0,0.0,200.0,22.96,VALID,100.6
2026-08-25 15:45:00,B,B2,8039.0,7000.0,0.1,1.0,0.0,200.0,22.76,VALID,103.9
2026-08-25 15:45:00,B,B3,8009.0,7000.0,0.1,1.0,0.0,200.0,22.37,VALID,100.9
2026-08-25 15:45:00,C,C1,8339.0,7000.0,0.1,1.0,0.0,200.0,22.35,VALID,133.9
2026-08-25 15:45:00,C,C2,8402.0,7000.0,0.1,1.0,0.0,200.0,22.46,VALID,140.2
2026-08-25 15:45:00,C,C3,8365.0,7000.0,0.1,1.0,0.0,200.0,22.66,VALID,136.5
2026-08-25 15:45:00,D,D1,7921.0,7000.0,0.1,1.0,0.0,200.0,22.52,VALID,92.1
2026-08-25 15:45:00,D,D2,7944.0,7000.0,0.1,1.0,0.0,200.0,22.45,VALID,94.4
2026-08-25 15:45:00,D,D3,7941.0,7000.0,0.1,1.0,0.0,200.0,22.38,VALID,94.1
2026-08-25 16:00:00,A,A1,8177.0,7000.0,0.1,1.0,0.0,200.0,22.45,VALID,117.7
2026-08-25 16:00:00,A,A2,8195.0,7000.0,0.1,1.0,0.0,200.0,22.48,VALID,119.5
2026-08-25 16:00:00,A,A3,8177.0,7000.0,0.1,1.0,0.0,200.0,22.54,VALID,117.7
2026-08-25 16:00:00,B,B1,8005.0,7000.0,0.1,1.0,0.0,200.0,22.31,VALID,100.5
2026-08-25 16:00:00,B,B2,8015.0,7000.0,0.1,1.0,0.0,200.0,22.35,VALID,101.5
2026-08-25 16:00:00,B,B3,8032.0,7000.0,0.1,1.0,0.0,200.0,22.39,VALID,103.2
2026-08-25 16:00:00,C,C1,8335.0,7000.0,0.1,1.0,0.0,200.0,22.59,VALID,133.5
2026-08-25 16:00:00,C,C2,8383.0,7000.0,0.1,1.0,0.0,200.0,22.46,VALID,138.3
2026-08-25 16:00:00,C,C3,8360.0,7000.0,0.1,1.0,0.0,200.0,22.66,VALID,136.0
2026-08-25 16:00:00,D,D1,7930.0,7000.0,0.1,1.0,0.0,200.0,22.68,VALID,93.0
2026-08-25 16:00:00,D,D2,7944.0,7000.0,0.1,1.0,0.0,200.0,22.34,VALID,94.4
2026-08-25 16:00:00,D,D3,7958.0,7000.0,0.1,1.0,0.0,200.0,22.44,VALID,95.8
2026-08-25 16:15:00,A,A1,8195.0,7000.0,0.1,1.0,0.0,200.0,22.26,VALID,119.5
2026-08-25 16:15:00,A,A2,8199.0,7000.0,0.1,1.0,0.0,200.0,22.69,VALID,119.9
2026-08-25 16:15:00,A,A3,8171.0,7000.0,0.1,1.0,0.0,200.0,21.98,VALID,117.1
2026-08-25 16:15:00,B,B1,7999.0,7000.0,0.1,1.0,0.0,200.0,22.47,VALID,99.9
2026-08-25 16:15:00,B,B2,8007.0,7000.0,0.1,1.0,0.0,200.0,22.43,VALID,100.7
2026-08-25 16:15:00,B,B3,8019.0,7000.0,0.1,1.0,0.0,200.0,22.71,VALID,101.9
2026-08-25 16:15:00,C,C1,8354.0,7000.0,0.1,1.0,0.0,200.0,22.38,VALID,135.4
2026-08-25 16:15:00,C,C2,8399.0,7000.0,0.1,1.0,0.0,200.0,22.42,VALID,139.9
2026-08-25 16:15:00,C,C3,10500.0,7000.0,0.1,1.0,0.0,200.0,22.08,VALID,350.0
2026-08-25 16:15:00,D,D1,7929.0,7000.0,0.1,1.0,0.0,200.0,22.3,VALID,92.9
2026-08-25 16:15:00,D,D2,7954.0,7000.0,0.1,1.0,0.0,200.0,21.88,VALID,95.4
2026-08-25 16:15:00,D,D3,7942.0,7000.0,0.1,1.0,0.0,200.0,22.32,VALID,94.2
2026-08-25 16:30:00,A,A1,8179.0,7000.0,0.1,1.0,0.0,200.0,22.55,VALID,117.9
2026-08-25 16:30:00,A,A2,8197.0,7000.0,0.1,1.0,0.0,200.0,22.05,VALID,119.7
2026-08-25 16:30:00,A,A3,8167.0,7000.0,0.1,1.0,0.0,200.0,22.37,VALID,116.7
2026-08-25 16:30:00,B,B1,7998.0,7000.0,0.1,1.0,0.0,200.0,22.4,VALID,99.8
2026-08-25 16:30:00,B,B2,8033.0,7000.0,0.1,1.0,0.0,200.0,21.92,VALID,103.3
2026-08-25 16:30:00,B,B3,8019.0,7000.0,0.1,1.0,0.0,200.0,22.49,VALID,101.9
2026-08-25 16:30:00,C,C1,8353.0,7000.0,0.1,1.0,0.0,200.0,21.81,VALID,135.3
2026-08-25 16:30:00,C,C2,8378.0,7000.0,0.1,1.0,0.0,200.0,21.97,VALID,137.8
2026-08-25 16:30:00,C,C3,10500.0,7000.0,0.1,1.0,0.0,200.0,22.31,VALID,350.0
2026-08-25 16:30:00,D,D1,7909.0,7000.0,0.1,1.0,0.0,200.0,22.17,VALID,90.9
2026-08-25 16:30:00,D,D2,7959.0,7000.0,0.1,1.0,0.0,200.0,22.26,VALID,95.9
2026-08-25 16:30:00,D,D3,7945.0,7000.0,0.1,1.0,0.0,200.0,22.16,VALID,94.5
2026-08-25 16:45:00,A,A1,8164.0,7000.0,0.1,1.0,0.0,200.0,22.16,VALID,116.4
2026-08-25 16:45:00,A,A2,8196.0,7000.0,0.1,1.0,0.0,200.0,22.28,VALID,119.6
2026-08-25 16:45:00,A,A3,8189.0,7000.0,0.1,1.0,0.0,200.0,22.18,VALID,118.9
2026-08-25 16:45:00,B,B1,8015.0,7000.0,0.1,1.0,0.0,200.0,22.08,VALID,101.5
2026-08-25 16:45:00,B,B2,8007.0,7000.0,0.1,1.0,0.0,200.0,22.25,VALID,100.7
2026-08-25 16:45:00,B,B3,8014.0,7000.0,0.1,1.0,0.0,200.0,22.26,VALID,101.4
2026-08-25 16:45:00,C,C1,8332.0,7000.0,0.1,1.0,0.0,200.0,22.52,VALID,133.2
2026-08-25 16:45:00,C,C2,8392.0,7000.0,0.1,1.0,0.0,200.0,22.1,VALID,139.2
2026-08-25 16:45:00,C,C3,10500.0,7000.0,0.1,1.0,0.0,200.0,22.37,VALID,350.0
2026-08-25 16:45:00,D,D1,7923.0,7000.0,0.1,1.0,0.0,200.0,22.61,VALID,92.3
2026-08-25 16:45:00,D,D2,7946.0,7000.0,0.1,1.0,0.0,200.0,22.5,VALID,94.6
2026-08-25 16:45:00,D,D3,7941.0,7000.0,0.1,1.0,0.0,200.0,22.48,VALID,94.1
2026-08-25 17:00:00,A,A1,8166.0,7000.0,0.1,1.0,0.0,200.0,22.11,VALID,116.6
2026-08-25 17:00:00,A,A2,8202.0,7000.0,0.1,1.0,0.0,200.0,22.23,VALID,120.2
2026-08-25 17:00:00,A,A3,8193.0,7000.0,0.1,1.0,0.0,200.0,22.0,VALID,119.3
2026-08-25 17:00:00,B,B1,8005.0,7000.0,0.1,1.0,0.0,200.0,22.35,VALID,100.5
2026-08-25 17:00:00,B,B2,8013.0,7000.0,0.1,1.0,0.0,200.0,22.22,VALID,101.3
2026-08-25 17:00:00,B,B3,8011.0,7000.0,0.1,1.0,0.0,200.0,22.14,VALID,101.1
2026-08-25 17:00:00,C,C1,8343.0,7000.0,0.1,1.0,0.0,200.0,21.94,VALID,134.3
2026-08-25 17:00:00,C,C2,8382.0,7000.0,0.1,1.0,0.0,200.0,22.13,VALID,138.2
2026-08-25 17:00:00,C,C3,10500.0,7000.0,0.1,1.0,0.0,200.0,22.42,VALID,350.0
2026-08-25 17:00:00,D,D1,7942.0,7000.0,0.1,1.0,0.0,200.0,22.16,VALID,94.2
2026-08-25 17:00:00,D,D2,7944.0,7000.0,0.1,1.0,0.0,200.0,21.94,VALID,94.4
2026-08-25 17:00:00,D,D3,7960.0,7000.0,0.1,1.0,0.0,200.0,21.9,VALID,96.0
2026-08-25 17:15:00,A,A1,8173.0,7000.0,0.1,1.0,0.0,200.0,22.13,VALID,117.3
2026-08-25 17:15:00,A,A2,8192.0,7000.0,0.1,1.0,0.0,200.0,21.86,VALID,119.2
2026-08-25 17:15:00,A,A3,8175.0,7000.0,0.1,1.0,0.0,200.0,21.95,VALID,117.5
2026-08-25 17:15:00,B,B1,7998.0,7000.0,0.1,1.0,0.0,200.0,22.32,VALID,99.8
2026-08-25 17:15:00,B,B2,8019.0,7000.0,0.1,1.0,0.0,200.0,21.95,VALID,101.9
2026-08-25 17:15:00,B,B3,8013.0,7000.0,0.1,1.0,0.0,200.0,22.19,VALID,101.3
2026-08-25 17:15:00,C,C1,8339.0,7000.0,0.1,1.0,0.0,200.0,22.24,VALID,133.9
2026-08-25 17:15:00,C,C2,8373.0,7000.0,0.1,1.0,0.0,200.0,22.29,VALID,137.3
2026-08-25 17:15:00,C,C3,10500.0,7000.0,0.1,1.0,0.0,200.0,22.05,VALID,350.0
2026-08-25 17:15:00,D,D1,7926.0,7000.0,0.1,1.0,0.0,200.0,21.81,VALID,92.6
2026-08-25 17:15:00,D,D2,7935.0,7000.0,0.1,1.0,0.0,200.0,21.91,VALID,93.5
2026-08-25 17:15:00,D,D3,7948.0,7000.0,0.1,1.0,0.0,200.0,21.87,VALID,94.8
2026-08-25 17:30:00,A,A1,8158.0,7000.0,0.1,1.0,0.0,200.0,21.84,VALID,115.8
2026-08-25 17:30:00,A,A2,8191.0,7000.0,0.1,1.0,0.0,200.0,21.96,VALID,119.1
2026-08-25 17:30:00,A,A3,8181.0,7000.0,0.1,1.0,0.0,200.0,22.23,VALID,118.1
2026-08-25 17:30:00,B,B1,8015.0,7000.0,0.1,1.0,0.0,200.0,22.43,VALID,101.5
2026-08-25 17:30:00,B,B2,8005.0,7000.0,0.1,1.0,0.0,200.0,21.85,VALID,100.5
2026-08-25 17:30:00,B,B3,8018.0,7000.0,0.1,1.0,0.0,200.0,21.93,VALID,101.8
2026-08-25 17:30:00,C,C1,8350.0,7000.0,0.1,1.0,0.0,200.0,22.07,VALID,135.0
2026-08-25 17:30:00,C,C2,8398.0,7000.0,0.1,1.0,0.0,200.0,22.23,VALID,139.8
2026-08-25 17:30:00,C,C3,10500.0,7000.0,0.1,1.0,0.0,200.0,21.94,VALID,350.0
2026-08-25 17:30:00,D,D1,7931.0,7000.0,0.1,1.0,0.0,200.0,21.96,VALID,93.1
2026-08-25 17:30:00,D,D2,7937.0,7000.0,0.1,1.0,0.0,200.0,22.32,VALID,93.7
2026-08-25 17:30:00,D,D3,7949.0,7000.0,0.1,1.0,0.0,200.0,21.96,VALID,94.9
2026-08-25 17:45:00,A,A1,8184.0,7000.0,0.1,1.0,0.0,200.0,21.88,VALID,118.4
2026-08-25 17:45:00,A,A2,8178.0,7000.0,0.1,1.0,0.0,200.0,22.21,VALID,117.8
2026-08-25 17:45:00,A,A3,8171.0,7000.0,0.1,1.0,0.0,200.0,21.97,VALID,117.1
2026-08-25 17:45:00,B,B1,8006.0,7000.0,0.1,1.0,0.0,200.0,22.08,VALID,100.6
2026-08-25 17:45:00,B,B2,8027.0,7000.0,0.1,1.0,0.0,200.0,22.12,VALID,102.7
2026-08-25 17:45:00,B,B3,8017.0,7000.0,0.1,1.0,0.0,200.0,21.85,VALID,101.7
2026-08-25 17:45:00,C,C1,8345.0,7000.0,0.1,1.0,0.0,200.0,21.71,VALID,134.5
2026-08-25 17:45:00,C,C2,8398.0,7000.0,0.1,1.0,0.0,200.0,21.73,VALID,139.8
2026-08-25 17:45:00,C,C3,6000.0,7000.0,0.1,1.0,0.0,200.0,21.74,VALID,-100.0
2026-08-25 17:45:00,D,D1,7926.0,7000.0,0.1,1.0,0.0,200.0,22.01,VALID,92.6
2026-08-25 17:45:00,D,D2,7945.0,7000.0,0.1,1.0,0.0,200.0,22.24,VALID,94.5
2026-08-25 17:45:00,D,D3,7944.0,7000.0,0.1,1.0,0.0,200.0,21.91,VALID,94.4
2026-08-25 18:00:00,A,A1,8171.0,7000.0,0.1,1.0,0.0,200.0,22.24,VALID,117.1
2026-08-25 18:00:00,A,A2,8202.0,7000.0,0.1,1.0,0.0,200.0,21.77,VALID,120.2
2026-08-25 18:00:00,A,A3,8176.0,7000.0,0.1,1.0,0.0,200.0,22.09,VALID,117.6
2026-08-25 18:00:00,B,B1,8007.0,7000.0,0.1,1.0,0.0,200.0,21.79,VALID,100.7
2026-08-25 18:00:00,B,B2,8026.0,7000.0,0.1,1.0,0.0,200.0,21.82,VALID,102.6
2026-08-25 18:00:00,B,B3,8024.0,7000.0,0.1,1.0,0.0,200.0,22.11,VALID,102.4
2026-08-25 18:00:00,C,C1,8332.0,7000.0,0.1,1.0,0.0,200.0,21.89,VALID,133.2
2026-08-25 18:00:00,C,C2,8379.0,7000.0,0.1,1.0,0.0,200.0,22.03,VALID,137.9
2026-08-25 18:00:00,C,C3,6000.0,7000.0,0.1,1.0,0.0,200.0,21.77,VALID,-100.0
2026-08-25 18:00:00,D,D1,7920.0,7000.0,0.1,1.0,0.0,200.0,22.11,VALID,92.0
2026-08-25 18:00:00,D,D2,7953.0,7000.0,0.1,1.0,0.0,200.0,22.02,VALID,95.3
2026-08-25 18:00:00,D,D3,7945.0,7000.0,0.1,1.0,0.0,200.0,21.88,VALID,94.5
2026-08-25 18:15:00,A,A1,8174.0,7000.0,0.1,1.0,0.0,200.0,22.51,VALID,117.4
2026-08-25 18:15:00,A,A2,8205.0,7000.0,0.1,1.0,0.0,200.0,21.95,VALID,120.5
2026-08-25 18:15:00,A,A3,8178.0,7000.0,0.1,1.0,0.0,200.0,21.43,VALID,117.8
2026-08-25 18:15:00,B,B1,8014.0,7000.0,0.1,1.0,0.0,200.0,22.16,VALID,101.4
2026-08-25 18:15:00,B,B2,8014.0,7000.0,0.1,1.0,0.0,200.0,21.72,VALID,101.4
2026-08-25 18:15:00,B,B3,8002.0,7000.0,0.1,1.0,0.0,200.0,22.1,VALID,100.2
2026-08-25 18:15:00,C,C1,8342.0,7000.0,0.1,1.0,0.0,200.0,22.14,VALID,134.2
2026-08-25 18:15:00,C,C2,8385.0,7000.0,0.1,1.0,0.0,200.0,22.2,VALID,138.5
2026-08-25 18:15:00,C,C3,6000.0,7000.0,0.1,1.0,0.0,200.0,22.17,VALID,-100.0
2026-08-25 18:15:00,D,D1,7914.0,7000.0,0.1,1.0,0.0,200.0,21.76,VALID,91.4
2026-08-25 18:15:00,D,D2,7947.0,7000.0,0.1,1.0,0.0,200.0,22.22,VALID,94.7
2026-08-25 18:15:00,D,D3,7959.0,7000.0,0.1,1.0,0.0,200.0,21.97,VALID,95.9
2026-08-25 18:30:00,A,A1,8167.0,7000.0,0.1,1.0,0.0,200.0,21.63,VALID,116.7
2026-08-25 18:30:00,A,A2,8202.0,7000.0,0.1,1.0,0.0,200.0,21.92,VALID,120.2
2026-08-25 18:30:00,A,A3,8209.0,7000.0,0.1,1.0,0.0,200.0,21.88,VALID,120.9
2026-08-25 18:30:00,B,B1,8024.0,7000.0,0.1,1.0,0.0,200.0,22.18,VALID,102.4
2026-08-25 18:30:00,B,B2,8010.0,7000.0,0.1,1.0,0.0,200.0,22.07,VALID,101.0
2026-08-25 18:30:00,B,B3,8020.0,7000.0,0.1,1.0,0.0,200.0,21.98,VALID,102.0
2026-08-25 18:30:00,C,C1,8350.0,7000.0,0.1,1.0,0.0,200.0,22.19,VALID,135.0
2026-08-25 18:30:00,C,C2,8390.0,7000.0,0.1,1.0,0.0,200.0,22.02,VALID,139.0
2026-08-25 18:30:00,C,C3,6000.0,7000.0,0.1,1.0,0.0,200.0,22.01,VALID,-100.0
2026-08-25 18:30:00,D,D1,7934.0,7000.0,0.1,1.0,0.0,200.0,21.65,VALID,93.4
2026-08-25 18:30:00,D,D2,7952.0,7000.0,0.1,1.0,0.0,200.0,22.01,VALID,95.2
2026-08-25 18:30:00,D,D3,7931.0,7000.0,0.1,1.0,0.0,200.0,21.96,VALID,93.1
2026-08-25 18:45:00,A,A1,8170.0,7000.0,0.1,1.0,0.0,200.0,22.44,VALID,117.0
2026-08-25 18:45:00,A,A2,8197.0,7000.0,0.1,1.0,0.0,200.0,22.26,VALID,119.7
2026-08-25 18:45:00,A,A3,8182.0,7000.0,0.1,1.0,0.0,200.0,21.68,VALID,118.2
2026-08-25 18:45:00,B,B1,8011.0,7000.0,0.1,1.0,0.0,200.0,21.93,VALID,101.1
2026-08-25 18:45:00,B,B2,8017.0,7000.0,0.1,1.0,0.0,200.0,21.85,VALID,101.7
2026-08-25 18:45:00,B,B3,8014.0,7000.0,0.1,1.0,0.0,200.0,22.27,VALID,101.4
2026-08-25 18:45:00,C,C1,8351.0,7000.0,0.1,1.0,0.0,200.0,22.37,VALID,135.1
2026-08-25 18:45:00,C,C2,8401.0,7000.0,0.1,1.0,0.0,200.0,21.65,VALID,140.1
2026-08-25 18:45:00,C,C3,6000.0,7000.0,0.1,1.0,0.0,200.0,21.7,VALID,-100.0
2026-08-25 18:45:00,D,D1,7939.0,7000.0,0.1,1.0,0.0,200.0,21.92,VALID,93.9
2026-08-25 18:45:00,D,D2,7947.0,7000.0,0.1,1.0,0.0,200.0,22.01,VALID,94.7
2026-08-25 18:45:00,D,D3,7946.0,7000.0,0.1,1.0,0.0,200.0,21.76,VALID,94.6
2026-08-25 19:00:00,A,A1,8162.0,7000.0,0.1,1.0,0.0,200.0,22.1,VALID,116.2
2026-08-25 19:00:00,A,A2,8206.0,7000.0,0.1,1.0,0.0,200.0,22.1,VALID,120.6
2026-08-25 19:00:00,A,A3,8176.0,7000.0,0.1,1.0,0.0,200.0,21.67,VALID,117.6
2026-08-25 19:00:00,B,B1,8014.0,7000.0,0.1,1.0,0.0,200.0,21.96,VALID,101.4
2026-08-25 19:00:00,B,B2,8010.0,7000.0,0.1,1.0,0.0,200.0,21.76,VALID,101.0
2026-08-25 19:00:00,B,B3,8001.0,7000.0,0.1,1.0,0.0,200.0,21.91,VALID,100.1
2026-08-25 19:00:00,C,C1,8341.0,7000.0,0.1,1.0,0.0,200.0,21.86,VALID,134.1
2026-08-25 19:00:00,C,C2,8387.0,7000.0,0.1,1.0,0.0,200.0,22.05,VALID,138.7
2026-08-25 19:00:00,C,C3,8384.0,7000.0,0.1,1.0,0.0,200.0,21.76,VALID,138.4
2026-08-25 19:00:00,D,D1,7935.0,7000.0,0.1,1.0,0.0,200.0,22.14,VALID,93.5
2026-08-25 19:00:00,D,D2,7942.0,7000.0,0.1,1.0,0.0,200.0,22.12,VALID,94.2
2026-08-25 19:00:00,D,D3,7951.0,7000.0,0.1,1.0,0.0,200.0,22.12,VALID,95.1
2026-08-25 19:15:00,A,A1,8187.0,7000.0,0.1,1.0,0.0,200.0,21.72,VALID,118.7
2026-08-25 19:15:00,A,A2,8189.0,7000.0,0.1,1.0,0.0,200.0,22.45,VALID,118.9
2026-08-25 19:15:00,A,A3,8192.0,7000.0,0.1,1.0,0.0,200.0,22.27,VALID,119.2
2026-08-25 19:15:00,B,B1,8017.0,7000.0,0.1,1.0,0.0,200.0,21.78,VALID,101.7
2026-08-25 19:15:00,B,B2,8028.0,7000.0,0.1,1.0,0.0,200.0,22.37,VALID,102.8
2026-08-25 19:15:00,B,B3,8008.0,7000.0,0.1,1.0,0.0,200.0,22.69,VALID,100.8
2026-08-25 19:15:00,C,C1,8346.0,7000.0,0.1,1.0,0.0,200.0,21.72,VALID,134.6
2026-08-25 19:15:00,C,C2,8390.0,7000.0,0.1,1.0,0.0,200.0,22.02,VALID,139.0
2026-08-25 19:15:00,C,C3,8375.0,7000.0,0.1,1.0,0.0,200.0,22.27,VALID,137.5
2026-08-25 19:15:00,D,D1,7929.0,7000.0,0.1,1.0,0.0,200.0,22.46,VALID,92.9
2026-08-25 19:15:00,D,D2,7961.0,7000.0,0.1,1.0,0.0,200.0,21.99,VALID,96.1
2026-08-25 19:15:00,D,D3,7943.0,7000.0,0.1,1.0,0.0,200.0,22.26,VALID,94.3
2026-08-25 19:30:00,A,A1,8172.0,7000.0,0.1,1.0,0.0,200.0,22.16,VALID,117.2
2026-08-25 19:30:00,A,A2,8197.0,7000.0,0.1,1.0,0.0,200.0,22.02,VALID,119.7
2026-08-25 19:30:00,A,A3,8165.0,7000.0,0.1,1.0,0.0,200.0,22.28,VALID,116.5
2026-08-25 19:30:00,B,B1,7989.0,7000.0,0.1,1.0,0.0,200.0,22.03,VALID,98.9
2026-08-25 19:30:00,B,B2,8006.0,7000.0,0.1,1.0,0.0,200.0,21.9,VALID,100.6
2026-08-25 19:30:00,B,B3,8019.0,7000.0,0.1,1.0,0.0,200.0,22.18,VALID,101.9
2026-08-25 19:30:00,C,C1,8343.0,7000.0,0.1,1.0,0.0,200.0,21.97,VALID,134.3
2026-08-25 19:30:00,C,C2,8381.0,7000.0,0.1,1.0,0.0,200.0,22.3,VALID,138.1
2026-08-25 19:30:00,C,C3,8365.0,7000.0,0.1,1.0,0.0,200.0,22.39,VALID,136.5
2026-08-25 19:30:00,D,D1,7944.0,7000.0,0.1,1.0,0.0,200.0,22.18,VALID,94.4
2026-08-25 19:30:00,D,D2,7936.0,7000.0,0.1,1.0,0.0,200.0,22.08,VALID,93.6
2026-08-25 19:30:00,D,D3,7944.0,7000.0,0.1,1.0,0.0,200.0,22.07,VALID,94.4
2026-08-25 19:45:00,A,A1,8166.0,7000.0,0.1,1.0,0.0,200.0,22.32,VALID,116.6
2026-08-25 19:45:00,A,A2,8220.0,7000.0,0.1,1.0,0.0,200.0,22.21,VALID,122.0
2026-08-25 19:45:00,A,A3,8186.0,7000.0,0.1,1.0,0.0,200.0,22.05,VALID,118.6
2026-08-25 19:45:00,B,B1,8019.0,7000.0,0.1,1.0,0.0,200.0,22.48,VALID,101.9
2026-08-25 19:45:00,B,B2,8030.0,7000.0,0.1,1.0,0.0,200.0,22.58,VALID,103.0
2026-08-25 19:45:00,B,B3,8012.0,7000.0,0.1,1.0,0.0,200.0,22.25,VALID,101.2
2026-08-25 19:45:00,C,C1,8361.0,7000.0,0.1,1.0,0.0,200.0,22.44,VALID,136.1
2026-08-25 19:45:00,C,C2,8368.0,7000.0,0.1,1.0,0.0,200.0,22.4,VALID,136.8
2026-08-25 19:45:00,C,C3,8361.0,7000.0,0.1,1.0,0.0,200.0,22.49,VALID,136.1
2026-08-25 19:45:00,D,D1,7940.0,7000.0,0.1,1.0,0.0,200.0,21.96,VALID,94.0
2026-08-25 19:45:00,D,D2,7956.0,7000.0,0.1,1.0,0.0,200.0,22.35,VALID,95.6
2026-08-25 19:45:00,D,D3,7949.0,7000.0,0.1,1.0,0.0,200.0,22.42,VALID,94.9
2026-08-25 20:00:00,A,A1,8190.0,7000.0,0.1,1.0,0.0,200.0,22.48,VALID,119.0
2026-08-25 20:00:00,A,A2,8199.0,7000.0,0.1,1.0,0.0,200.0,22.63,VALID,119.9
2026-08-25 20:00:00,A,A3,8207.0,7000.0,0.1,1.0,0.0,200.0,22.58,VALID,120.7
2026-08-25 20:00:00,B,B1,8011.0,7000.0,0.1,1.0,0.0,200.0,22.49,VALID,101.1
2026-08-25 20:00:00,B,B2,8026.0,7000.0,0.1,1.0,0.0,200.0,22.41,VALID,102.6
2026-08-25 20:00:00,B,B3,8036.0,7000.0,0.1,1.0,0.0,200.0,22.25,VALID,103.6
2026-08-25 20:00:00,C,C1,8357.0,7000.0,0.1,1.0,0.0,200.0,22.38,VALID,135.7
2026-08-25 20:00:00,C,C2,8376.0,7000.0,0.1,1.0,0.0,200.0,22.36,VALID,137.6
2026-08-25 20:00:00,C,C3,8362.0,7000.0,0.1,1.0,0.0,200.0,22.52,VALID,136.2
2026-08-25 20:00:00,D,D1,7938.0,7000.0,0.1,1.0,0.0,200.0,22.2,VALID,93.8
2026-08-25 20:00:00,D,D2,7968.0,7000.0,0.1,1.0,0.0,200.0,22.62,VALID,96.8
2026-08-25 20:00:00,D,D3,7961.0,7000.0,0.1,1.0,0.0,200.0,22.45,VALID,96.1
2026-08-25 20:15:00,A,A1,8178.0,7000.0,0.1,1.0,0.0,200.0,22.65,VALID,117.8
2026-08-25 20:15:00,A,A2,8195.0,7000.0,0.1,1.0,0.0,200.0,22.53,VALID,119.5
2026-08-25 20:15:00,A,A3,8187.0,7000.0,0.1,1.0,0.0,200.0,22.21,VALID,118.7
2026-08-25 20:15:00,B,B1,8011.0,7000.0,0.1,1.0,0.0,200.0,22.42,VALID,101.1
2026-08-25 20:15:00,B,B2,8023.0,7000.0,0.1,1.0,0.0,200.0,22.58,VALID,102.3
2026-08-25 20:15:00,B,B3,8030.0,7000.0,0.1,1.0,0.0,200.0,22.34,VALID,103.0
2026-08-25 20:15:00,C,C1,8345.0,7000.0,0.1,1.0,0.0,200.0,22.35,VALID,134.5
2026-08-25 20:15:00,C,C2,8383.0,7000.0,0.1,1.0,0.0,200.0,22.39,VALID,138.3
2026-08-25 20:15:00,C,C3,8366.0,7000.0,0.1,1.0,0.0,200.0,22.62,VALID,136.6
2026-08-25 20:15:00,D,D1,7941.0,7000.0,0.1,1.0,0.0,200.0,22.29,VALID,94.1
2026-08-25 20:15:00,D,D2,7968.0,7000.0,0.1,1.0,0.0,200.0,22.69,VALID,96.8
2026-08-25 20:15:00,D,D3,7940.0,7000.0,0.1,1.0,0.0,200.0,22.75,VALID,94.0
2026-08-25 20:30:00,A,A1,8182.0,7000.0,0.1,1.0,0.0,200.0,22.59,VALID,118.2
2026-08-25 20:30:00,A,A2,8205.0,7000.0,0.1,1.0,0.0,200.0,22.61,VALID,120.5
2026-08-25 20:30:00,A,A3,8194.0,7000.0,0.1,1.0,0.0,200.0,22.66,VALID,119.4
2026-08-25 20:30:00,B,B1,8008.0,7000.0,0.1,1.0,0.0,200.0,22.21,VALID,100.8
2026-08-25 20:30:00,B,B2,8031.0,7000.0,0.1,1.0,0.0,200.0,22.55,VALID,103.1
2026-08-25 20:30:00,B,B3,8026.0,7000.0,0.1,1.0,0.0,200.0,22.72,VALID,102.6
2026-08-25 20:30:00,C,C1,8346.0,7000.0,0.1,1.0,0.0,200.0,22.82,VALID,134.6
2026-08-25 20:30:00,C,C2,8393.0,7000.0,0.1,1.0,0.0,200.0,22.65,VALID,139.3
2026-08-25 20:30:00,C,C3,8368.0,7000.0,0.1,1.0,0.0,200.0,22.96,VALID,136.8
2026-08-25 20:30:00,D,D1,7933.0,7000.0,0.1,1.0,0.0,200.0,22.56,VALID,93.3
2026-08-25 20:30:00,D,D2,7946.0,7000.0,0.1,1.0,0.0,200.0,22.77,VALID,94.6
2026-08-25 20:30:00,D,D3,7944.0,7000.0,0.1,1.0,0.0,200.0,22.53,VALID,94.4
2026-08-25 20:45:00,A,A1,8176.0,7000.0,0.1,1.0,0.0,200.0,22.76,VALID,117.6
2026-08-25 20:45:00,A,A2,8191.0,7000.0,0.1,1.0,0.0,200.0,22.3,VALID,119.1
2026-08-25 20:45:00,A,A3,8195.0,7000.0,0.1,1.0,0.0,200.0,22.32,VALID,119.5
2026-08-25 20:45:00,B,B1,8020.0,7000.0,0.1,1.0,0.0,200.0,23.06,VALID,102.0
2026-08-25 20:45:00,B,B2,8026.0,7000.0,0.1,1.0,0.0,200.0,23.0,VALID,102.6
2026-08-25 20:45:00,B,B3,8021.0,7000.0,0.1,1.0,0.0,200.0,23.06,VALID,102.1
2026-08-25 20:45:00,C,C1,8347.0,7000.0,0.1,1.0,0.0,200.0,22.27,VALID,134.7
2026-08-25 20:45:00,C,C2,8392.0,7000.0,0.1,1.0,0.0,200.0,23.09,VALID,139.2
2026-08-25 20:45:00,C,C3,8376.0,7000.0,0.1,1.0,0.0,200.0,22.64,VALID,137.6
2026-08-25 20:45:00,D,D1,7944.0,7000.0,0.1,1.0,0.0,200.0,22.94,VALID,94.4
2026-08-25 20:45:00,D,D2,7958.0,7000.0,0.1,1.0,0.0,200.0,23.27,VALID,95.8
2026-08-25 20:45:00,D,D3,7946.0,7000.0,0.1,1.0,0.0,200.0,22.94,VALID,94.6
2026-08-25 21:00:00,A,A1,8189.0,7000.0,0.1,1.0,0.0,200.0,22.74,VALID,118.9
2026-08-25 21:00:00,A,A2,8200.0,7000.0,0.1,1.0,0.0,200.0,23.08,VALID,120.0
2026-08-25 21:00:00,A,A3,8193.0,7000.0,0.1,1.0,0.0,200.0,22.95,VALID,119.3
2026-08-25 21:00:00,B,B1,7999.0,7000.0,0.1,1.0,0.0,200.0,23.01,VALID,99.9
2026-08-25 21:00:00,B,B2,8032.0,7000.0,0.1,1.0,0.0,200.0,22.87,VALID,103.2
2026-08-25 21:00:00,B,B3,8025.0,7000.0,0.1,1.0,0.0,200.0,22.8,VALID,102.5
2026-08-25 21:00:00,C,C1,8347.0,7000.0,0.1,1.0,0.0,200.0,22.83,VALID,134.7
2026-08-25 21:00:00,C,C2,8390.0,7000.0,0.1,1.0,0.0,200.0,23.31,VALID,139.0
2026-08-25 21:00:00,C,C3,8380.0,7000.0,0.1,1.0,0.0,200.0,22.68,VALID,138.0
2026-08-25 21:00:00,D,D1,7960.0,7000.0,0.1,1.0,0.0,200.0,22.79,VALID,96.0
2026-08-25 21:00:00,D,D2,7960.0,7000.0,0.1,1.0,0.0,200.0,23.06,VALID,96.0
2026-08-25 21:00:00,D,D3,7934.0,7000.0,0.1,1.0,0.0,200.0,22.83,VALID,93.4
2026-08-25 21:15:00,A,A1,8179.0,7000.0,0.1,1.0,0.0,200.0,23.06,VALID,117.9
2026-08-25 21:15:00,A,A2,8209.0,7000.0,0.1,1.0,0.0,200.0,23.01,VALID,120.9
2026-08-25 21:15:00,A,A3,8193.0,7000.0,0.1,1.0,0.0,200.0,23.23,VALID,119.3
2026-08-25 21:15:00,B,B1,8018.0,7000.0,0.1,1.0,0.0,200.0,23.03,VALID,101.8
2026-08-25 21:15:00,B,B2,8032.0,7000.0,0.1,1.0,0.0,200.0,23.39,VALID,103.2
2026-08-25 21:15:00,B,B3,8025.0,7000.0,0.1,1.0,0.0,200.0,22.92,VALID,102.5
2026-08-25 21:15:00,C,C1,8336.0,7000.0,0.1,1.0,0.0,200.0,22.74,VALID,133.6
2026-08-25 21:15:00,C,C2,8391.0,7000.0,0.1,1.0,0.0,200.0,23.0,VALID,139.1
2026-08-25 21:15:00,C,C3,8369.0,7000.0,0.1,1.0,0.0,200.0,23.09,VALID,136.9
2026-08-25 21:15:00,D,D1,7939.0,7000.0,0.1,1.0,0.0,200.0,22.84,VALID,93.9
2026-08-25 21:15:00,D,D2,,7000.0,0.1,1.0,0.0,200.0,23.3,INVALID,
2026-08-25 21:15:00,D,D3,7944.0,7000.0,0.1,1.0,0.0,200.0,23.07,VALID,94.4
2026-08-25 21:30:00,A,A1,8168.0,7000.0,0.1,1.0,0.0,200.0,22.88,VALID,116.8
2026-08-25 21:30:00,A,A2,8202.0,7000.0,0.1,1.0,0.0,200.0,23.4,VALID,120.2
2026-08-25 21:30:00,A,A3,8188.0,7000.0,0.1,1.0,0.0,200.0,23.01,VALID,118.8
2026-08-25 21:30:00,B,B1,8018.0,7000.0,0.1,1.0,0.0,200.0,23.18,VALID,101.8
2026-08-25 21:30:00,B,B2,8025.0,7000.0,0.1,1.0,0.0,200.0,23.57,VALID,102.5
2026-08-25 21:30:00,B,B3,8023.0,7000.0,0.1,1.0,0.0,200.0,23.2,VALID,102.3
2026-08-25 21:30:00,C,C1,8352.0,7000.0,0.1,1.0,0.0,200.0,23.26,VALID,135.2
2026-08-25 21:30:00,C,C2,8408.0,7000.0,0.1,1.0,0.0,200.0,23.51,VALID,140.8
2026-08-25 21:30:00,C,C3,8368.0,7000.0,0.1,1.0,0.0,200.0,23.39,VALID,136.8
2026-08-25 21:30:00,D,D1,7950.0,7000.0,0.1,1.0,0.0,200.0,23.37,VALID,95.0
2026-08-25 21:30:00,D,D2,,7000.0,0.1,1.0,0.0,200.0,23.14,INVALID,
2026-08-25 21:30:00,D,D3,7964.0,7000.0,0.1,1.0,0.0,200.0,23.36,VALID,96.4
2026-08-25 21:45:00,A,A1,8201.0,7000.0,0.1,1.0,0.0,200.0,23.37,VALID,120.1
2026-08-25 21:45:00,A,A2,8208.0,7000.0,0.1,1.0,0.0,200.0,22.84,VALID,120.8
2026-08-25 21:45:00,A,A3,8182.0,7000.0,0.1,1.0,0.0,200.0,23.25,VALID,118.2
2026-08-25 21:45:00,B,B1,8009.0,7000.0,0.1,1.0,0.0,200.0,23.5,VALID,100.9
2026-08-25 21:45:00,B,B2,8022.0,7000.0,0.1,1.0,0.0,200.0,23.23,VALID,102.2
2026-08-25 21:45:00,B,B3,8023.0,7000.0,0.1,1.0,0.0,200.0,23.57,VALID,102.3
2026-08-25 21:45:00,C,C1,8351.0,7000.0,0.1,1.0,0.0,200.0,23.42,VALID,135.1
2026-08-25 21:45:00,C,C2,8401.0,7000.0,0.1,1.0,0.0,200.0,23.51,VALID,140.1
2026-08-25 21:45:00,C,C3,8385.0,7000.0,0.1,1.0,0.0,200.0,23.33,VALID,138.5
2026-08-25 21:45:00,D,D1,7932.0,7000.0,0.1,1.0,0.0,200.0,23.29,VALID,93.2
2026-08-25 21:45:00,D,D2,,7000.0,0.1,1.0,0.0,200.0,23.39,INVALID,
2026-08-25 21:45:00,D,D3,7950.0,7000.0,0.1,1.0,0.0,200.0,23.56,VALID,95.0
2026-08-25 22:00:00,A,A1,8189.0,7000.0,0.1,1.0,0.0,200.0,23.32,VALID,118.9
2026-08-25 22:00:00,A,A2,8207.0,7000.0,0.1,1.0,0.0,200.0,23.89,VALID,120.7
2026-08-25 22:00:00,A,A3,8205.0,7000.0,0.1,1.0,0.0,200.0,23.71,VALID,120.5
2026-08-25 22:00:00,B,B1,8011.0,7000.0,0.1,1.0,0.0,200.0,23.36,VALID,101.1
2026-08-25 22:00:00,B,B2,8030.0,7000.0,0.1,1.0,0.0,200.0,23.54,VALID,103.0
2026-08-25 22:00:00,B,B3,8027.0,7000.0,0.1,1.0,0.0,200.0,23.4,VALID,102.7
2026-08-25 22:00:00,C,C1,8355.0,7000.0,0.1,1.0,0.0,200.0,23.34,VALID,135.5
2026-08-25 22:00:00,C,C2,8399.0,7000.0,0.1,1.0,0.0,200.0,23.72,VALID,139.9
2026-08-25 22:00:00,C,C3,8365.0,7000.0,0.1,1.0,0.0,200.0,23.57,VALID,136.5
2026-08-25 22:00:00,D,D1,7961.0,7000.0,0.1,1.0,0.0,200.0,23.46,VALID,96.1
2026-08-25 22:00:00,D,D2,,7000.0,0.1,1.0,0.0,200.0,23.68,INVALID,
2026-08-25 22:00:00,D,D3,7950.0,7000.0,0.1,1.0,0.0,200.0,23.5,VALID,95.0
2026-08-25 22:15:00,A,A1,8181.0,7000.0,0.1,1.0,0.0,200.0,23.3,VALID,118.1
2026-08-25 22:15:00,A,A2,8211.0,7000.0,0.1,1.0,0.0,200.0,23.42,VALID,121.1
2026-08-25 22:15:00,A,A3,8200.0,7000.0,0.1,1.0,0.0,200.0,23.9,VALID,120.0
2026-08-25 22:15:00,B,B1,8039.0,7000.0,0.1,1.0,0.0,200.0,23.69,VALID,103.9
2026-08-25 22:15:00,B,B2,8047.0,7000.0,0.1,1.0,0.0,200.0,23.75,VALID,104.7
2026-08-25 22:15:00,B,B3,8027.0,7000.0,0.1,1.0,0.0,200.0,23.29,VALID,102.7
2026-08-25 22:15:00,C,C1,8375.0,7000.0,0.1,1.0,0.0,200.0,23.46,VALID,137.5
2026-08-25 22:15:00,C,C2,8415.0,7000.0,0.1,1.0,0.0,200.0,23.78,VALID,141.5
2026-08-25 22:15:00,C,C3,8372.0,7000.0,0.1,1.0,0.0,200.0,23.74,VALID,137.2
2026-08-25 22:15:00,D,D1,7970.0,7000.0,0.1,1.0,0.0,200.0,23.98,VALID,97.0
2026-08-25 22:15:00,D,D2,,7000.0,0.1,1.0,0.0,200.0,23.53,INVALID,
2026-08-25 22:15:00,D,D3,7961.0,7000.0,0.1,1.0,0.0,200.0,23.64,VALID,96.1
2026-08-25 22:30:00,A,A1,8203.0,7000.0,0.1,1.0,0.0,200.0,24.0,VALID,120.3
2026-08-25 22:30:00,A,A2,8199.0,7000.0,0.1,1.0,0.0,200.0,23.94,VALID,119.9
2026-08-25 22:30:00,A,A3,8201.0,7000.0,0.1,1.0,0.0,200.0,23.86,VALID,120.1
2026-08-25 22:30:00,B,B1,8027.0,7000.0,0.1,1.0,0.0,200.0,24.09,VALID,102.7
2026-08-25 22:30:00,B,B2,8048.0,7000.0,0.1,1.0,0.0,200.0,23.7,VALID,104.8
2026-08-25 22:30:00,B,B3,8032.0,7000.0,0.1,1.0,0.0,200.0,23.76,VALID,103.2
2026-08-25 22:30:00,C,C1,8347.0,7000.0,0.1,1.0,0.0,200.0,23.83,VALID,134.7
2026-08-25 22:30:00,C,C2,8421.0,7000.0,0.1,1.0,0.0,200.0,23.51,VALID,142.1
2026-08-25 22:30:00,C,C3,8382.0,7000.0,0.1,1.0,0.0,200.0,23.84,VALID,138.2
2026-08-25 22:30:00,D,D1,7955.0,7000.0,0.1,1.0,0.0,200.0,23.66,VALID,95.5
2026-08-25 22:30:00,D,D2,,7000.0,0.1,1.0,0.0,200.0,23.58,INVALID,
2026-08-25 22:30:00,D,D3,7974.0,7000.0,0.1,1.0,0.0,200.0,23.66,VALID,97.4
2026-08-25 22:45:00,A,A1,8190.0,7000.0,0.1,1.0,0.0,200.0,24.46,VALID,119.0
2026-08-25 22:45:00,A,A2,8210.0,7000.0,0.1,1.0,0.0,200.0,24.1,VALID,121.0
2026-08-25 22:45:00,A,A3,8214.0,7000.0,0.1,1.0,0.0,200.0,24.24,VALID,121.4
2026-08-25 22:45:00,B,B1,8014.0,7000.0,0.1,1.0,0.0,200.0,23.89,VALID,101.4
2026-08-25 22:45:00,B,B2,8044.0,7000.0,0.1,1.0,0.0,200.0,24.42,VALID,104.4
2026-08-25 22:45:00,B,B3,8027.0,7000.0,0.1,1.0,0.0,200.0,23.94,VALID,102.7
2026-08-25 22:45:00,C,C1,8368.0,7000.0,0.1,1.0,0.0,200.0,24.16,VALID,136.8
2026-08-25 22:45:00,C,C2,8412.0,7000.0,0.1,1.0,0.0,200.0,23.87,VALID,141.2
2026-08-25 22:45:00,C,C3,8380.0,7000.0,0.1,1.0,0.0,200.0,24.08,VALID,138.0
2026-08-25 22:45:00,D,D1,7966.0,7000.0,0.1,1.0,0.0,200.0,23.99,VALID,96.6
2026-08-25 22:45:00,D,D2,,7000.0,0.1,1.0,0.0,200.0,23.83,INVALID,
2026-08-25 22:45:00,D,D3,7981.0,7000.0,0.1,1.0,0.0,200.0,24.07,VALID,98.1
2026-08-25 23:00:00,A,A1,8206.0,7000.0,0.1,1.0,0.0,200.0,24.23,VALID,120.6
2026-08-25 23:00:00,A,A2,8219.0,7000.0,0.1,1.0,0.0,200.0,23.92,VALID,121.9
2026-08-25 23:00:00,A,A3,8187.0,7000.0,0.1,1.0,0.0,200.0,24.47,VALID,118.7
2026-08-25 23:00:00,B,B1,8029.0,7000.0,0.1,1.0,0.0,200.0,24.26,VALID,102.9
2026-08-25 23:00:00,B,B2,8032.0,7000.0,0.1,1.0,0.0,200.0,24.04,VALID,103.2
2026-08-25 23:00:00,B,B3,8046.0,7000.0,0.1,1.0,0.0,200.0,24.57,VALID,104.6
2026-08-25 23:00:00,C,C1,8361.0,7000.0,0.1,1.0,0.0,200.0,24.36,VALID,136.1
2026-08-25 23:00:00,C,C2,8410.0,7000.0,0.1,1.0,0.0,200.0,24.2,VALID,141.0
2026-08-25 23:00:00,C,C3,8403.0,7000.0,0.1,1.0,0.0,200.0,24.13,VALID,140.3
2026-08-25 23:00:00,D,D1,7967.0,7000.0,0.1,1.0,0.0,200.0,24.3,VALID,96.7
2026-08-25 23:00:00,D,D2,,7000.0,0.1,1.0,0.0,200.0,24.5,INVALID,
2026-08-25 23:00:00,D,D3,7969.0,7000.0,0.1,1.0,0.0,200.0,24.2,VALID,96.9
2026-08-25 23:15:00,A,A1,8211.0,7000.0,0.1,1.0,0.0,200.0,24.66,VALID,121.1
2026-08-25 23:15:00,A,A2,8231.0,7000.0,0.1,1.0,0.0,200.0,23.64,VALID,123.1
2026-08-25 23:15:00,A,A3,8212.0,7000.0,0.1,1.0,0.0,200.0,24.46,VALID,121.2
2026-08-25 23:15:00,B,B1,8030.0,7000.0,0.1,1.0,0.0,200.0,24.54,VALID,103.0
2026-08-25 23:15:00,B,B2,8048.0,7000.0,0.1,1.0,0.0,200.0,24.55,VALID,104.8
2026-08-25 23:15:00,B,B3,8036.0,7000.0,0.1,1.0,0.0,200.0,24.71,VALID,103.6
2026-08-25 23:15:00,C,C1,8375.0,7000.0,0.1,1.0,0.0,200.0,24.52,VALID,137.5
2026-08-25 23:15:00,C,C2,8415.0,7000.0,0.1,1.0,0.0,200.0,24.65,VALID,141.5
2026-08-25 23:15:00,C,C3,8397.0,7000.0,0.1,1.0,0.0,200.0,24.39,VALID,139.7
2026-08-25 23:15:00,D,D1,7967.0,7000.0,0.1,1.0,0.0,200.0,24.45,VALID,96.7
2026-08-25 23:15:00,D,D2,,7000.0,0.1,1.0,0.0,200.0,24.63,INVALID,
2026-08-25 23:15:00,D,D3,7963.0,7000.0,0.1,1.0,0.0,200.0,24.88,VALID,96.3
2026-08-25 23:30:00,A,A1,8181.0,7000.0,0.1,1.0,0.0,200.0,24.74,VALID,118.1
2026-08-25 23:30:00,A,A2,8216.0,7000.0,0.1,1.0,0.0,200.0,24.98,VALID,121.6
2026-08-25 23:30:00,A,A3,8212.0,7000.0,0.1,1.0,0.0,200.0,24.45,VALID,121.2
2026-08-25 23:30:00,B,B1,8030.0,7000.0,0.1,1.0,0.0,200.0,24.47,VALID,103.0
2026-08-25 23:30:00,B,B2,8044.0,7000.0,0.1,1.0,0.0,200.0,24.54,VALID,104.4
2026-08-25 23:30:00,B,B3,8033.0,7000.0,0.1,1.0,0.0,200.0,24.66,VALID,103.3
2026-08-25 23:30:00,C,C1,8374.0,7000.0,0.1,1.0,0.0,200.0,24.41,VALID,137.4
2026-08-25 23:30:00,C,C2,8397.0,7000.0,0.1,1.0,0.0,200.0,24.67,VALID,139.7
2026-08-25 23:30:00,C,C3,8395.0,7000.0,0.1,1.0,0.0,200.0,24.75,VALID,139.5
2026-08-25 23:30:00,D,D1,7965.0,7000.0,0.1,1.0,0.0,200.0,24.92,VALID,96.5
2026-08-25 23:30:00,D,D2,,7000.0,0.1,1.0,0.0,200.0,25.14,INVALID,
2026-08-25 23:30:00,D,D3,7998.0,7000.0,0.1,1.0,0.0,200.0,24.26,VALID,99.8
2026-08-25 23:45:00,A,A1,8182.0,7000.0,0.1,1.0,0.0,200.0,24.8,VALID,118.2
2026-08-25 23:45:00,A,A2,8229.0,7000.0,0.1,1.0,0.0,200.0,24.79,VALID,122.9
2026-08-25 23:45:00,A,A3,8219.0,7000.0,0.1,1.0,0.0,200.0,24.75,VALID,121.9
2026-08-25 23:45:00,B,B1,8028.0,7000.0,0.1,1.0,0.0,200.0,24.7,VALID,102.8
2026-08-25 23:45:00,B,B2,8047.0,7000.0,0.1,1.0,0.0,200.0,24.97,VALID,104.7
2026-08-25 23:45:00,B,B3,8038.0,7000.0,0.1,1.0,0.0,200.0,24.75,VALID,103.8
2026-08-25 23:45:00,C,C1,8377.0,7000.0,0.1,1.0,0.0,200.0,24.76,VALID,137.7
2026-08-25 23:45:00,C,C2,8424.0,7000.0,0.1,1.0,0.0,200.0,24.62,VALID,142.4
2026-08-25 23:45:00,C,C3,8382.0,7000.0,0.1,1.0,0.0,200.0,24.86,VALID,138.2
2026-08-25 23:45:00,D,D1,7966.0,7000.0,0.1,1.0,0.0,200.0,24.63,VALID,96.6
2026-08-25 23:45:00,D,D2,,7000.0,0.1,1.0,0.0,200.0,25.19,INVALID,
2026-08-25 23:45:00,D,D3,7967.0,7000.0,0.1,1.0,0.0,200.0,25.1,VALID,96.7
2026-08-26 00:00:00,A,A1,8183.0,7000.0,0.1,1.0,0.0,200.0,25.22,VALID,118.3
2026-08-26 00:00:00,A,A2,8219.0,7000.0,0.1,1.0,0.0,200.0,25.2,VALID,121.9
2026-08-26 00:00:00,A,A3,8206.0,7000.0,0.1,1.0,0.0,200.0,24.99,VALID,120.6
2026-08-26 00:00:00,B,B1,8029.0,7000.0,0.1,1.0,0.0,200.0,24.96,VALID,102.9
2026-08-26 00:00:00,B,B2,8068.0,7000.0,0.1,1.0,0.0,200.0,24.98,VALID,106.8
2026-08-26 00:00:00,B,B3,8063.0,7000.0,0.1,1.0,0.0,200.0,24.92,VALID,106.3
2026-08-26 00:00:00,C,C1,8388.0,7000.0,0.1,1.0,0.0,200.0,24.67,VALID,138.8
2026-08-26 00:00:00,C,C2,8414.0,7000.0,0.1,1.0,0.0,200.0,24.89,VALID,141.4
2026-08-26 00:00:00,C,C3,8408.0,7000.0,0.1,1.0,0.0,200.0,25.04,VALID,140.8
2026-08-26 00:00:00,D,D1,7945.0,7000.0,0.1,1.0,0.0,200.0,24.74,VALID,94.5
2026-08-26 00:00:00,D,D2,7973.0,7000.0,0.1,1.0,0.0,200.0,25.19,VALID,97.3
2026-08-26 00:00:00,D,D3,7982.0,7000.0,0.1,1.0,0.0,200.0,24.94,VALID,98.2
2026-08-26 00:15:00,A,A1,8201.0,7000.0,0.1,1.0,0.0,200.0,25.34,VALID,120.1
2026-08-26 00:15:00,A,A2,8218.0,7000.0,0.1,1.0,0.0,200.0,25.29,VALID,121.8
2026-08-26 00:15:00,A,A3,8220.0,7000.0,0.1,1.0,0.0,200.0,25.14,VALID,122.0
2026-08-26 00:15:00,B,B1,8042.0,7000.0,0.1,1.0,0.0,200.0,25.22,VALID,104.2
2026-08-26 00:15:00,B,B2,8058.0,7000.0,0.1,1.0,0.0,200.0,24.93,VALID,105.8
2026-08-26 00:15:00,B,B3,8052.0,7000.0,0.1,1.0,0.0,200.0,25.4,VALID,105.2
2026-08-26 00:15:00,C,C1,8379.0,7000.0,0.1,1.0,0.0,200.0,25.32,VALID,137.9
2026-08-26 00:15:00,C,C2,8417.0,7000.0,0.1,1.0,0.0,200.0,25.37,VALID,141.7
2026-08-26 00:15:00,C,C3,8397.0,7000.0,0.1,1.0,0.0,200.0,24.97,VALID,139.7
2026-08-26 00:15:00,D,D1,7974.0,7000.0,0.1,1.0,0.0,200.0,24.87,VALID,97.4
2026-08-26 00:15:00,D,D2,7987.0,7000.0,0.1,1.0,0.0,200.0,25.12,VALID,98.7
2026-08-26 00:15:00,D,D3,7972.0,7000.0,0.1,1.0,0.0,200.0,25.23,VALID,97.2
2026-08-26 00:30:00,A,A1,8202.0,7000.0,0.1,1.0,0.0,200.0,25.49,VALID,120.2
2026-08-26 00:30:00,A,A2,8231.0,7000.0,0.1,1.0,0.0,200.0,25.27,VALID,123.1
2026-08-26 00:30:00,A,A3,8230.0,7000.0,0.1,1.0,0.0,200.0,25.43,VALID,123.0
2026-08-26 00:30:00,B,B1,8046.0,7000.0,0.1,1.0,0.0,200.0,25.67,VALID,104.6
2026-08-26 00:30:00,B,B2,8068.0,7000.0,0.1,1.0,0.0,200.0,25.51,VALID,106.8
2026-08-26 00:30:00,B,B3,8046.0,7000.0,0.1,1.0,0.0,200.0,25.11,VALID,104.6
2026-08-26 00:30:00,C,C1,8380.0,7000.0,0.1,1.0,0.0,200.0,25.61,VALID,138.0
2026-08-26 00:30:00,C,C2,8423.0,7000.0,0.1,1.0,0.0,200.0,24.7,VALID,142.3
2026-08-26 00:30:00,C,C3,8406.0,7000.0,0.1,1.0,0.0,200.0,25.58,VALID,140.6
2026-08-26 00:30:00,D,D1,7966.0,7000.0,0.1,1.0,0.0,200.0,25.59,VALID,96.6
2026-08-26 00:30:00,D,D2,7992.0,7000.0,0.1,1.0,0.0,200.0,25.25,VALID,99.2
2026-08-26 00:30:00,D,D3,7990.0,7000.0,0.1,1.0,0.0,200.0,25.14,VALID,99.0
2026-08-26 00:45:00,A,A1,8210.0,7000.0,0.1,1.0,0.0,200.0,25.55,VALID,121.0
2026-08-26 00:45:00,A,A2,8225.0,7000.0,0.1,1.0,0.0,200.0,25.65,VALID,122.5
2026-08-26 00:45:00,A,A3,8232.0,7000.0,0.1,1.0,0.0,200.0,25.83,VALID,123.2
2026-08-26 00:45:00,B,B1,8049.0,7000.0,0.1,1.0,0.0,200.0,25.25,VALID,104.9
2026-08-26 00:45:00,B,B2,8045.0,7000.0,0.1,1.0,0.0,200.0,25.62,VALID,104.5
2026-08-26 00:45:00,B,B3,8050.0,7000.0,0.1,1.0,0.0,200.0,25.49,VALID,105.0
2026-08-26 00:45:00,C,C1,8397.0,7000.0,0.1,1.0,0.0,200.0,25.61,VALID,139.7
2026-08-26 00:45:00,C,C2,8427.0,7000.0,0.1,1.0,0.0,200.0,25.78,VALID,142.7
2026-08-26 00:45:00,C,C3,8401.0,7000.0,0.1,1.0,0.0,200.0,26.1,VALID,140.1
2026-08-26 00:45:00,D,D1,7962.0,7000.0,0.1,1.0,0.0,200.0,25.46,VALID,96.2
2026-08-26 00:45:00,D,D2,7980.0,7000.0,0.1,1.0,0.0,200.0,25.9,VALID,98.0
2026-08-26 00:45:00,D,D3,7988.0,7000.0,0.1,1.0,0.0,200.0,25.48,VALID,98.8
2026-08-26 01:00:00,A,A1,8204.0,7000.0,0.1,1.0,0.0,200.0,26.05,VALID,120.4
2026-08-26 01:00:00,A,A2,8238.0,7000.0,0.1,1.0,0.0,200.0,26.06,VALID,123.8
2026-08-26 01:00:00,A,A3,8222.0,7000.0,0.1,1.0,0.0,200.0,25.88,VALID,122.2
2026-08-26 01:00:00,B,B1,8047.0,7000.0,0.1,1.0,0.0,200.0,25.65,VALID,104.7
2026-08-26 01:00:00,B,B2,8058.0,7000.0,0.1,1.0,0.0,200.0,25.54,VALID,105.8
2026-08-26 01:00:00,B,B3,8057.0,7000.0,0.1,1.0,0.0,200.0,25.93,VALID,105.7
2026-08-26 01:00:00,C,C1,8391.0,7000.0,0.1,1.0,0.0,200.0,25.91,VALID,139.1
2026-08-26 01:00:00,C,C2,8423.0,7000.0,0.1,1.0,0.0,200.0,26.09,VALID,142.3
2026-08-26 01:00:00,C,C3,8410.0,7000.0,0.1,1.0,0.0,200.0,26.05,VALID,141.0
2026-08-26 01:00:00,D,D1,7985.0,7000.0,0.1,1.0,0.0,200.0,25.75,VALID,98.5
2026-08-26 01:00:00,D,D2,7994.0,7000.0,0.1,1.0,0.0,200.0,25.93,VALID,99.4
2026-08-26 01:00:00,D,D3,7972.0,7000.0,0.1,1.0,0.0,200.0,25.55,VALID,97.2
2026-08-26 01:15:00,A,A1,8202.0,7000.0,0.1,1.0,0.0,200.0,25.94,VALID,120.2
2026-08-26 01:15:00,A,A2,8233.0,7000.0,0.1,1.0,0.0,200.0,25.68,VALID,123.3
2026-08-26 01:15:00,A,A3,8226.0,7000.0,0.1,1.0,0.0,200.0,25.95,VALID,122.6
2026-08-26 01:15:00,B,B1,8057.0,7000.0,0.1,1.0,0.0,200.0,26.37,VALID,105.7
2026-08-26 01:15:00,B,B2,8065.0,7000.0,0.1,1.0,0.0,200.0,25.82,VALID,106.5
2026-08-26 01:15:00,B,B3,8060.0,7000.0,0.1,1.0,0.0,200.0,25.97,VALID,106.0
2026-08-26 01:15:00,C,C1,8382.0,7000.0,0.1,1.0,0.0,200.0,25.79,VALID,138.2
2026-08-26 01:15:00,C,C2,8422.0,7000.0,0.1,1.0,0.0,200.0,25.93,VALID,142.2
2026-08-26 01:15:00,C,C3,8411.0,7000.0,0.1,1.0,0.0,200.0,26.07,VALID,141.1
2026-08-26 01:15:00,D,D1,7991.0,7000.0,0.1,1.0,0.0,200.0,26.1,VALID,99.1
2026-08-26 01:15:00,D,D2,7996.0,7000.0,0.1,1.0,0.0,200.0,25.9,VALID,99.6
2026-08-26 01:15:00,D,D3,7975.0,7000.0,0.1,1.0,0.0,200.0,25.85,VALID,97.5
2026-08-26 01:30:00,A,A1,8210.0,7000.0,0.1,1.0,0.0,200.0,25.64,VALID,121.0
2026-08-26 01:30:00,A,A2,8229.0,7000.0,0.1,1.0,0.0,200.0,26.47,VALID,122.9
2026-08-26 01:30:00,A,A3,8229.0,7000.0,0.1,1.0,0.0,200.0,26.07,VALID,122.9
2026-08-26 01:30:00,B,B1,8052.0,7000.0,0.1,1.0,0.0,200.0,25.76,VALID,105.2
2026-08-26 01:30:00,B,B2,8066.0,7000.0,0.1,1.0,0.0,200.0,26.4,VALID,106.6
2026-08-26 01:30:00,B,B3,8055.0,7000.0,0.1,1.0,0.0,200.0,25.79,VALID,105.5
2026-08-26 01:30:00,C,C1,8382.0,7000.0,0.1,1.0,0.0,200.0,26.4,VALID,138.2
2026-08-26 01:30:00,C,C2,8430.0,7000.0,0.1,1.0,0.0,200.0,25.86,VALID,143.0
2026-08-26 01:30:00,C,C3,8427.0,7000.0,0.1,1.0,0.0,200.0,25.9,VALID,142.7
2026-08-26 01:30:00,D,D1,7974.0,7000.0,0.1,1.0,0.0,200.0,25.94,VALID,97.4
2026-08-26 01:30:00,D,D2,7985.0,7000.0,0.1,1.0,0.0,200.0,26.06,VALID,98.5
2026-08-26 01:30:00,D,D3,7992.0,7000.0,0.1,1.0,0.0,200.0,26.41,VALID,99.2
2026-08-26 01:45:00,A,A1,8214.0,7000.0,0.1,1.0,0.0,200.0,26.12,VALID,121.4
2026-08-26 01:45:00,A,A2,8244.0,7000.0,0.1,1.0,0.0,200.0,26.43,VALID,124.4
2026-08-26 01:45:00,A,A3,8230.0,7000.0,0.1,1.0,0.0,200.0,26.38,VALID,123.0
2026-08-26 01:45:00,B,B1,8049.0,7000.0,0.1,1.0,0.0,200.0,26.35,VALID,104.9
2026-08-26 01:45:00,B,B2,8063.0,7000.0,0.1,1.0,0.0,200.0,26.54,VALID,106.3
2026-08-26 01:45:00,B,B3,8078.0,7000.0,0.1,1.0,0.0,200.0,26.36,VALID,107.8
2026-08-26 01:45:00,C,C1,8388.0,7000.0,0.1,1.0,0.0,200.0,26.38,VALID,138.8
2026-08-26 01:45:00,C,C2,8424.0,7000.0,0.1,1.0,0.0,200.0,26.48,VALID,142.4
2026-08-26 01:45:00,C,C3,8412.0,7000.0,0.1,1.0,0.0,200.0,26.24,VALID,141.2
2026-08-26 01:45:00,D,D1,7986.0,7000.0,0.1,1.0,0.0,200.0,26.33,VALID,98.6
2026-08-26 01:45:00,D,D2,7987.0,7000.0,0.1,1.0,0.0,200.0,26.4,VALID,98.7
2026-08-26 01:45:00,D,D3,7990.0,7000.0,0.1,1.0,0.0,200.0,26.52,VALID,99.0
2026-08-26 02:00:00,A,A1,8227.0,7000.0,0.1,1.0,0.0,200.0,26.48,VALID,122.7
2026-08-26 02:00:00,A,A2,8237.0,7000.0,0.1,1.0,0.0,200.0,26.5,VALID,123.7
2026-08-26 02:00:00,A,A3,8233.0,7000.0,0.1,1.0,0.0,200.0,26.6,VALID,123.3
2026-08-26 02:00:00,B,B1,8054.0,7000.0,0.1,1.0,0.0,200.0,26.48,VALID,105.4
2026-08-26 02:00:00,B,B2,8076.0,7000.0,0.1,1.0,0.0,200.0,26.37,VALID,107.6
2026-08-26 02:00:00,B,B3,8082.0,7000.0,0.1,1.0,0.0,200.0,26.65,VALID,108.2
2026-08-26 02:00:00,C,C1,8380.0,7000.0,0.1,1.0,0.0,200.0,26.54,VALID,138.0
2026-08-26 02:00:00,C,C2,8439.0,7000.0,0.1,1.0,0.0,200.0,26.43,VALID,143.9
2026-08-26 02:00:00,C,C3,8396.0,7000.0,0.1,1.0,0.0,200.0,26.29,VALID,139.6
2026-08-26 02:00:00,D,D1,7985.0,7000.0,0.1,1.0,0.0,200.0,26.15,VALID,98.5
2026-08-26 02:00:00,D,D2,7985.0,7000.0,0.1,1.0,0.0,200.0,26.61,VALID,98.5
2026-08-26 02:00:00,D,D3,7988.0,7000.0,0.1,1.0,0.0,200.0,26.36,VALID,98.8
2026-08-26 02:15:00,A,A1,8217.0,7000.0,0.1,1.0,0.0,200.0,26.37,VALID,121.7
2026-08-26 02:15:00,A,A2,8248.0,7000.0,0.1,1.0,0.0,200.0,26.51,VALID,124.8
2026-08-26 02:15:00,A,A3,8227.0,7000.0,0.1,1.0,0.0,200.0,26.74,VALID,122.7
2026-08-26 02:15:00,B,B1,8051.0,7000.0,0.1,1.0,0.0,200.0,26.53,VALID,105.1
2026-08-26 02:15:00,B,B2,8050.0,7000.0,0.1,1.0,0.0,200.0,26.74,VALID,105.0
2026-08-26 02:15:00,B,B3,8062.0,7000.0,0.1,1.0,0.0,200.0,26.56,VALID,106.2
2026-08-26 02:15:00,C,C1,8382.0,7000.0,0.1,1.0,0.0,200.0,26.67,VALID,138.2
2026-08-26 02:15:00,C,C2,8438.0,7000.0,0.1,1.0,0.0,200.0,26.69,VALID,143.8
2026-08-26 02:15:00,C,C3,8426.0,7000.0,0.1,1.0,0.0,200.0,26.81,VALID,142.6
2026-08-26 02:15:00,D,D1,7980.0,7000.0,0.1,1.0,0.0,200.0,26.81,VALID,98.0
2026-08-26 02:15:00,D,D2,8000.0,7000.0,0.1,1.0,0.0,200.0,26.68,VALID,100.0
2026-08-26 02:15:00,D,D3,8003.0,7000.0,0.1,1.0,0.0,200.0,26.49,VALID,100.3
2026-08-26 02:30:00,A,A1,8223.0,7000.0,0.1,1.0,0.0,200.0,27.06,VALID,122.3
2026-08-26 02:30:00,A,A2,8248.0,7000.0,0.1,1.0,0.0,200.0,26.75,VALID,124.8
2026-08-26 02:30:00,A,A3,8218.0,7000.0,0.1,1.0,0.0,200.0,26.37,VALID,121.8
2026-08-26 02:30:00,B,B1,8074.0,7000.0,0.1,1.0,0.0,200.0,26.89,VALID,107.4
2026-08-26 02:30:00,B,B2,8065.0,7000.0,0.1,1.0,0.0,200.0,26.9,VALID,106.5
2026-08-26 02:30:00,B,B3,8054.0,7000.0,0.1,1.0,0.0,200.0,26.76,VALID,105.4
2026-08-26 02:30:00,C,C1,8385.0,7000.0,0.1,1.0,0.0,200.0,26.54,VALID,138.5
2026-08-26 02:30:00,C,C2,8416.0,7000.0,0.1,1.0,0.0,200.0,26.51,VALID,141.6
2026-08-26 02:30:00,C,C3,8422.0,7000.0,0.1,1.0,0.0,200.0,26.63,VALID,142.2
2026-08-26 02:30:00,D,D1,7988.0,7000.0,0.1,1.0,0.0,200.0,27.02,VALID,98.8
2026-08-26 02:30:00,D,D2,8001.0,7000.0,0.1,1.0,0.0,200.0,26.77,VALID,100.1
2026-08-26 02:30:00,D,D3,7994.0,7000.0,0.1,1.0,0.0,200.0,26.74,VALID,99.4
2026-08-26 02:45:00,A,A1,8235.0,7000.0,0.1,1.0,0.0,200.0,27.35,VALID,123.5
2026-08-26 02:45:00,A,A2,8260.0,7000.0,0.1,1.0,0.0,200.0,26.55,VALID,126.0
2026-08-26 02:45:00,A,A3,8231.0,7000.0,0.1,1.0,0.0,200.0,26.98,VALID,123.1
2026-08-26 02:45:00,B,B1,8061.0,7000.0,0.1,1.0,0.0,200.0,26.63,VALID,106.1
2026-08-26 02:45:00,B,B2,8056.0,7000.0,0.1,1.0,0.0,200.0,27.24,VALID,105.6
2026-08-26 02:45:00,B,B3,8060.0,7000.0,0.1,1.0,0.0,200.0,26.68,VALID,106.0
2026-08-26 02:45:00,C,C1,8385.0,7000.0,0.1,1.0,0.0,200.0,27.06,VALID,138.5
2026-08-26 02:45:00,C,C2,8429.0,7000.0,0.1,1.0,0.0,200.0,27.03,VALID,142.9
2026-08-26 02:45:00,C,C3,8406.0,7000.0,0.1,1.0,0.0,200.0,26.63,VALID,140.6
2026-08-26 02:45:00,D,D1,7997.0,7000.0,0.1,1.0,0.0,200.0,27.06,VALID,99.7
2026-08-26 02:45:00,D,D2,8000.0,7000.0,0.1,1.0,0.0,200.0,26.87,VALID,100.0
2026-08-26 02:45:00,D,D3,8008.0,7000.0,0.1,1.0,0.0,200.0,27.1,VALID,100.8
2026-08-26 03:00:00,A,A1,8236.0,7000.0,0.1,1.0,0.0,200.0,27.0,VALID,123.6
2026-08-26 03:00:00,A,A2,8248.0,7000.0,0.1,1.0,0.0,200.0,27.2,VALID,124.8
2026-08-26 03:00:00,A,A3,8231.0,7000.0,0.1,1.0,0.0,200.0,27.1,VALID,123.1
2026-08-26 03:00:00,B,B1,8053.0,7000.0,0.1,1.0,0.0,200.0,27.2,VALID,105.3
2026-08-26 03:00:00,B,B2,8061.0,7000.0,0.1,1.0,0.0,200.0,27.24,VALID,106.1
2026-08-26 03:00:00,B,B3,8069.0,7000.0,0.1,1.0,0.0,200.0,27.08,VALID,106.9
2026-08-26 03:00:00,C,C1,8400.0,7000.0,0.1,1.0,0.0,200.0,27.05,VALID,140.0
2026-08-26 03:00:00,C,C2,8432.0,7000.0,0.1,1.0,0.0,200.0,27.23,VALID,143.2
2026-08-26 03:00:00,C,C3,8421.0,7000.0,0.1,1.0,0.0,200.0,27.02,VALID,142.1
2026-08-26 03:00:00,D,D1,7981.0,7000.0,0.1,1.0,0.0,200.0,27.08,VALID,98.1
2026-08-26 03:00:00,D,D2,7999.0,7000.0,0.1,1.0,0.0,200.0,27.43,VALID,99.9
2026-08-26 03:00:00,D,D3,7999.0,7000.0,0.1,1.0,0.0,200.0,27.12,VALID,99.9
2026-08-26 03:15:00,A,A1,8219.0,7000.0,0.1,1.0,0.0,200.0,27.4,VALID,121.9
2026-08-26 03:15:00,A,A2,8244.0,7000.0,0.1,1.0,0.0,200.0,27.12,VALID,124.4
2026-08-26 03:15:00,A,A3,8244.0,7000.0,0.1,1.0,0.0,200.0,27.33,VALID,124.4
2026-08-26 03:15:00,B,B1,8037.0,7000.0,0.1,1.0,0.0,200.0,27.22,VALID,103.7
2026-08-26 03:15:00,B,B2,8076.0,7000.0,0.1,1.0,0.0,200.0,27.19,VALID,107.6
2026-08-26 03:15:00,B,B3,8069.0,7000.0,0.1,1.0,0.0,200.0,26.89,VALID,106.9
2026-08-26 03:15:00,C,C1,8372.0,7000.0,0.1,1.0,0.0,200.0,27.06,VALID,137.2
2026-08-26 03:15:00,C,C2,8442.0,7000.0,0.1,1.0,0.0,200.0,26.61,VALID,144.2
2026-08-26 03:15:00,C,C3,8410.0,7000.0,0.1,1.0,0.0,200.0,26.87,VALID,141.0
2026-08-26 03:15:00,D,D1,7985.0,7000.0,0.1,1.0,0.0,200.0,27.65,VALID,98.5
2026-08-26 03:15:00,D,D2,8003.0,7000.0,0.1,1.0,0.0,200.0,27.23,VALID,100.3
2026-08-26 03:15:00,D,D3,8005.0,7000.0,0.1,1.0,0.0,200.0,27.26,VALID,100.5
2026-08-26 03:30:00,A,A1,8227.0,7000.0,0.1,1.0,0.0,200.0,27.57,VALID,122.7
2026-08-26 03:30:00,A,A2,8255.0,7000.0,0.1,1.0,0.0,200.0,27.44,VALID,125.5
2026-08-26 03:30:00,A,A3,8237.0,7000.0,0.1,1.0,0.0,200.0,27.31,VALID,123.7
2026-08-26 03:30:00,B,B1,8069.0,7000.0,0.1,1.0,0.0,200.0,27.31,VALID,106.9
2026-08-26 03:30:00,B,B2,8087.0,7000.0,0.1,1.0,0.0,200.0,27.17,VALID,108.7
2026-08-26 03:30:00,B,B3,8082.0,7000.0,0.1,1.0,0.0,200.0,27.47,VALID,108.2
2026-08-26 03:30:00,C,C1,8390.0,7000.0,0.1,1.0,0.0,200.0,27.48,VALID,139.0
2026-08-26 03:30:00,C,C2,8435.0,7000.0,0.1,1.0,0.0,200.0,27.39,VALID,143.5
2026-08-26 03:30:00,C,C3,8414.0,7000.0,0.1,1.0,0.0,200.0,27.35,VALID,141.4
2026-08-26 03:30:00,D,D1,7997.0,7000.0,0.1,1.0,0.0,200.0,27.48,VALID,99.7
2026-08-26 03:30:00,D,D2,7997.0,7000.0,0.1,1.0,0.0,200.0,27.17,VALID,99.7
2026-08-26 03:30:00,D,D3,8001.0,7000.0,0.1,1.0,0.0,200.0,27.45,VALID,100.1
2026-08-26 03:45:00,A,A1,8224.0,7000.0,0.1,1.0,0.0,200.0,27.81,VALID,122.4
2026-08-26 03:45:00,A,A2,8259.0,7000.0,0.1,1.0,0.0,200.0,27.37,VALID,125.9
2026-08-26 03:45:00,A,A3,8233.0,7000.0,0.1,1.0,0.0,200.0,27.45,VALID,123.3
2026-08-26 03:45:00,B,B1,8059.0,7000.0,0.1,1.0,0.0,200.0,27.75,VALID,105.9
2026-08-26 03:45:00,B,B2,8086.0,7000.0,0.1,1.0,0.0,200.0,27.5,VALID,108.6
2026-08-26 03:45:00,B,B3,8076.0,7000.0,0.1,1.0,0.0,200.0,27.66,VALID,107.6
2026-08-26 03:45:00,C,C1,8400.0,7000.0,0.1,1.0,0.0,200.0,27.57,VALID,140.0
2026-08-26 03:45:00,C,C2,8447.0,7000.0,0.1,1.0,0.0,200.0,27.59,VALID,144.7
2026-08-26 03:45:00,C,C3,8413.0,7000.0,0.1,1.0,0.0,200.0,27.36,VALID,141.3
2026-08-26 03:45:00,D,D1,7987.0,7000.0,0.1,1.0,0.0,200.0,27.35,VALID,98.7
2026-08-26 03:45:00,D,D2,7995.0,7000.0,0.1,1.0,0.0,200.0,27.63,VALID,99.5
2026-08-26 03:45:00,D,D3,8003.0,7000.0,0.1,1.0,0.0,200.0,27.23,VALID,100.3
2026-08-26 04:00:00,A,A1,8229.0,7000.0,0.1,1.0,0.0,200.0,27.56,VALID,122.9
2026-08-26 04:00:00,A,A2,8255.0,7000.0,0.1,1.0,0.0,200.0,27.38,VALID,125.5
2026-08-26 04:00:00,A,A3,8229.0,7000.0,0.1,1.0,0.0,200.0,27.7,VALID,122.9
2026-08-26 04:00:00,B,B1,8049.0,7000.0,0.1,1.0,0.0,200.0,27.55,VALID,104.9
2026-08-26 04:00:00,B,B2,8075.0,7000.0,0.1,1.0,0.0,200.0,27.57,VALID,107.5
2026-08-26 04:00:00,B,B3,8073.0,7000.0,0.1,1.0,0.0,200.0,27.92,VALID,107.3
2026-08-26 04:00:00,C,C1,8387.0,7000.0,0.1,1.0,0.0,200.0,27.77,VALID,138.7
2026-08-26 04:00:00,C,C2,8420.0,7000.0,0.1,1.0,0.0,200.0,27.88,VALID,142.0
2026-08-26 04:00:00,C,C3,8403.0,7000.0,0.1,1.0,0.0,200.0,28.09,VALID,140.3
2026-08-26 04:00:00,D,D1,7987.0,7000.0,0.1,1.0,0.0,200.0,27.86,VALID,98.7
2026-08-26 04:00:00,D,D2,8019.0,7000.0,0.1,1.0,0.0,200.0,27.51,VALID,101.9
2026-08-26 04:00:00,D,D3,7998.0,7000.0,0.1,1.0,0.0,200.0,27.43,VALID,99.8
2026-08-26 04:15:00,A,A1,8239.0,7000.0,0.1,1.0,0.0,200.0,27.61,VALID,123.9
2026-08-26 04:15:00,A,A2,8246.0,7000.0,0.1,1.0,0.0,200.0,27.8,VALID,124.6
2026-08-26 04:15:00,A,A3,8234.0,7000.0,0.1,1.0,0.0,200.0,27.62,VALID,123.4
2026-08-26 04:15:00,B,B1,8065.0,7000.0,0.1,1.0,0.0,200.0,27.56,VALID,106.5
2026-08-26 04:15:00,B,B2,8074.0,7000.0,0.1,1.0,0.0,200.0,28.0,VALID,107.4
2026-08-26 04:15:00,B,B3,8070.0,7000.0,0.1,1.0,0.0,200.0,27.62,VALID,107.0
2026-08-26 04:15:00,C,C1,8400.0,7000.0,0.1,1.0,0.0,200.0,27.78,VALID,140.0
2026-08-26 04:15:00,C,C2,8435.0,7000.0,0.1,1.0,0.0,200.0,27.78,VALID,143.5
2026-08-26 04:15:00,C,C3,8424.0,7000.0,0.1,1.0,0.0,200.0,27.33,VALID,142.4
2026-08-26 04:15:00,D,D1,8008.0,7000.0,0.1,1.0,0.0,200.0,27.98,VALID,100.8
2026-08-26 04:15:00,D,D2,8003.0,7000.0,0.1,1.0,0.0,200.0,27.47,VALID,100.3
2026-08-26 04:15:00,D,D3,8004.0,7000.0,0.1,1.0,0.0,200.0,27.41,VALID,100.4
2026-08-26 04:30:00,A,A1,8245.0,7000.0,0.1,1.0,0.0,200.0,27.68,VALID,124.5
2026-08-26 04:30:00,A,A2,8269.0,7000.0,0.1,1.0,0.0,200.0,27.61,VALID,126.9
2026-08-26 04:30:00,A,A3,8242.0,7000.0,0.1,1.0,0.0,200.0,28.03,VALID,124.2
2026-08-26 04:30:00,B,B1,8062.0,7000.0,0.1,1.0,0.0,200.0,27.83,VALID,106.2
2026-08-26 04:30:00,B,B2,8090.0,7000.0,0.1,1.0,0.0,200.0,27.66,VALID,109.0
2026-08-26 04:30:00,B,B3,8061.0,7000.0,0.1,1.0,0.0,200.0,27.48,VALID,106.1
2026-08-26 04:30:00,C,C1,8408.0,7000.0,0.1,1.0,0.0,200.0,27.85,VALID,140.8
2026-08-26 04:30:00,C,C2,8454.0,7000.0,0.1,1.0,0.0,200.0,27.72,VALID,145.4
2026-08-26 04:30:00,C,C3,8410.0,7000.0,0.1,1.0,0.0,200.0,27.3,VALID,141.0
2026-08-26 04:30:00,D,D1,8018.0,7000.0,0.1,1.0,0.0,200.0,27.88,VALID,101.8
2026-08-26 04:30:00,D,D2,8012.0,7000.0,0.1,1.0,0.0,200.0,27.83,VALID,101.2
2026-08-26 04:30:00,D,D3,7990.0,7000.0,0.1,1.0,0.0,200.0,27.61,VALID,99.0
2026-08-26 04:45:00,A,A1,8249.0,7000.0,0.1,1.0,0.0,200.0,27.97,VALID,124.9
2026-08-26 04:45:00,A,A2,8249.0,7000.0,0.1,1.0,0.0,200.0,27.6,VALID,124.9
2026-08-26 04:45:00,A,A3,8239.0,7000.0,0.1,1.0,0.0,200.0,27.78,VALID,123.9
2026-08-26 04:45:00,B,B1,8084.0,7000.0,0.1,1.0,0.0,200.0,27.8,VALID,108.4
2026-08-26 04:45:00,B,B2,8070.0,7000.0,0.1,1.0,0.0,200.0,27.83,VALID,107.0
2026-08-26 04:45:00,B,B3,8076.0,7000.0,0.1,1.0,0.0,200.0,27.58,VALID,107.6
2026-08-26 04:45:00,C,C1,8407.0,7000.0,0.1,1.0,0.0,200.0,28.08,VALID,140.7
2026-08-26 04:45:00,C,C2,8447.0,7000.0,0.1,1.0,0.0,200.0,27.68,VALID,144.7
2026-08-26 04:45:00,C,C3,8419.0,7000.0,0.1,1.0,0.0,200.0,27.51,VALID,141.9
2026-08-26 04:45:00,D,D1,7992.0,7000.0,0.1,1.0,0.0,200.0,27.9,VALID,99.2
2026-08-26 04:45:00,D,D2,8003.0,7000.0,0.1,1.0,0.0,200.0,28.23,VALID,100.3
2026-08-26 04:45:00,D,D3,8011.0,7000.0,0.1,1.0,0.0,200.0,27.48,VALID,101.1
2026-08-26 05:00:00,A,A1,8218.0,7000.0,0.1,1.0,0.0,200.0,27.7,VALID,121.8
2026-08-26 05:00:00,A,A2,8270.0,7000.0,0.1,1.0,0.0,200.0,28.08,VALID,127.0
2026-08-26 05:00:00,A,A3,8259.0,7000.0,0.1,1.0,0.0,200.0,27.9,VALID,125.9
2026-08-26 05:00:00,B,B1,8064.0,7000.0,0.1,1.0,0.0,200.0,27.65,VALID,106.4
2026-08-26 05:00:00,B,B2,8084.0,7000.0,0.1,1.0,0.0,200.0,27.86,VALID,108.4
2026-08-26 05:00:00,B,B3,8072.0,7000.0,0.1,1.0,0.0,200.0,28.22,VALID,107.2
2026-08-26 05:00:00,C,C1,8403.0,7000.0,0.1,1.0,0.0,200.0,28.16,VALID,140.3
2026-08-26 05:00:00,C,C2,8432.0,7000.0,0.1,1.0,0.0,200.0,28.44,VALID,143.2
2026-08-26 05:00:00,C,C3,8421.0,7000.0,0.1,1.0,0.0,200.0,28.04,VALID,142.1
2026-08-26 05:00:00,D,D1,8002.0,7000.0,0.1,1.0,0.0,200.0,27.8,VALID,100.2
2026-08-26 05:00:00,D,D2,8019.0,7000.0,0.1,1.0,0.0,200.0,28.07,VALID,101.9
2026-08-26 05:00:00,D,D3,7998.0,7000.0,0.1,1.0,0.0,200.0,27.76,VALID,99.8
2026-08-26 05:15:00,A,A1,8235.0,7000.0,0.1,1.0,0.0,200.0,27.92,VALID,123.5
2026-08-26 05:15:00,A,A2,8269.0,7000.0,0.1,1.0,0.0,200.0,28.08,VALID,126.9
2026-08-26 05:15:00,A,A3,8244.0,7000.0,0.1,1.0,0.0,200.0,28.06,VALID,124.4
2026-08-26 05:15:00,B,B1,8048.0,7000.0,0.1,1.0,0.0,200.0,27.82,VALID,104.8
2026-08-26 05:15:00,B,B2,8084.0,7000.0,0.1,1.0,0.0,200.0,28.17,VALID,108.4
2026-08-26 05:15:00,B,B3,8076.0,7000.0,0.1,1.0,0.0,200.0,28.23,VALID,107.6
2026-08-26 05:15:00,C,C1,8412.0,7000.0,0.1,1.0,0.0,200.0,27.84,VALID,141.2
2026-08-26 05:15:00,C,C2,8445.0,7000.0,0.1,1.0,0.0,200.0,28.02,VALID,144.5
2026-08-26 05:15:00,C,C3,8420.0,7000.0,0.1,1.0,0.0,200.0,28.25,VALID,142.0
2026-08-26 05:15:00,D,D1,7984.0,7000.0,0.1,1.0,0.0,200.0,28.01,VALID,98.4
2026-08-26 05:15:00,D,D2,8019.0,7000.0,0.1,1.0,0.0,200.0,27.88,VALID,101.9
2026-08-26 05:15:00,D,D3,8000.0,7000.0,0.1,1.0,0.0,200.0,27.93,VALID,100.0
2026-08-26 05:30:00,A,A1,8242.0,7000.0,0.1,1.0,0.0,200.0,27.87,VALID,124.2
2026-08-26 05:30:00,A,A2,8247.0,7000.0,0.1,1.0,0.0,200.0,28.2,VALID,124.7
2026-08-26 05:30:00,A,A3,8248.0,7000.0,0.1,1.0,0.0,200.0,28.18,VALID,124.8
2026-08-26 05:30:00,B,B1,8074.0,7000.0,0.1,1.0,0.0,200.0,28.41,VALID,107.4
2026-08-26 05:30:00,B,B2,8092.0,7000.0,0.1,1.0,0.0,200.0,27.83,VALID,109.2
2026-08-26 05:30:00,B,B3,8079.0,7000.0,0.1,1.0,0.0,200.0,27.86,VALID,107.9
2026-08-26 05:30:00,C,C1,8401.0,7000.0,0.1,1.0,0.0,200.0,27.69,VALID,140.1
2026-08-26 05:30:00,C,C2,8444.0,7000.0,0.1,1.0,0.0,200.0,28.08,VALID,144.4
2026-08-26 05:30:00,C,C3,8424.0,7000.0,0.1,1.0,0.0,200.0,27.75,VALID,142.4
2026-08-26 05:30:00,D,D1,7981.0,7000.0,0.1,1.0,0.0,200.0,28.4,VALID,98.1
2026-08-26 05:30:00,D,D2,8016.0,7000.0,0.1,1.0,0.0,200.0,27.81,VALID,101.6
2026-08-26 05:30:00,D,D3,8009.0,7000.0,0.1,1.0,0.0,200.0,28.41,VALID,100.9
2026-08-26 05:45:00,A,A1,8241.0,7000.0,0.1,1.0,0.0,200.0,27.44,VALID,124.1
2026-08-26 05:45:00,A,A2,8281.0,7000.0,0.1,1.0,0.0,200.0,27.62,VALID,128.1
2026-08-26 05:45:00,A,A3,8243.0,7000.0,0.1,1.0,0.0,200.0,27.77,VALID,124.3
2026-08-26 05:45:00,B,B1,8060.0,7000.0,0.1,1.0,0.0,200.0,28.05,VALID,106.0
2026-08-26 05:45:00,B,B2,8063.0,7000.0,0.1,1.0,0.0,200.0,27.98,VALID,106.3
2026-08-26 05:45:00,B,B3,8085.0,7000.0,0.1,1.0,0.0,200.0,27.82,VALID,108.5
2026-08-26 05:45:00,C,C1,8392.0,7000.0,0.1,1.0,0.0,200.0,27.97,VALID,139.2
2026-08-26 05:45:00,C,C2,8444.0,7000.0,0.1,1.0,0.0,200.0,27.87,VALID,144.4
2026-08-26 05:45:00,C,C3,8414.0,7000.0,0.1,1.0,0.0,200.0,28.1,VALID,141.4
2026-08-26 05:45:00,D,D1,8000.0,7000.0,0.1,1.0,0.0,200.0,27.78,VALID,100.0
2026-08-26 05:45:00,D,D2,8005.0,7000.0,0.1,1.0,0.0,200.0,28.02,VALID,100.5
2026-08-26 05:45:00,D,D3,7996.0,7000.0,0.1,1.0,0.0,200.0,28.03,VALID,99.6
2026-08-26 06:00:00,A,A1,8248.0,7000.0,0.1,1.0,0.0,200.0,27.99,VALID,124.8
2026-08-26 06:00:00,A,A2,8246.0,7000.0,0.1,1.0,0.0,200.0,28.08,VALID,124.6
2026-08-26 06:00:00,A,A3,8243.0,7000.0,0.1,1.0,0.0,200.0,27.97,VALID,124.3
2026-08-26 06:00:00,B,B1,8071.0,7000.0,0.1,1.0,0.0,200.0,28.14,VALID,107.1
2026-08-26 06:00:00,B,B2,8082.0,7000.0,0.1,1.0,0.0,200.0,27.99,VALID,108.2
2026-08-26 06:00:00,B,B3,8094.0,7000.0,0.1,1.0,0.0,200.0,28.24,VALID,109.4
2026-08-26 06:00:00,C,C1,8413.0,7000.0,0.1,1.0,0.0,200.0,28.03,VALID,141.3
2026-08-26 06:00:00,C,C2,8438.0,7000.0,0.1,1.0,0.0,200.0,28.23,VALID,143.8
2026-08-26 06:00:00,C,C3,8426.0,7000.0,0.1,1.0,0.0,200.0,27.88,VALID,142.6
2026-08-26 06:00:00,D,D1,7993.0,7000.0,0.1,1.0,0.0,200.0,27.81,VALID,99.3
2026-08-26 06:00:00,D,D2,8023.0,7000.0,0.1,1.0,0.0,200.0,28.14,VALID,102.3
2026-08-26 06:00:00,D,D3,8007.0,7000.0,0.1,1.0,0.0,200.0,27.99,VALID,100.7
2026-08-26 06:15:00,A,A1,8229.0,7000.0,0.1,1.0,0.0,200.0,27.57,VALID,122.9
2026-08-26 06:15:00,A,A2,8244.0,7000.0,0.1,1.0,0.0,200.0,27.85,VALID,124.4
2026-08-26 06:15:00,A,A3,8237.0,7000.0,0.1,1.0,0.0,200.0,28.05,VALID,123.7
2026-08-26 06:15:00,B,B1,8074.0,7000.0,0.1,1.0,0.0,200.0,27.97,VALID,107.4
2026-08-26 06:15:00,B,B2,8095.0,7000.0,0.1,1.0,0.0,200.0,27.84,VALID,109.5
2026-08-26 06:15:00,B,B3,8074.0,7000.0,0.1,1.0,0.0,200.0,27.98,VALID,107.4
2026-08-26 06:15:00,C,C1,8415.0,7000.0,0.1,1.0,0.0,200.0,28.01,VALID,141.5
2026-08-26 06:15:00,C,C2,8448.0,7000.0,0.1,1.0,0.0,200.0,27.66,VALID,144.8
2026-08-26 06:15:00,C,C3,8417.0,7000.0,0.1,1.0,0.0,200.0,28.21,VALID,141.7
2026-08-26 06:15:00,D,D1,7976.0,7000.0,0.1,1.0,0.0,200.0,28.26,VALID,97.6
2026-08-26 06:15:00,D,D2,8017.0,7000.0,0.1,1.0,0.0,200.0,27.84,VALID,101.7
2026-08-26 06:15:00,D,D3,7997.0,7000.0,0.1,1.0,0.0,200.0,28.37,VALID,99.7
2026-08-26 06:30:00,A,A1,8247.0,7000.0,0.1,1.0,0.0,200.0,27.95,VALID,124.7
2026-08-26 06:30:00,A,A2,8258.0,7000.0,0.1,1.0,0.0,200.0,27.85,VALID,125.8
2026-08-26 06:30:00,A,A3,8246.0,7000.0,0.1,1.0,0.0,200.0,27.84,VALID,124.6
2026-08-26 06:30:00,B,B1,8066.0,7000.0,0.1,1.0,0.0,200.0,28.34,VALID,106.6
2026-08-26 06:30:00,B,B2,8081.0,7000.0,0.1,1.0,0.0,200.0,27.76,VALID,108.1
2026-08-26 06:30:00,B,B3,8062.0,7000.0,0.1,1.0,0.0,200.0,28.0,VALID,106.2
2026-08-26 06:30:00,C,C1,8398.0,7000.0,0.1,1.0,0.0,200.0,28.02,VALID,139.8
2026-08-26 06:30:00,C,C2,8432.0,7000.0,0.1,1.0,0.0,200.0,28.11,VALID,143.2
2026-08-26 06:30:00,C,C3,8415.0,7000.0,0.1,1.0,0.0,200.0,27.98,VALID,141.5
2026-08-26 06:30:00,D,D1,7992.0,7000.0,0.1,1.0,0.0,200.0,28.32,VALID,99.2
2026-08-26 06:30:00,D,D2,8014.0,7000.0,0.1,1.0,0.0,200.0,28.36,VALID,101.4
2026-08-26 06:30:00,D,D3,8010.0,7000.0,0.1,1.0,0.0,200.0,28.26,VALID,101.0
2026-08-26 06:45:00,A,A1,8233.0,7000.0,0.1,1.0,0.0,200.0,28.01,VALID,123.3
2026-08-26 06:45:00,A,A2,8267.0,7000.0,0.1,1.0,0.0,200.0,28.12,VALID,126.7
2026-08-26 06:45:00,A,A3,8249.0,7000.0,0.1,1.0,0.0,200.0,27.88,VALID,124.9
2026-08-26 06:45:00,B,B1,8065.0,7000.0,0.1,1.0,0.0,200.0,28.17,VALID,106.5
2026-08-26 06:45:00,B,B2,8094.0,7000.0,0.1,1.0,0.0,200.0,27.82,VALID,109.4
2026-08-26 06:45:00,B,B3,8068.0,7000.0,0.1,1.0,0.0,200.0,27.76,VALID,106.8
2026-08-26 06:45:00,C,C1,8412.0,7000.0,0.1,1.0,0.0,200.0,27.76,VALID,141.2
2026-08-26 06:45:00,C,C2,8454.0,7000.0,0.1,1.0,0.0,200.0,28.05,VALID,145.4
2026-08-26 06:45:00,C,C3,8420.0,7000.0,0.1,1.0,0.0,200.0,28.26,VALID,142.0
2026-08-26 06:45:00,D,D1,7981.0,7000.0,0.1,1.0,0.0,200.0,28.27,VALID,98.1
2026-08-26 06:45:00,D,D2,8015.0,7000.0,0.1,1.0,0.0,200.0,27.53,VALID,101.5
2026-08-26 06:45:00,D,D3,8019.0,7000.0,0.1,1.0,0.0,200.0,28.14,VALID,101.9
2026-08-26 07:00:00,A,A1,8230.0,7000.0,0.1,1.0,0.0,200.0,27.7,VALID,123.0
2026-08-26 07:00:00,A,A2,8242.0,7000.0,0.1,1.0,0.0,200.0,28.38,VALID,124.2
2026-08-26 07:00:00,A,A3,8236.0,7000.0,0.1,1.0,0.0,200.0,27.65,VALID,123.6
2026-08-26 07:00:00,B,B1,8068.0,7000.0,0.1,1.0,0.0,200.0,27.57,VALID,106.8
2026-08-26 07:00:00,B,B2,8072.0,7000.0,0.1,1.0,0.0,200.0,28.1,VALID,107.2
2026-08-26 07:00:00,B,B3,8078.0,7000.0,0.1,1.0,0.0,200.0,27.82,VALID,107.8
2026-08-26 07:00:00,C,C1,8404.0,7000.0,0.1,1.0,0.0,200.0,27.81,VALID,140.4
2026-08-26 07:00:00,C,C2,8445.0,7000.0,0.1,1.0,0.0,200.0,27.75,VALID,144.5
2026-08-26 07:00:00,C,C3,8419.0,7000.0,0.1,1.0,0.0,200.0,27.78,VALID,141.9
2026-08-26 07:00:00,D,D1,7987.0,7000.0,0.1,1.0,0.0,200.0,28.11,VALID,98.7
2026-08-26 07:00:00,D,D2,8019.0,7000.0,0.1,1.0,0.0,200.0,27.71,VALID,101.9
2026-08-26 07:00:00,D,D3,7993.0,7000.0,0.1,1.0,0.0,200.0,27.87,VALID,99.3
2026-08-26 07:15:00,A,A1,8253.0,7000.0,0.1,1.0,0.0,200.0,27.64,VALID,125.3
2026-08-26 07:15:00,A,A2,6850.0,7000.0,0.1,1.0,0.0,200.0,27.86,VALID,-15.0
2026-08-26 07:15:00,A,A3,8242.0,7000.0,0.1,1.0,0.0,200.0,27.75,VALID,124.2
2026-08-26 07:15:00,B,B1,8076.0,7000.0,0.1,1.0,0.0,200.0,27.93,VALID,107.6
2026-08-26 07:15:00,B,B2,8088.0,7000.0,0.1,1.0,0.0,200.0,27.96,VALID,108.8
2026-08-26 07:15:00,B,B3,8081.0,7000.0,0.1,1.0,0.0,200.0,28.16,VALID,108.1
2026-08-26 07:15:00,C,C1,8415.0,7000.0,0.1,1.0,0.0,200.0,28.31,VALID,141.5
2026-08-26 07:15:00,C,C2,8456.0,7000.0,0.1,1.0,0.0,200.0,27.71,VALID,145.6
2026-08-26 07:15:00,C,C3,8431.0,7000.0,0.1,1.0,0.0,200.0,27.98,VALID,143.1
2026-08-26 07:15:00,D,D1,8011.0,7000.0,0.1,1.0,0.0,200.0,27.65,VALID,101.1
2026-08-26 07:15:00,D,D2,8016.0,7000.0,0.1,1.0,0.0,200.0,27.7,VALID,101.6
2026-08-26 07:15:00,D,D3,8008.0,7000.0,0.1,1.0,0.0,200.0,27.8,VALID,100.8
2026-08-26 07:30:00,A,A1,8237.0,7000.0,0.1,1.0,0.0,200.0,27.49,VALID,123.7
2026-08-26 07:30:00,A,A2,6850.0,7000.0,0.1,1.0,0.0,200.0,27.81,VALID,-15.0
2026-08-26 07:30:00,A,A3,8244.0,7000.0,0.1,1.0,0.0,200.0,28.16,VALID,124.4
2026-08-26 07:30:00,B,B1,8061.0,7000.0,0.1,1.0,0.0,200.0,27.84,VALID,106.1
2026-08-26 07:30:00,B,B2,8081.0,7000.0,0.1,1.0,0.0,200.0,27.81,VALID,108.1
2026-08-26 07:30:00,B,B3,8093.0,7000.0,0.1,1.0,0.0,200.0,27.78,VALID,109.3
2026-08-26 07:30:00,C,C1,8398.0,7000.0,0.1,1.0,0.0,200.0,28.15,VALID,139.8
2026-08-26 07:30:00,C,C2,8442.0,7000.0,0.1,1.0,0.0,200.0,27.45,VALID,144.2
2026-08-26 07:30:00,C,C3,8416.0,7000.0,0.1,1.0,0.0,200.0,27.52,VALID,141.6
2026-08-26 07:30:00,D,D1,7976.0,7000.0,0.1,1.0,0.0,200.0,27.7,VALID,97.6
2026-08-26 07:30:00,D,D2,8010.0,7000.0,0.1,1.0,0.0,200.0,28.01,VALID,101.0
2026-08-26 07:30:00,D,D3,8008.0,7000.0,0.1,1.0,0.0,200.0,27.89,VALID,100.8
2026-08-26 07:45:00,A,A1,8224.0,7000.0,0.1,1.0,0.0,200.0,27.87,VALID,122.4
2026-08-26 07:45:00,A,A2,6850.0,7000.0,0.1,1.0,0.0,200.0,27.77,VALID,-15.0
2026-08-26 07:45:00,A,A3,8246.0,7000.0,0.1,1.0,0.0,200.0,27.44,VALID,124.6
2026-08-26 07:45:00,B,B1,8073.0,7000.0,0.1,1.0,0.0,200.0,28.05,VALID,107.3
2026-08-26 07:45:00,B,B2,8082.0,7000.0,0.1,1.0,0.0,200.0,27.57,VALID,108.2
2026-08-26 07:45:00,B,B3,8070.0,7000.0,0.1,1.0,0.0,200.0,27.61,VALID,107.0
2026-08-26 07:45:00,C,C1,8399.0,7000.0,0.1,1.0,0.0,200.0,27.82,VALID,139.9
2026-08-26 07:45:00,C,C2,8446.0,7000.0,0.1,1.0,0.0,200.0,27.89,VALID,144.6
2026-08-26 07:45:00,C,C3,8425.0,7000.0,0.1,1.0,0.0,200.0,27.52,VALID,142.5
2026-08-26 07:45:00,D,D1,7987.0,7000.0,0.1,1.0,0.0,200.0,27.58,VALID,98.7
2026-08-26 07:45:00,D,D2,8008.0,7000.0,0.1,1.0,0.0,200.0,28.05,VALID,100.8
2026-08-26 07:45:00,D,D3,8019.0,7000.0,0.1,1.0,0.0,200.0,27.86,VALID,101.9
2026-08-26 08:00:00,A,A1,8232.0,7000.0,0.1,1.0,0.0,200.0,27.33,VALID,123.2
2026-08-26 08:00:00,A,A2,6850.0,7000.0,0.1,1.0,0.0,200.0,27.44,VALID,-15.0
2026-08-26 08:00:00,A,A3,8256.0,7000.0,0.1,1.0,0.0,200.0,27.28,VALID,125.6
2026-08-26 08:00:00,B,B1,8066.0,7000.0,0.1,1.0,0.0,200.0,27.42,VALID,106.6
2026-08-26 08:00:00,B,B2,8078.0,7000.0,0.1,1.0,0.0,200.0,27.73,VALID,107.8
2026-08-26 08:00:00,B,B3,8080.0,7000.0,0.1,1.0,0.0,200.0,27.59,VALID,108.0
2026-08-26 08:00:00,C,C1,8408.0,7000.0,0.1,1.0,0.0,200.0,27.47,VALID,140.8
2026-08-26 08:00:00,C,C2,8445.0,7000.0,0.1,1.0,0.0,200.0,27.8,VALID,144.5
2026-08-26 08:00:00,C,C3,8424.0,7000.0,0.1,1.0,0.0,200.0,27.49,VALID,142.4
2026-08-26 08:00:00,D,D1,7988.0,7000.0,0.1,1.0,0.0,200.0,27.8,VALID,98.8
2026-08-26 08:00:00,D,D2,7999.0,7000.0,0.1,1.0,0.0,200.0,27.41,VALID,99.9
2026-08-26 08:00:00,D,D3,8006.0,7000.0,0.1,1.0,0.0,200.0,27.51,VALID,100.6
2026-08-26 08:15:00,A,A1,8217.0,7000.0,0.1,1.0,0.0,200.0,27.76,VALID,121.7
2026-08-26 08:15:00,A,A2,6850.0,7000.0,0.1,1.0,0.0,200.0,27.45,VALID,-15.0
2026-08-26 08:15:00,A,A3,8234.0,7000.0,0.1,1.0,0.0,200.0,27.43,VALID,123.4
2026-08-26 08:15:00,B,B1,8054.0,7000.0,0.1,1.0,0.0,200.0,27.64,VALID,105.4
2026-08-26 08:15:00,B,B2,8078.0,7000.0,0.1,1.0,0.0,200.0,27.69,VALID,107.8
2026-08-26 08:15:00,B,B3,8064.0,7000.0,0.1,1.0,0.0,200.0,27.92,VALID,106.4
2026-08-26 08:15:00,C,C1,8383.0,7000.0,0.1,1.0,0.0,200.0,27.18,VALID,138.3
2026-08-26 08:15:00,C,C2,8458.0,7000.0,0.1,1.0,0.0,200.0,27.59,VALID,145.8
2026-08-26 08:15:00,C,C3,8423.0,7000.0,0.1,1.0,0.0,200.0,27.58,VALID,142.3
2026-08-26 08:15:00,D,D1,7995.0,7000.0,0.1,1.0,0.0,200.0,27.55,VALID,99.5
2026-08-26 08:15:00,D,D2,7999.0,7000.0,0.1,1.0,0.0,200.0,27.66,VALID,99.9
2026-08-26 08:15:00,D,D3,8006.0,7000.0,0.1,1.0,0.0,200.0,27.78,VALID,100.6
2026-08-26 08:30:00,A,A1,8245.0,7000.0,0.1,1.0,0.0,200.0,27.45,VALID,124.5
2026-08-26 08:30:00,A,A2,6850.0,7000.0,0.1,1.0,0.0,200.0,27.73,VALID,-15.0
2026-08-26 08:30:00,A,A3,8230.0,7000.0,0.1,1.0,0.0,200.0,27.45,VALID,123.0
2026-08-26 08:30:00,B,B1,8058.0,7000.0,0.1,1.0,0.0,200.0,27.29,VALID,105.8
2026-08-26 08:30:00,B,B2,8083.0,7000.0,0.1,1.0,0.0,200.0,27.43,VALID,108.3
2026-08-26 08:30:00,B,B3,8073.0,7000.0,0.1,1.0,0.0,200.0,27.22,VALID,107.3
2026-08-26 08:30:00,C,C1,8397.0,7000.0,0.1,1.0,0.0,200.0,27.23,VALID,139.7
2026-08-26 08:30:00,C,C2,8439.0,7000.0,0.1,1.0,0.0,200.0,27.36,VALID,143.9
2026-08-26 08:30:00,C,C3,8435.0,7000.0,0.1,1.0,0.0,200.0,27.33,VALID,143.5
2026-08-26 08:30:00,D,D1,7970.0,7000.0,0.1,1.0,0.0,200.0,27.66,VALID,97.0
2026-08-26 08:30:00,D,D2,8011.0,7000.0,0.1,1.0,0.0,200.0,27.35,VALID,101.1
2026-08-26 08:30:00,D,D3,7995.0,7000.0,0.1,1.0,0.0,200.0,27.19,VALID,99.5
2026-08-26 08:45:00,A,A1,8245.0,7000.0,0.1,1.0,0.0,200.0,27.27,VALID,124.5
2026-08-26 08:45:00,A,A2,6850.0,7000.0,0.1,1.0,0.0,200.0,27.32,VALID,-15.0
2026-08-26 08:45:00,A,A3,8248.0,7000.0,0.1,1.0,0.0,200.0,27.29,VALID,124.8
2026-08-26 08:45:00,B,B1,8051.0,7000.0,0.1,1.0,0.0,200.0,27.06,VALID,105.1
2026-08-26 08:45:00,B,B2,8066.0,7000.0,0.1,1.0,0.0,200.0,27.56,VALID,106.6
2026-08-26 08:45:00,B,B3,8067.0,7000.0,0.1,1.0,0.0,200.0,26.92,VALID,106.7
2026-08-26 08:45:00,C,C1,8401.0,7000.0,0.1,1.0,0.0,200.0,27.28,VALID,140.1
2026-08-26 08:45:00,C,C2,8435.0,7000.0,0.1,1.0,0.0,200.0,27.05,VALID,143.5
2026-08-26 08:45:00,C,C3,8408.0,7000.0,0.1,1.0,0.0,200.0,27.47,VALID,140.8
2026-08-26 08:45:00,D,D1,7990.0,7000.0,0.1,1.0,0.0,200.0,27.35,VALID,99.0
2026-08-26 08:45:00,D,D2,8008.0,7000.0,0.1,1.0,0.0,200.0,27.32,VALID,100.8
2026-08-26 08:45:00,D,D3,7993.0,7000.0,0.1,1.0,0.0,200.0,27.21,VALID,99.3
2026-08-26 09:00:00,A,A1,8237.0,7000.0,0.1,1.0,0.0,200.0,27.4,VALID,123.7
2026-08-26 09:00:00,A,A2,6850.0,7000.0,0.1,1.0,0.0,200.0,27.08,VALID,-15.0
2026-08-26 09:00:00,A,A3,8244.0,7000.0,0.1,1.0,0.0,200.0,27.5,VALID,124.4
2026-08-26 09:00:00,B,B1,8074.0,7000.0,0.1,1.0,0.0,200.0,26.96,VALID,107.4
2026-08-26 09:00:00,B,B2,8085.0,7000.0,0.1,1.0,0.0,200.0,27.13,VALID,108.5
2026-08-26 09:00:00,B,B3,8075.0,7000.0,0.1,1.0,0.0,200.0,27.28,VALID,107.5
2026-08-26 09:00:00,C,C1,8385.0,7000.0,0.1,1.0,0.0,200.0,27.23,VALID,138.5
2026-08-26 09:00:00,C,C2,8447.0,7000.0,0.1,1.0,0.0,200.0,27.12,VALID,144.7
2026-08-26 09:00:00,C,C3,8414.0,7000.0,0.1,1.0,0.0,200.0,26.81,VALID,141.4
2026-08-26 09:00:00,D,D1,7992.0,7000.0,0.1,1.0,0.0,200.0,27.16,VALID,99.2
2026-08-26 09:00:00,D,D2,7996.0,7000.0,0.1,1.0,0.0,200.0,27.06,VALID,99.6
2026-08-26 09:00:00,D,D3,7997.0,7000.0,0.1,1.0,0.0,200.0,27.01,VALID,99.7
2026-08-26 09:15:00,A,A1,8225.0,7000.0,0.1,1.0,0.0,200.0,26.63,VALID,122.5
2026-08-26 09:15:00,A,A2,6850.0,7000.0,0.1,1.0,0.0,200.0,26.98,VALID,-15.0
2026-08-26 09:15:00,A,A3,8225.0,7000.0,0.1,1.0,0.0,200.0,26.49,VALID,122.5
2026-08-26 09:15:00,B,B1,8066.0,7000.0,0.1,1.0,0.0,200.0,27.09,VALID,106.6
2026-08-26 09:15:00,B,B2,8073.0,7000.0,0.1,1.0,0.0,200.0,27.15,VALID,107.3
2026-08-26 09:15:00,B,B3,8072.0,7000.0,0.1,1.0,0.0,200.0,27.02,VALID,107.2
2026-08-26 09:15:00,C,C1,8392.0,7000.0,0.1,1.0,0.0,200.0,26.89,VALID,139.2
2026-08-26 09:15:00,C,C2,8440.0,7000.0,0.1,1.0,0.0,200.0,27.26,VALID,144.0
2026-08-26 09:15:00,C,C3,8414.0,7000.0,0.1,1.0,0.0,200.0,27.27,VALID,141.4
2026-08-26 09:15:00,D,D1,7988.0,7000.0,0.1,1.0,0.0,200.0,27.05,VALID,98.8
2026-08-26 09:15:00,D,D2,8024.0,7000.0,0.1,1.0,0.0,200.0,27.31,VALID,102.4
2026-08-26 09:15:00,D,D3,8010.0,7000.0,0.1,1.0,0.0,200.0,26.82,VALID,101.0
2026-08-26 09:30:00,A,A1,8243.0,7000.0,0.1,1.0,0.0,200.0,26.81,VALID,124.3
2026-08-26 09:30:00,A,A2,6850.0,7000.0,0.1,1.0,0.0,200.0,26.39,VALID,-15.0
2026-08-26 09:30:00,A,A3,8236.0,7000.0,0.1,1.0,0.0,200.0,26.61,VALID,123.6
2026-08-26 09:30:00,B,B1,8059.0,7000.0,0.1,1.0,0.0,200.0,26.59,VALID,105.9
2026-08-26 09:30:00,B,B2,8086.0,7000.0,0.1,1.0,0.0,200.0,26.94,VALID,108.6
2026-08-26 09:30:00,B,B3,8084.0,7000.0,0.1,1.0,0.0,200.0,26.62,VALID,108.4
2026-08-26 09:30:00,C,C1,8407.0,7000.0,0.1,1.0,0.0,200.0,26.47,VALID,140.7
2026-08-26 09:30:00,C,C2,8437.0,7000.0,0.1,1.0,0.0,200.0,26.7,VALID,143.7
2026-08-26 09:30:00,C,C3,8409.0,7000.0,0.1,1.0,0.0,200.0,26.72,VALID,140.9
2026-08-26 09:30:00,D,D1,7975.0,7000.0,0.1,1.0,0.0,200.0,26.57,VALID,97.5
2026-08-26 09:30:00,D,D2,7997.0,7000.0,0.1,1.0,0.0,200.0,26.85,VALID,99.7
2026-08-26 09:30:00,D,D3,8003.0,7000.0,0.1,1.0,0.0,200.0,26.89,VALID,100.3
2026-08-26 09:45:00,A,A1,8232.0,7000.0,0.1,1.0,0.0,200.0,26.37,VALID,123.2
2026-08-26 09:45:00,A,A2,6850.0,7000.0,0.1,1.0,0.0,200.0,26.81,VALID,-15.0
2026-08-26 09:45:00,A,A3,8234.0,7000.0,0.1,1.0,0.0,200.0,26.49,VALID,123.4
2026-08-26 09:45:00,B,B1,8062.0,7000.0,0.1,1.0,0.0,200.0,26.56,VALID,106.2
2026-08-26 09:45:00,B,B2,8061.0,7000.0,0.1,1.0,0.0,200.0,26.76,VALID,106.1
2026-08-26 09:45:00,B,B3,8061.0,7000.0,0.1,1.0,0.0,200.0,26.56,VALID,106.1
2026-08-26 09:45:00,C,C1,8386.0,7000.0,0.1,1.0,0.0,200.0,26.45,VALID,138.6
2026-08-26 09:45:00,C,C2,8430.0,7000.0,0.1,1.0,0.0,200.0,26.89,VALID,143.0
2026-08-26 09:45:00,C,C3,8414.0,7000.0,0.1,1.0,0.0,200.0,26.86,VALID,141.4
2026-08-26 09:45:00,D,D1,7986.0,7000.0,0.1,1.0,0.0,200.0,26.54,VALID,98.6
2026-08-26 09:45:00,D,D2,7985.0,7000.0,0.1,1.0,0.0,200.0,26.48,VALID,98.5
2026-08-26 09:45:00,D,D3,7985.0,7000.0,0.1,1.0,0.0,200.0,26.52,VALID,98.5
2026-08-26 10:00:00,A,A1,8229.0,7000.0,0.1,1.0,0.0,200.0,26.69,VALID,122.9
2026-08-26 10:00:00,A,A2,8262.0,7000.0,0.1,1.0,0.0,200.0,26.35,VALID,126.2
2026-08-26 10:00:00,A,A3,8244.0,7000.0,0.1,1.0,0.0,200.0,26.82,VALID,124.4
2026-08-26 10:00:00,B,B1,8050.0,7000.0,0.1,1.0,0.0,200.0,26.59,VALID,105.0
2026-08-26 10:00:00,B,B2,8078.0,7000.0,0.1,1.0,0.0,200.0,26.49,VALID,107.8
2026-08-26 10:00:00,B,B3,8058.0,7000.0,0.1,1.0,0.0,200.0,26.37,VALID,105.8
2026-08-26 10:00:00,C,C1,8368.0,7000.0,0.1,1.0,0.0,200.0,26.51,VALID,136.8
2026-08-26 10:00:00,C,C2,8425.0,7000.0,0.1,1.0,0.0,200.0,26.28,VALID,142.5
2026-08-26 10:00:00,C,C3,8413.0,7000.0,0.1,1.0,0.0,200.0,26.21,VALID,141.3
2026-08-26 10:00:00,D,D1,7987.0,7000.0,0.1,1.0,0.0,200.0,26.6,VALID,98.7
2026-08-26 10:00:00,D,D2,7994.0,7000.0,0.1,1.0,0.0,200.0,26.49,VALID,99.4
2026-08-26 10:00:00,D,D3,7979.0,7000.0,0.1,1.0,0.0,200.0,26.65,VALID,97.9
2026-08-26 10:15:00,A,A1,8220.0,7000.0,0.1,1.0,0.0,200.0,26.38,VALID,122.0
2026-08-26 10:15:00,A,A2,8244.0,7000.0,0.1,1.0,0.0,200.0,26.2,VALID,124.4
2026-08-26 10:15:00,A,A3,8214.0,7000.0,0.1,1.0,0.0,200.0,26.52,VALID,121.4
2026-08-26 10:15:00,B,B1,8056.0,7000.0,0.1,1.0,0.0,200.0,26.22,VALID,105.6
2026-08-26 10:15:00,B,B2,8069.0,7000.0,0.1,1.0,0.0,200.0,26.58,VALID,106.9
2026-08-26 10:15:00,B,B3,8068.0,7000.0,0.1,1.0,0.0,200.0,26.21,VALID,106.8
2026-08-26 10:15:00,C,C1,8374.0,7000.0,0.1,1.0,0.0,200.0,26.06,VALID,137.4
2026-08-26 10:15:00,C,C2,8427.0,7000.0,0.1,1.0,0.0,200.0,26.62,VALID,142.7
2026-08-26 10:15:00,C,C3,8401.0,7000.0,0.1,1.0,0.0,200.0,26.21,VALID,140.1
2026-08-26 10:15:00,D,D1,7972.0,7000.0,0.1,1.0,0.0,200.0,26.22,VALID,97.2
2026-08-26 10:15:00,D,D2,7996.0,7000.0,0.1,1.0,0.0,200.0,26.07,VALID,99.6
2026-08-26 10:15:00,D,D3,7998.0,7000.0,0.1,1.0,0.0,200.0,26.3,VALID,99.8
2026-08-26 10:30:00,A,A1,8238.0,7000.0,0.1,1.0,0.0,200.0,25.91,VALID,123.8
2026-08-26 10:30:00,A,A2,8252.0,7000.0,0.1,1.0,0.0,200.0,26.43,VALID,125.2
2026-08-26 10:30:00,A,A3,8222.0,7000.0,0.1,1.0,0.0,200.0,26.07,VALID,122.2
2026-08-26 10:30:00,B,B1,8040.0,7000.0,0.1,1.0,0.0,200.0,25.97,VALID,104.0
2026-08-26 10:30:00,B,B2,8063.0,7000.0,0.1,1.0,0.0,200.0,26.15,VALID,106.3
2026-08-26 10:30:00,B,B3,8042.0,7000.0,0.1,1.0,0.0,200.0,26.61,VALID,104.2
2026-08-26 10:30:00,C,C1,8384.0,7000.0,0.1,1.0,0.0,200.0,26.16,VALID,138.4
2026-08-26 10:30:00,C,C2,8422.0,7000.0,0.1,1.0,0.0,200.0,26.09,VALID,142.2
2026-08-26 10:30:00,C,C3,8403.0,7000.0,0.1,1.0,0.0,200.0,26.15,VALID,140.3
2026-08-26 10:30:00,D,D1,7976.0,7000.0,0.1,1.0,0.0,200.0,26.31,VALID,97.6
2026-08-26 10:30:00,D,D2,7996.0,7000.0,0.1,1.0,0.0,200.0,26.29,VALID,99.6
2026-08-26 10:30:00,D,D3,7986.0,7000.0,0.1,1.0,0.0,200.0,26.19,VALID,98.6
2026-08-26 10:45:00,A,A1,8212.0,7000.0,0.1,1.0,0.0,200.0,26.16,VALID,121.2
2026-08-26 10:45:00,A,A2,8239.0,7000.0,0.1,1.0,0.0,200.0,25.93,VALID,123.9
2026-08-26 10:45:00,A,A3,8222.0,7000.0,0.1,1.0,0.0,200.0,25.94,VALID,122.2
2026-08-26 10:45:00,B,B1,8046.0,7000.0,0.1,1.0,0.0,200.0,25.95,VALID,104.6
2026-08-26 10:45:00,B,B2,8056.0,7000.0,0.1,1.0,0.0,200.0,26.12,VALID,105.6
2026-08-26 10:45:00,B,B3,8062.0,7000.0,0.1,1.0,0.0,200.0,26.32,VALID,106.2
2026-08-26 10:45:00,C,C1,8379.0,7000.0,0.1,1.0,0.0,200.0,26.1,VALID,137.9
2026-08-26 10:45:00,C,C2,8409.0,7000.0,0.1,1.0,0.0,200.0,26.13,VALID,140.9
2026-08-26 10:45:00,C,C3,8391.0,7000.0,0.1,1.0,0.0,200.0,25.77,VALID,139.1
2026-08-26 10:45:00,D,D1,7977.0,7000.0,0.1,1.0,0.0,200.0,25.84,VALID,97.7
2026-08-26 10:45:00,D,D2,7985.0,7000.0,0.1,1.0,0.0,200.0,25.87,VALID,98.5
2026-08-26 10:45:00,D,D3,7991.0,7000.0,0.1,1.0,0.0,200.0,25.78,VALID,99.1
2026-08-26 11:00:00,A,A1,8212.0,7000.0,0.1,1.0,0.0,200.0,25.7,VALID,121.2
2026-08-26 11:00:00,A,A2,8242.0,7000.0,0.1,1.0,0.0,200.0,25.95,VALID,124.2
2026-08-26 11:00:00,A,A3,8206.0,7000.0,0.1,1.0,0.0,200.0,25.99,VALID,120.6
2026-08-26 11:00:00,B,B1,8039.0,7000.0,0.1,1.0,0.0,200.0,25.82,VALID,103.9
2026-08-26 11:00:00,B,B2,8051.0,7000.0,0.1,1.0,0.0,200.0,25.85,VALID,105.1
2026-08-26 11:00:00,B,B3,8075.0,7000.0,0.1,1.0,0.0,200.0,25.8,VALID,107.5
2026-08-26 11:00:00,C,C1,8378.0,7000.0,0.1,1.0,0.0,200.0,25.73,VALID,137.8
2026-08-26 11:00:00,C,C2,8411.0,7000.0,0.1,1.0,0.0,200.0,26.07,VALID,141.1
2026-08-26 11:00:00,C,C3,8405.0,7000.0,0.1,1.0,0.0,200.0,25.57,VALID,140.5
2026-08-26 11:00:00,D,D1,7963.0,7000.0,0.1,1.0,0.0,200.0,25.78,VALID,96.3
2026-08-26 11:00:00,D,D2,7999.0,7000.0,0.1,1.0,0.0,200.0,25.55,VALID,99.9
2026-08-26 11:00:00,D,D3,7992.0,7000.0,0.1,1.0,0.0,200.0,25.76,VALID,99.2
2026-08-26 11:15:00,A,A1,8202.0,7000.0,0.1,1.0,0.0,200.0,25.49,VALID,120.2
2026-08-26 11:15:00,A,A2,8248.0,7000.0,0.1,1.0,0.0,200.0,25.31,VALID,124.8
2026-08-26 11:15:00,A,A3,8214.0,7000.0,0.1,1.0,0.0,200.0,25.78,VALID,121.4
2026-08-26 11:15:00,B,B1,8044.0,7000.0,0.1,1.0,0.0,200.0,25.43,VALID,104.4
2026-08-26 11:15:00,B,B2,8066.0,7000.0,0.1,1.0,0.0,200.0,25.79,VALID,106.6
2026-08-26 11:15:00,B,B3,8053.0,7000.0,0.1,1.0,0.0,200.0,25.46,VALID,105.3
2026-08-26 11:15:00,C,C1,8376.0,7000.0,0.1,1.0,0.0,200.0,25.64,VALID,137.6
2026-08-26 11:15:00,C,C2,8410.0,7000.0,0.1,1.0,0.0,200.0,25.85,VALID,141.0
2026-08-26 11:15:00,C,C3,8416.0,7000.0,0.1,1.0,0.0,200.0,25.54,VALID,141.6
2026-08-26 11:15:00,D,D1,7973.0,7000.0,0.1,1.0,0.0,200.0,25.82,VALID,97.3
2026-08-26 11:15:00,D,D2,8006.0,7000.0,0.1,1.0,0.0,200.0,25.9,VALID,100.6
2026-08-26 11:15:00,D,D3,7965.0,7000.0,0.1,1.0,0.0,200.0,25.52,VALID,96.5
2026-08-26 11:30:00,A,A1,8213.0,7000.0,0.1,1.0,0.0,200.0,25.29,VALID,121.3
2026-08-26 11:30:00,A,A2,8246.0,7000.0,0.1,1.0,0.0,200.0,25.72,VALID,124.6
2026-08-26 11:30:00,A,A3,8211.0,7000.0,0.1,1.0,0.0,200.0,25.36,VALID,121.1
2026-08-26 11:30:00,B,B1,8034.0,7000.0,0.1,1.0,0.0,200.0,25.35,VALID,103.4
2026-08-26 11:30:00,B,B2,8053.0,7000.0,0.1,1.0,0.0,200.0,25.58,VALID,105.3
2026-08-26 11:30:00,B,B3,8040.0,7000.0,0.1,1.0,0.0,200.0,24.87,VALID,104.0
2026-08-26 11:30:00,C,C1,8364.0,7000.0,0.1,1.0,0.0,200.0,25.19,VALID,136.4
2026-08-26 11:30:00,C,C2,8414.0,7000.0,0.1,1.0,0.0,200.0,25.43,VALID,141.4
2026-08-26 11:30:00,C,C3,8389.0,7000.0,0.1,1.0,0.0,200.0,25.15,VALID,138.9
2026-08-26 11:30:00,D,D1,7960.0,7000.0,0.1,1.0,0.0,200.0,25.17,VALID,96.0
2026-08-26 11:30:00,D,D2,7981.0,7000.0,0.1,1.0,0.0,200.0,25.27,VALID,98.1
2026-08-26 11:30:00,D,D3,7984.0,7000.0,0.1,1.0,0.0,200.0,25.19,VALID,98.4
2026-08-26 11:45:00,A,A1,8203.0,7000.0,0.1,1.0,0.0,200.0,25.09,VALID,120.3
2026-08-26 11:45:00,A,A2,8236.0,7000.0,0.1,1.0,0.0,200.0,25.17,VALID,123.6
2026-08-26 11:45:00,A,A3,8226.0,7000.0,0.1,1.0,0.0,200.0,24.97,VALID,122.6
2026-08-26 11:45:00,B,B1,8038.0,7000.0,0.1,1.0,0.0,200.0,25.08,VALID,103.8
2026-08-26 11:45:00,B,B2,8042.0,7000.0,0.1,1.0,0.0,200.0,25.18,VALID,104.2
2026-08-26 11:45:00,B,B3,8062.0,7000.0,0.1,1.0,0.0,200.0,25.03,VALID,106.2
2026-08-26 11:45:00,C,C1,8375.0,7000.0,0.1,1.0,0.0,200.0,24.93,VALID,137.5
2026-08-26 11:45:00,C,C2,8405.0,7000.0,0.1,1.0,0.0,200.0,25.04,VALID,140.5
2026-08-26 11:45:00,C,C3,8392.0,7000.0,0.1,1.0,0.0,200.0,25.12,VALID,139.2
2026-08-26 11:45:00,D,D1,7964.0,7000.0,0.1,1.0,0.0,200.0,24.87,VALID,96.4
2026-08-26 11:45:00,D,D2,7979.0,7000.0,0.1,1.0,0.0,200.0,25.3,VALID,97.9
2026-08-26 11:45:00,D,D3,7964.0,7000.0,0.1,1.0,0.0,200.0,25.13,VALID,96.4
2026-08-26 12:00:00,A,A1,8207.0,7000.0,0.1,1.0,0.0,200.0,24.84,VALID,120.7
2026-08-26 12:00:00,A,A2,8229.0,7000.0,0.1,1.0,0.0,200.0,24.7,VALID,122.9
2026-08-26 12:00:00,A,A3,8222.0,7000.0,0.1,1.0,0.0,200.0,25.07,VALID,122.2
2026-08-26 12:00:00,B,B1,8037.0,7000.0,0.1,1.0,0.0,200.0,25.22,VALID,103.7
2026-08-26 12:00:00,B,B2,8048.0,7000.0,0.1,1.0,0.0,200.0,24.88,VALID,104.8
2026-08-26 12:00:00,B,B3,8057.0,7000.0,0.1,1.0,0.0,200.0,25.37,VALID,105.7
2026-08-26 12:00:00,C,C1,8368.0,7000.0,0.1,1.0,0.0,200.0,24.98,VALID,136.8
2026-08-26 12:00:00,C,C2,8426.0,7000.0,0.1,1.0,0.0,200.0,24.98,VALID,142.6
2026-08-26 12:00:00,C,C3,8400.0,7000.0,0.1,1.0,0.0,200.0,25.16,VALID,140.0
2026-08-26 12:00:00,D,D1,7959.0,7000.0,0.1,1.0,0.0,200.0,25.08,VALID,95.9
2026-08-26 12:00:00,D,D2,7982.0,7000.0,0.1,1.0,0.0,200.0,24.76,VALID,98.2
2026-08-26 12:00:00,D,D3,7965.0,7000.0,0.1,1.0,0.0,200.0,24.87,VALID,96.5
2026-08-26 12:15:00,A,A1,8211.0,7000.0,0.1,1.0,0.0,200.0,25.0,VALID,121.1
2026-08-26 12:15:00,A,A2,8231.0,7000.0,0.1,1.0,0.0,200.0,24.89,VALID,123.1
2026-08-26 12:15:00,A,A3,8216.0,7000.0,0.1,1.0,0.0,200.0,24.86,VALID,121.6
2026-08-26 12:15:00,B,B1,6800.0,7000.0,0.1,1.0,0.0,200.0,24.9,VALID,-20.0
2026-08-26 12:15:00,B,B2,8037.0,7000.0,0.1,1.0,0.0,200.0,24.65,VALID,103.7
2026-08-26 12:15:00,B,B3,8033.0,7000.0,0.1,1.0,0.0,200.0,25.03,VALID,103.3
2026-08-26 12:15:00,C,C1,8387.0,7000.0,0.1,1.0,0.0,200.0,24.37,VALID,138.7
2026-08-26 12:15:00,C,C2,8428.0,7000.0,0.1,1.0,0.0,200.0,24.82,VALID,142.8
2026-08-26 12:15:00,C,C3,8401.0,7000.0,0.1,1.0,0.0,200.0,24.91,VALID,140.1
2026-08-26 12:15:00,D,D1,7975.0,7000.0,0.1,1.0,0.0,200.0,24.85,VALID,97.5
2026-08-26 12:15:00,D,D2,7968.0,7000.0,0.1,1.0,0.0,200.0,24.78,VALID,96.8
2026-08-26 12:15:00,D,D3,7977.0,7000.0,0.1,1.0,0.0,200.0,24.76,VALID,97.7
2026-08-26 12:30:00,A,A1,8206.0,7000.0,0.1,1.0,0.0,200.0,24.6,VALID,120.6
2026-08-26 12:30:00,A,A2,8217.0,7000.0,0.1,1.0,0.0,200.0,24.39,VALID,121.7
2026-08-26 12:30:00,A,A3,8207.0,7000.0,0.1,1.0,0.0,200.0,24.65,VALID,120.7
2026-08-26 12:30:00,B,B1,6800.0,7000.0,0.1,1.0,0.0,200.0,24.45,VALID,-20.0
2026-08-26 12:30:00,B,B2,8029.0,7000.0,0.1,1.0,0.0,200.0,24.49,VALID,102.9
2026-08-26 12:30:00,B,B3,8051.0,7000.0,0.1,1.0,0.0,200.0,24.37,VALID,105.1
2026-08-26 12:30:00,C,C1,8377.0,7000.0,0.1,1.0,0.0,200.0,25.18,VALID,137.7
2026-08-26 12:30:00,C,C2,8425.0,7000.0,0.1,1.0,0.0,200.0,24.64,VALID,142.5
2026-08-26 12:30:00,C,C3,8398.0,7000.0,0.1,1.0,0.0,200.0,24.33,VALID,139.8
2026-08-26 12:30:00,D,D1,7946.0,7000.0,0.1,1.0,0.0,200.0,24.61,VALID,94.6
2026-08-26 12:30:00,D,D2,7982.0,7000.0,0.1,1.0,0.0,200.0,24.83,VALID,98.2
2026-08-26 12:30:00,D,D3,7965.0,7000.0,0.1,1.0,0.0,200.0,24.65,VALID,96.5
2026-08-26 12:45:00,A,A1,8200.0,7000.0,0.1,1.0,0.0,200.0,24.39,VALID,120.0
2026-08-26 12:45:00,A,A2,8220.0,7000.0,0.1,1.0,0.0,200.0,24.24,VALID,122.0
2026-08-26 12:45:00,A,A3,8211.0,7000.0,0.1,1.0,0.0,200.0,24.45,VALID,121.1
2026-08-26 12:45:00,B,B1,6800.0,7000.0,0.1,1.0,0.0,200.0,24.55,VALID,-20.0
2026-08-26 12:45:00,B,B2,8054.0,7000.0,0.1,1.0,0.0,200.0,24.55,VALID,105.4
2026-08-26 12:45:00,B,B3,8029.0,7000.0,0.1,1.0,0.0,200.0,24.43,VALID,102.9
2026-08-26 12:45:00,C,C1,8360.0,7000.0,0.1,1.0,0.0,200.0,24.43,VALID,136.0
2026-08-26 12:45:00,C,C2,8402.0,7000.0,0.1,1.0,0.0,200.0,24.67,VALID,140.2
2026-08-26 12:45:00,C,C3,8395.0,7000.0,0.1,1.0,0.0,200.0,24.65,VALID,139.5
2026-08-26 12:45:00,D,D1,7968.0,7000.0,0.1,1.0,0.0,200.0,24.36,VALID,96.8
2026-08-26 12:45:00,D,D2,7972.0,7000.0,0.1,1.0,0.0,200.0,24.76,VALID,97.2
2026-08-26 12:45:00,D,D3,7967.0,7000.0,0.1,1.0,0.0,200.0,24.14,VALID,96.7
2026-08-26 13:00:00,A,A1,8205.0,7000.0,0.1,1.0,0.0,200.0,24.25,VALID,120.5
2026-08-26 13:00:00,A,A2,8232.0,7000.0,0.1,1.0,0.0,200.0,24.27,VALID,123.2
2026-08-26 13:00:00,A,A3,8206.0,7000.0,0.1,1.0,0.0,200.0,24.53,VALID,120.6
2026-08-26 13:00:00,B,B1,6800.0,7000.0,0.1,1.0,0.0,200.0,24.11,VALID,-20.0
2026-08-26 13:00:00,B,B2,8035.0,7000.0,0.1,1.0,0.0,200.0,23.78,VALID,103.5
2026-08-26 13:00:00,B,B3,8044.0,7000.0,0.1,1.0,0.0,200.0,24.11,VALID,104.4
2026-08-26 13:00:00,C,C1,8374.0,7000.0,0.1,1.0,0.0,200.0,24.3,VALID,137.4
2026-08-26 13:00:00,C,C2,8414.0,7000.0,0.1,1.0,0.0,200.0,24.13,VALID,141.4
2026-08-26 13:00:00,C,C3,8379.0,7000.0,0.1,1.0,0.0,200.0,24.24,VALID,137.9
2026-08-26 13:00:00,D,D1,7965.0,7000.0,0.1,1.0,0.0,200.0,24.21,VALID,96.5
2026-08-26 13:00:00,D,D2,7968.0,7000.0,0.1,1.0,0.0,200.0,23.98,VALID,96.8
2026-08-26 13:00:00,D,D3,7968.0,7000.0,0.1,1.0,0.0,200.0,24.11,VALID,96.8
2026-08-26 13:15:00,A,A1,8194.0,7000.0,0.1,1.0,0.0,200.0,23.99,VALID,119.4
2026-08-26 13:15:00,A,A2,8212.0,7000.0,0.1,1.0,0.0,200.0,24.09,VALID,121.2
2026-08-26 13:15:00,A,A3,8209.0,7000.0,0.1,1.0,0.0,200.0,24.43,VALID,120.9
2026-08-26 13:15:00,B,B1,6800.0,7000.0,0.1,1.0,0.0,200.0,24.35,VALID,-20.0
2026-08-26 13:15:00,B,B2,8034.0,7000.0,0.1,1.0,0.0,200.0,23.72,VALID,103.4
2026-08-26 13:15:00,B,B3,8034.0,7000.0,0.1,1.0,0.0,200.0,24.21,VALID,103.4
2026-08-26 13:15:00,C,C1,8371.0,7000.0,0.1,1.0,0.0,200.0,24.28,VALID,137.1
2026-08-26 13:15:00,C,C2,8383.0,7000.0,0.1,1.0,0.0,200.0,24.29,VALID,138.3
2026-08-26 13:15:00,C,C3,8387.0,7000.0,0.1,1.0,0.0,200.0,23.73,VALID,138.7
2026-08-26 13:15:00,D,D1,7961.0,7000.0,0.1,1.0,0.0,200.0,24.07,VALID,96.1
2026-08-26 13:15:00,D,D2,7976.0,7000.0,0.1,1.0,0.0,200.0,24.24,VALID,97.6
2026-08-26 13:15:00,D,D3,7968.0,7000.0,0.1,1.0,0.0,200.0,23.74,VALID,96.8
2026-08-26 13:30:00,A,A1,8191.0,7000.0,0.1,1.0,0.0,200.0,23.53,VALID,119.1
2026-08-26 13:30:00,A,A2,8220.0,7000.0,0.1,1.0,0.0,200.0,24.13,VALID,122.0
2026-08-26 13:30:00,A,A3,8191.0,7000.0,0.1,1.0,0.0,200.0,23.72,VALID,119.1
2026-08-26 13:30:00,B,B1,6800.0,7000.0,0.1,1.0,0.0,200.0,23.76,VALID,-20.0
2026-08-26 13:30:00,B,B2,8043.0,7000.0,0.1,1.0,0.0,200.0,23.76,VALID,104.3
2026-08-26 13:30:00,B,B3,8038.0,7000.0,0.1,1.0,0.0,200.0,24.07,VALID,103.8
2026-08-26 13:30:00,C,C1,8372.0,7000.0,0.1,1.0,0.0,200.0,23.63,VALID,137.2
2026-08-26 13:30:00,C,C2,8417.0,7000.0,0.1,1.0,0.0,200.0,24.15,VALID,141.7
2026-08-26 13:30:00,C,C3,8396.0,7000.0,0.1,1.0,0.0,200.0,23.82,VALID,139.6
2026-08-26 13:30:00,D,D1,7946.0,7000.0,0.1,1.0,0.0,200.0,23.66,VALID,94.6
2026-08-26 13:30:00,D,D2,7960.0,7000.0,0.1,1.0,0.0,200.0,23.85,VALID,96.0
2026-08-26 13:30:00,D,D3,7970.0,7000.0,0.1,1.0,0.0,200.0,24.11,VALID,97.0
2026-08-26 13:45:00,A,A1,8186.0,7000.0,0.1,1.0,0.0,200.0,23.67,VALID,118.6
2026-08-26 13:45:00,A,A2,8212.0,7000.0,0.1,1.0,0.0,200.0,23.55,VALID,121.2
2026-08-26 13:45:00,A,A3,8207.0,7000.0,0.1,1.0,0.0,200.0,23.75,VALID,120.7
2026-08-26 13:45:00,B,B1,6800.0,7000.0,0.1,1.0,0.0,200.0,23.74,VALID,-20.0
2026-08-26 13:45:00,B,B2,8043.0,7000.0,0.1,1.0,0.0,200.0,23.79,VALID,104.3
2026-08-26 13:45:00,B,B3,8023.0,7000.0,0.1,1.0,0.0,200.0,23.85,VALID,102.3
2026-08-26 13:45:00,C,C1,8363.0,7000.0,0.1,1.0,0.0,200.0,23.59,VALID,136.3
2026-08-26 13:45:00,C,C2,8405.0,7000.0,0.1,1.0,0.0,200.0,23.74,VALID,140.5
2026-08-26 13:45:00,C,C3,8390.0,7000.0,0.1,1.0,0.0,200.0,23.46,VALID,139.0
2026-08-26 13:45:00,D,D1,7962.0,7000.0,0.1,1.0,0.0,200.0,23.68,VALID,96.2
2026-08-26 13:45:00,D,D2,7964.0,7000.0,0.1,1.0,0.0,200.0,23.57,VALID,96.4
2026-08-26 13:45:00,D,D3,7952.0,7000.0,0.1,1.0,0.0,200.0,23.32,VALID,95.2
2026-08-26 14:00:00,A,A1,8195.0,7000.0,0.1,1.0,0.0,200.0,23.9,VALID,119.5
2026-08-26 14:00:00,A,A2,8196.0,7000.0,0.1,1.0,0.0,200.0,23.31,VALID,119.6
2026-08-26 14:00:00,A,A3,8205.0,7000.0,0.1,1.0,0.0,200.0,23.49,VALID,120.5
2026-08-26 14:00:00,B,B1,6800.0,7000.0,0.1,1.0,0.0,200.0,23.48,VALID,-20.0
2026-08-26 14:00:00,B,B2,8030.0,7000.0,0.1,1.0,0.0,200.0,23.45,VALID,103.0
2026-08-26 14:00:00,B,B3,8007.0,7000.0,0.1,1.0,0.0,200.0,23.27,VALID,100.7
2026-08-26 14:00:00,C,C1,8367.0,7000.0,0.1,1.0,0.0,200.0,23.74,VALID,136.7
2026-08-26 14:00:00,C,C2,8413.0,7000.0,0.1,1.0,0.0,200.0,23.59,VALID,141.3
2026-08-26 14:00:00,C,C3,8358.0,7000.0,0.1,1.0,0.0,200.0,23.37,VALID,135.8
2026-08-26 14:00:00,D,D1,7961.0,7000.0,0.1,1.0,0.0,200.0,23.82,VALID,96.1
2026-08-26 14:00:00,D,D2,7979.0,7000.0,0.1,1.0,0.0,200.0,23.45,VALID,97.9
2026-08-26 14:00:00,D,D3,7947.0,7000.0,0.1,1.0,0.0,200.0,23.49,VALID,94.7
2026-08-26 14:15:00,A,A1,8187.0,7000.0,0.1,1.0,0.0,200.0,23.65,VALID,118.7
2026-08-26 14:15:00,A,A2,8211.0,7000.0,0.1,1.0,0.0,200.0,23.34,VALID,121.1
2026-08-26 14:15:00,A,A3,8198.0,7000.0,0.1,1.0,0.0,200.0,23.41,VALID,119.8
2026-08-26 14:15:00,B,B1,6800.0,7000.0,0.1,1.0,0.0,200.0,23.19,VALID,-20.0
2026-08-26 14:15:00,B,B2,8024.0,7000.0,0.1,1.0,0.0,200.0,23.61,VALID,102.4
2026-08-26 14:15:00,B,B3,8012.0,7000.0,0.1,1.0,0.0,200.0,23.66,VALID,101.2
2026-08-26 14:15:00,C,C1,8340.0,7000.0,0.1,1.0,0.0,200.0,23.22,VALID,134.0
2026-08-26 14:15:00,C,C2,8408.0,7000.0,0.1,1.0,0.0,200.0,23.33,VALID,140.8
2026-08-26 14:15:00,C,C3,8365.0,7000.0,0.1,1.0,0.0,200.0,23.42,VALID,136.5
2026-08-26 14:15:00,D,D1,7948.0,7000.0,0.1,1.0,0.0,200.0,23.29,VALID,94.8
2026-08-26 14:15:00,D,D2,7959.0,7000.0,0.1,1.0,0.0,200.0,23.33,VALID,95.9
2026-08-26 14:15:00,D,D3,7952.0,7000.0,0.1,1.0,0.0,200.0,23.82,VALID,95.2
2026-08-26 14:30:00,A,A1,8183.0,7000.0,0.1,1.0,0.0,200.0,23.1,VALID,118.3
2026-08-26 14:30:00,A,A2,8202.0,7000.0,0.1,1.0,0.0,200.0,23.53,VALID,120.2
2026-08-26 14:30:00,A,A3,8181.0,7000.0,0.1,1.0,0.0,200.0,23.25,VALID,118.1
2026-08-26 14:30:00,B,B1,6800.0,7000.0,0.1,1.0,0.0,200.0,22.89,VALID,-20.0
2026-08-26 14:30:00,B,B2,8025.0,7000.0,0.1,1.0,0.0,200.0,23.24,VALID,102.5
2026-08-26 14:30:00,B,B3,8017.0,7000.0,0.1,1.0,0.0,200.0,23.23,VALID,101.7
2026-08-26 14:30:00,C,C1,8371.0,7000.0,0.1,1.0,0.0,200.0,23.21,VALID,137.1
2026-08-26 14:30:00,C,C2,8384.0,7000.0,0.1,1.0,0.0,200.0,23.0,VALID,138.4
2026-08-26 14:30:00,C,C3,8373.0,7000.0,0.1,1.0,0.0,200.0,23.1,VALID,137.3
2026-08-26 14:30:00,D,D1,7947.0,7000.0,0.1,1.0,0.0,200.0,23.24,VALID,94.7
2026-08-26 14:30:00,D,D2,7979.0,7000.0,0.1,1.0,0.0,200.0,23.17,VALID,97.9
2026-08-26 14:30:00,D,D3,7945.0,7000.0,0.1,1.0,0.0,200.0,23.4,VALID,94.5
2026-08-26 14:45:00,A,A1,8195.0,7000.0,0.1,1.0,0.0,200.0,23.07,VALID,119.5
2026-08-26 14:45:00,A,A2,8203.0,7000.0,0.1,1.0,0.0,200.0,23.15,VALID,120.3
2026-08-26 14:45:00,A,A3,8192.0,7000.0,0.1,1.0,0.0,200.0,22.61,VALID,119.2
2026-08-26 14:45:00,B,B1,6800.0,7000.0,0.1,1.0,0.0,200.0,23.2,VALID,-20.0
2026-08-26 14:45:00,B,B2,8044.0,7000.0,0.1,1.0,0.0,200.0,22.88,VALID,104.4
2026-08-26 14:45:00,B,B3,8026.0,7000.0,0.1,1.0,0.0,200.0,23.07,VALID,102.6
2026-08-26 14:45:00,C,C1,8354.0,7000.0,0.1,1.0,0.0,200.0,23.04,VALID,135.4
2026-08-26 14:45:00,C,C2,8396.0,7000.0,0.1,1.0,0.0,200.0,23.06,VALID,139.6
2026-08-26 14:45:00,C,C3,8380.0,7000.0,0.1,1.0,0.0,200.0,23.27,VALID,138.0
2026-08-26 14:45:00,D,D1,7937.0,7000.0,0.1,1.0,0.0,200.0,22.99,VALID,93.7
2026-08-26 14:45:00,D,D2,7958.0,7000.0,0.1,1.0,0.0,200.0,22.91,VALID,95.8
2026-08-26 14:45:00,D,D3,7939.0,7000.0,0.1,1.0,0.0,200.0,23.03,VALID,93.9
2026-08-26 15:00:00,A,A1,8186.0,7000.0,0.1,1.0,0.0,200.0,22.85,VALID,118.6
2026-08-26 15:00:00,A,A2,8204.0,7000.0,0.1,1.0,0.0,200.0,22.96,VALID,120.4
2026-08-26 15:00:00,A,A3,8205.0,7000.0,0.1,1.0,0.0,200.0,22.79,VALID,120.5
2026-08-26 15:00:00,B,B1,8004.0,7000.0,0.1,1.0,0.0,200.0,22.86,VALID,100.4
2026-08-26 15:00:00,B,B2,8046.0,7000.0,0.1,1.0,0.0,200.0,22.65,VALID,104.6
2026-08-26 15:00:00,B,B3,8028.0,7000.0,0.1,1.0,0.0,200.0,23.11,VALID,102.8
2026-08-26 15:00:00,C,C1,8331.0,7000.0,0.1,1.0,0.0,200.0,22.96,VALID,133.1
2026-08-26 15:00:00,C,C2,8400.0,7000.0,0.1,1.0,0.0,200.0,22.83,VALID,140.0
2026-08-26 15:00:00,C,C3,8366.0,7000.0,0.1,1.0,0.0,200.0,22.76,VALID,136.6
2026-08-26 15:00:00,D,D1,7939.0,7000.0,0.1,1.0,0.0,200.0,22.82,VALID,93.9
2026-08-26 15:00:00,D,D2,7956.0,7000.0,0.1,1.0,0.0,200.0,22.81,VALID,95.6
2026-08-26 15:00:00,D,D3,7963.0,7000.0,0.1,1.0,0.0,200.0,22.64,VALID,96.3
2026-08-26 15:15:00,A,A1,8165.0,7000.0,0.1,1.0,0.0,200.0,22.99,VALID,116.5
2026-08-26 15:15:00,A,A2,8201.0,7000.0,0.1,1.0,0.0,200.0,22.67,VALID,120.1
2026-08-26 15:15:00,A,A3,8190.0,7000.0,0.1,1.0,0.0,200.0,22.79,VALID,119.0
2026-08-26 15:15:00,B,B1,8008.0,7000.0,0.1,1.0,0.0,200.0,22.85,VALID,100.8
2026-08-26 15:15:00,B,B2,8019.0,7000.0,0.1,1.0,0.0,200.0,22.68,VALID,101.9
2026-08-26 15:15:00,B,B3,8001.0,7000.0,0.1,1.0,0.0,200.0,22.98,VALID,100.1
2026-08-26 15:15:00,C,C1,8349.0,7000.0,0.1,1.0,0.0,200.0,22.88,VALID,134.9
2026-08-26 15:15:00,C,C2,8397.0,7000.0,0.1,1.0,0.0,200.0,22.85,VALID,139.7
2026-08-26 15:15:00,C,C3,8371.0,7000.0,0.1,1.0,0.0,200.0,22.82,VALID,137.1
2026-08-26 15:15:00,D,D1,7932.0,7000.0,0.1,1.0,0.0,200.0,22.51,VALID,93.2
2026-08-26 15:15:00,D,D2,7958.0,7000.0,0.1,1.0,0.0,200.0,22.61,VALID,95.8
2026-08-26 15:15:00,D,D3,7964.0,7000.0,0.1,1.0,0.0,200.0,22.82,VALID,96.4
2026-08-26 15:30:00,A,A1,8173.0,7000.0,0.1,1.0,0.0,200.0,22.57,VALID,117.3
2026-08-26 15:30:00,A,A2,8203.0,7000.0,0.1,1.0,0.0,200.0,22.61,VALID,120.3
2026-08-26 15:30:00,A,A3,8192.0,7000.0,0.1,1.0,0.0,200.0,22.63,VALID,119.2
2026-08-26 15:30:00,B,B1,7999.0,7000.0,0.1,1.0,0.0,200.0,22.19,VALID,99.9
2026-08-26 15:30:00,B,B2,8023.0,7000.0,0.1,1.0,0.0,200.0,22.73,VALID,102.3
2026-08-26 15:30:00,B,B3,8016.0,7000.0,0.1,1.0,0.0,200.0,22.87,VALID,101.6
2026-08-26 15:30:00,C,C1,8349.0,7000.0,0.1,1.0,0.0,200.0,22.89,VALID,134.9
2026-08-26 15:30:00,C,C2,8402.0,7000.0,0.1,1.0,0.0,200.0,22.83,VALID,140.2
2026-08-26 15:30:00,C,C3,8359.0,7000.0,0.1,1.0,0.0,200.0,22.62,VALID,135.9
2026-08-26 15:30:00,D,D1,7950.0,7000.0,0.1,1.0,0.0,200.0,22.67,VALID,95.0
2026-08-26 15:30:00,D,D2,7962.0,7000.0,0.1,1.0,0.0,200.0,22.34,VALID,96.2
2026-08-26 15:30:00,D,D3,7967.0,7000.0,0.1,1.0,0.0,200.0,22.46,VALID,96.7
2026-08-26 15:45:00,A,A1,8160.0,7000.0,0.1,1.0,0.0,200.0,22.44,VALID,116.0
2026-08-26 15:45:00,A,A2,8178.0,7000.0,0.1,1.0,0.0,200.0,22.29,VALID,117.8
2026-08-26 15:45:00,A,A3,8211.0,7000.0,0.1,1.0,0.0,200.0,22.43,VALID,121.1
2026-08-26 15:45:00,B,B1,7997.0,7000.0,0.1,1.0,0.0,200.0,22.51,VALID,99.7
2026-08-26 15:45:00,B,B2,8017.0,7000.0,0.1,1.0,0.0,200.0,22.68,VALID,101.7
2026-08-26 15:45:00,B,B3,8010.0,7000.0,0.1,1.0,0.0,200.0,22.56,VALID,101.0
2026-08-26 15:45:00,C,C1,8338.0,7000.0,0.1,1.0,0.0,200.0,23.03,VALID,133.8
2026-08-26 15:45:00,C,C2,8395.0,7000.0,0.1,1.0,0.0,200.0,22.48,VALID,139.5
2026-08-26 15:45:00,C,C3,8366.0,7000.0,0.1,1.0,0.0,200.0,22.39,VALID,136.6
2026-08-26 15:45:00,D,D1,7931.0,7000.0,0.1,1.0,0.0,200.0,22.35,VALID,93.1
2026-08-26 15:45:00,D,D2,7971.0,7000.0,0.1,1.0,0.0,200.0,22.4,VALID,97.1
2026-08-26 15:45:00,D,D3,7929.0,7000.0,0.1,1.0,0.0,200.0,22.27,VALID,92.9
2026-08-26 16:00:00,A,A1,8185.0,7000.0,0.1,1.0,0.0,200.0,22.35,VALID,118.5
2026-08-26 16:00:00,A,A2,8198.0,7000.0,0.1,1.0,0.0,200.0,22.64,VALID,119.8
2026-08-26 16:00:00,A,A3,8180.0,7000.0,0.1,1.0,0.0,200.0,22.53,VALID,118.0
2026-08-26 16:00:00,B,B1,8003.0,7000.0,0.1,1.0,0.0,200.0,22.52,VALID,100.3
2026-08-26 16:00:00,B,B2,8020.0,7000.0,0.1,1.0,0.0,200.0,22.35,VALID,102.0
2026-08-26 16:00:00,B,B3,8024.0,7000.0,0.1,1.0,0.0,200.0,22.55,VALID,102.4
2026-08-26 16:00:00,C,C1,8346.0,7000.0,0.1,1.0,0.0,200.0,22.31,VALID,134.6
2026-08-26 16:00:00,C,C2,8403.0,7000.0,0.1,1.0,0.0,200.0,22.52,VALID,140.3
2026-08-26 16:00:00,C,C3,8363.0,7000.0,0.1,1.0,0.0,200.0,22.27,VALID,136.3
2026-08-26 16:00:00,D,D1,7946.0,7000.0,0.1,1.0,0.0,200.0,22.43,VALID,94.6
2026-08-26 16:00:00,D,D2,7954.0,7000.0,0.1,1.0,0.0,200.0,22.42,VALID,95.4
2026-08-26 16:00:00,D,D3,7950.0,7000.0,0.1,1.0,0.0,200.0,22.39,VALID,95.0
2026-08-26 16:15:00,A,A1,8187.0,7000.0,0.1,1.0,0.0,200.0,22.56,VALID,118.7
2026-08-26 16:15:00,A,A2,8203.0,7000.0,0.1,1.0,0.0,200.0,22.58,VALID,120.3
2026-08-26 16:15:00,A,A3,8186.0,7000.0,0.1,1.0,0.0,200.0,22.45,VALID,118.6
2026-08-26 16:15:00,B,B1,8017.0,7000.0,0.1,1.0,0.0,200.0,22.51,VALID,101.7
2026-08-26 16:15:00,B,B2,8031.0,7000.0,0.1,1.0,0.0,200.0,22.44,VALID,103.1
2026-08-26 16:15:00,B,B3,8034.0,7000.0,0.1,1.0,0.0,200.0,22.2,VALID,103.4
2026-08-26 16:15:00,C,C1,8345.0,7000.0,0.1,1.0,0.0,200.0,22.27,VALID,134.5
2026-08-26 16:15:00,C,C2,8385.0,7000.0,0.1,1.0,0.0,200.0,21.91,VALID,138.5
2026-08-26 16:15:00,C,C3,8378.0,7000.0,0.1,1.0,0.0,200.0,22.1,VALID,137.8
2026-08-26 16:15:00,D,D1,7938.0,7000.0,0.1,1.0,0.0,200.0,22.03,VALID,93.8
2026-08-26 16:15:00,D,D2,7960.0,7000.0,0.1,1.0,0.0,200.0,22.15,VALID,96.0
2026-08-26 16:15:00,D,D3,7936.0,7000.0,0.1,1.0,0.0,200.0,22.35,VALID,93.6
2026-08-26 16:30:00,A,A1,8169.0,7000.0,0.1,1.0,0.0,200.0,22.11,VALID,116.9
2026-08-26 16:30:00,A,A2,8199.0,7000.0,0.1,1.0,0.0,200.0,22.39,VALID,119.9
2026-08-26 16:30:00,A,A3,8178.0,7000.0,0.1,1.0,0.0,200.0,22.03,VALID,117.8
2026-08-26 16:30:00,B,B1,8007.0,7000.0,0.1,1.0,0.0,200.0,22.34,VALID,100.7
2026-08-26 16:30:00,B,B2,8035.0,7000.0,0.1,1.0,0.0,200.0,22.01,VALID,103.5
2026-08-26 16:30:00,B,B3,8012.0,7000.0,0.1,1.0,0.0,200.0,22.46,VALID,101.2
2026-08-26 16:30:00,C,C1,8363.0,7000.0,0.1,1.0,0.0,200.0,22.03,VALID,136.3
2026-08-26 16:30:00,C,C2,8380.0,7000.0,0.1,1.0,0.0,200.0,22.3,VALID,138.0
2026-08-26 16:30:00,C,C3,8360.0,7000.0,0.1,1.0,0.0,200.0,22.08,VALID,136.0
2026-08-26 16:30:00,D,D1,7937.0,7000.0,0.1,1.0,0.0,200.0,22.54,VALID,93.7
2026-08-26 16:30:00,D,D2,7941.0,7000.0,0.1,1.0,0.0,200.0,22.53,VALID,94.1
2026-08-26 16:30:00,D,D3,7940.0,7000.0,0.1,1.0,0.0,200.0,22.3,VALID,94.0
2026-08-26 16:45:00,A,A1,8189.0,7000.0,0.1,1.0,0.0,200.0,22.22,VALID,118.9
2026-08-26 16:45:00,A,A2,8194.0,7000.0,0.1,1.0,0.0,200.0,22.3,VALID,119.4
2026-08-26 16:45:00,A,A3,8183.0,7000.0,0.1,1.0,0.0,200.0,22.26,VALID,118.3
2026-08-26 16:45:00,B,B1,8004.0,7000.0,0.1,1.0,0.0,200.0,22.33,VALID,100.4
2026-08-26 16:45:00,B,B2,8009.0,7000.0,0.1,1.0,0.0,200.0,21.96,VALID,100.9
2026-08-26 16:45:00,B,B3,8002.0,7000.0,0.1,1.0,0.0,200.0,22.15,VALID,100.2
2026-08-26 16:45:00,C,C1,8331.0,7000.0,0.1,1.0,0.0,200.0,22.02,VALID,133.1
2026-08-26 16:45:00,C,C2,8376.0,7000.0,0.1,1.0,0.0,200.0,22.46,VALID,137.6
2026-08-26 16:45:00,C,C3,8355.0,7000.0,0.1,1.0,0.0,200.0,21.9,VALID,135.5
2026-08-26 16:45:00,D,D1,7937.0,7000.0,0.1,1.0,0.0,200.0,22.5,VALID,93.7
2026-08-26 16:45:00,D,D2,7951.0,7000.0,0.1,1.0,0.0,200.0,22.15,VALID,95.1
2026-08-26 16:45:00,D,D3,7956.0,7000.0,0.1,1.0,0.0,200.0,22.33,VALID,95.6
2026-08-26 17:00:00,A,A1,8177.0,7000.0,0.1,1.0,0.0,200.0,21.99,VALID,117.7
2026-08-26 17:00:00,A,A2,8200.0,7000.0,0.1,1.0,0.0,200.0,21.83,VALID,120.0
2026-08-26 17:00:00,A,A3,8178.0,7000.0,0.1,1.0,0.0,200.0,22.39,VALID,117.8
2026-08-26 17:00:00,B,B1,8017.0,7000.0,0.1,1.0,0.0,200.0,22.19,VALID,101.7
2026-08-26 17:00:00,B,B2,8003.0,7000.0,0.1,1.0,0.0,200.0,21.86,VALID,100.3
2026-08-26 17:00:00,B,B3,8007.0,7000.0,0.1,1.0,0.0,200.0,22.07,VALID,100.7
2026-08-26 17:00:00,C,C1,8332.0,7000.0,0.1,1.0,0.0,200.0,22.05,VALID,133.2
2026-08-26 17:00:00,C,C2,8402.0,7000.0,0.1,1.0,0.0,200.0,22.18,VALID,140.2
2026-08-26 17:00:00,C,C3,8366.0,7000.0,0.1,1.0,0.0,200.0,21.9,VALID,136.6
2026-08-26 17:00:00,D,D1,7919.0,7000.0,0.1,1.0,0.0,200.0,21.86,VALID,91.9
2026-08-26 17:00:00,D,D2,7936.0,7000.0,0.1,1.0,0.0,200.0,22.12,VALID,93.6
2026-08-26 17:00:00,D,D3,7947.0,7000.0,0.1,1.0,0.0,200.0,21.91,VALID,94.7
2026-08-26 17:15:00,A,A1,8174.0,7000.0,0.1,1.0,0.0,200.0,22.35,VALID,117.4
2026-08-26 17:15:00,A,A2,8213.0,7000.0,0.1,1.0,0.0,200.0,22.21,VALID,121.3
2026-08-26 17:15:00,A,A3,8181.0,7000.0,0.1,1.0,0.0,200.0,22.21,VALID,118.1
2026-08-26 17:15:00,B,B1,8017.0,7000.0,0.1,1.0,0.0,200.0,21.66,VALID,101.7
2026-08-26 17:15:00,B,B2,8033.0,7000.0,0.1,1.0,0.0,200.0,21.95,VALID,103.3
2026-08-26 17:15:00,B,B3,8008.0,7000.0,0.1,1.0,0.0,200.0,21.99,VALID,100.8
2026-08-26 17:15:00,C,C1,8346.0,7000.0,0.1,1.0,0.0,200.0,21.84,VALID,134.6
2026-08-26 17:15:00,C,C2,8382.0,7000.0,0.1,1.0,0.0,200.0,22.16,VALID,138.2
2026-08-26 17:15:00,C,C3,10500.0,7000.0,0.1,1.0,0.0,200.0,22.13,VALID,350.0
2026-08-26 17:15:00,D,D1,7930.0,7000.0,0.1,1.0,0.0,200.0,22.2,VALID,93.0
2026-08-26 17:15:00,D,D2,7961.0,7000.0,0.1,1.0,0.0,200.0,22.26,VALID,96.1
2026-08-26 17:15:00,D,D3,7947.0,7000.0,0.1,1.0,0.0,200.0,22.25,VALID,94.7
2026-08-26 17:30:00,A,A1,8180.0,7000.0,0.1,1.0,0.0,200.0,22.56,VALID,118.0
2026-08-26 17:30:00,A,A2,8206.0,7000.0,0.1,1.0,0.0,200.0,22.01,VALID,120.6
2026-08-26 17:30:00,A,A3,8174.0,7000.0,0.1,1.0,0.0,200.0,21.97,VALID,117.4
2026-08-26 17:30:00,B,B1,8002.0,7000.0,0.1,1.0,0.0,200.0,22.13,VALID,100.2
2026-08-26 17:30:00,B,B2,8013.0,7000.0,0.1,1.0,0.0,200.0,22.26,VALID,101.3
2026-08-26 17:30:00,B,B3,8000.0,7000.0,0.1,1.0,0.0,200.0,21.7,VALID,100.0
2026-08-26 17:30:00,C,C1,8341.0,7000.0,0.1,1.0,0.0,200.0,21.86,VALID,134.1
2026-08-26 17:30:00,C,C2,8373.0,7000.0,0.1,1.0,0.0,200.0,21.9,VALID,137.3
2026-08-26 17:30:00,C,C3,10500.0,7000.0,0.1,1.0,0.0,200.0,22.03,VALID,350.0
2026-08-26 17:30:00,D,D1,7927.0,7000.0,0.1,1.0,0.0,200.0,21.92,VALID,92.7
2026-08-26 17:30:00,D,D2,7951.0,7000.0,0.1,1.0,0.0,200.0,22.23,VALID,95.1
2026-08-26 17:30:00,D,D3,7956.0,7000.0,0.1,1.0,0.0,200.0,22.06,VALID,95.6
2026-08-26 17:45:00,A,A1,8174.0,7000.0,0.1,1.0,0.0,200.0,21.97,VALID,117.4
2026-08-26 17:45:00,A,A2,8199.0,7000.0,0.1,1.0,0.0,200.0,22.08,VALID,119.9
2026-08-26 17:45:00,A,A3,8194.0,7000.0,0.1,1.0,0.0,200.0,21.63,VALID,119.4
2026-08-26 17:45:00,B,B1,8002.0,7000.0,0.1,1.0,0.0,200.0,22.07,VALID,100.2
2026-08-26 17:45:00,B,B2,8019.0,7000.0,0.1,1.0,0.0,200.0,21.82,VALID,101.9
2026-08-26 17:45:00,B,B3,8001.0,7000.0,0.1,1.0,0.0,200.0,22.17,VALID,100.1
2026-08-26 17:45:00,C,C1,8336.0,7000.0,0.1,1.0,0.0,200.0,21.66,VALID,133.6
2026-08-26 17:45:00,C,C2,8392.0,7000.0,0.1,1.0,0.0,200.0,22.1,VALID,139.2
2026-08-26 17:45:00,C,C3,10500.0,7000.0,0.1,1.0,0.0,200.0,21.82,VALID,350.0
2026-08-26 17:45:00,D,D1,7931.0,7000.0,0.1,1.0,0.0,200.0,22.25,VALID,93.1
2026-08-26 17:45:00,D,D2,7936.0,7000.0,0.1,1.0,0.0,200.0,21.69,VALID,93.6
2026-08-26 17:45:00,D,D3,7937.0,7000.0,0.1,1.0,0.0,200.0,22.0,VALID,93.7
2026-08-26 18:00:00,A,A1,8168.0,7000.0,0.1,1.0,0.0,200.0,22.13,VALID,116.8
2026-08-26 18:00:00,A,A2,8204.0,7000.0,0.1,1.0,0.0,200.0,22.06,VALID,120.4
2026-08-26 18:00:00,A,A3,8187.0,7000.0,0.1,1.0,0.0,200.0,22.05,VALID,118.7
2026-08-26 18:00:00,B,B1,8004.0,7000.0,0.1,1.0,0.0,200.0,21.74,VALID,100.4
2026-08-26 18:00:00,B,B2,8010.0,7000.0,0.1,1.0,0.0,200.0,21.73,VALID,101.0
2026-08-26 18:00:00,B,B3,8011.0,7000.0,0.1,1.0,0.0,200.0,22.05,VALID,101.1
2026-08-26 18:00:00,C,C1,8329.0,7000.0,0.1,1.0,0.0,200.0,22.01,VALID,132.9
2026-08-26 18:00:00,C,C2,8376.0,7000.0,0.1,1.0,0.0,200.0,21.79,VALID,137.6
2026-08-26 18:00:00,C,C3,10500.0,7000.0,0.1,1.0,0.0,200.0,21.78,VALID,350.0
2026-08-26 18:00:00,D,D1,7938.0,7000.0,0.1,1.0,0.0,200.0,21.97,VALID,93.8
2026-08-26 18:00:00,D,D2,7957.0,7000.0,0.1,1.0,0.0,200.0,21.91,VALID,95.7
2026-08-26 18:00:00,D,D3,7938.0,7000.0,0.1,1.0,0.0,200.0,22.37,VALID,93.8
2026-08-26 18:15:00,A,A1,8157.0,7000.0,0.1,1.0,0.0,200.0,22.26,VALID,115.7
2026-08-26 18:15:00,A,A2,8209.0,7000.0,0.1,1.0,0.0,200.0,22.16,VALID,120.9
2026-08-26 18:15:00,A,A3,8179.0,7000.0,0.1,1.0,0.0,200.0,22.29,VALID,117.9
2026-08-26 18:15:00,B,B1,8001.0,7000.0,0.1,1.0,0.0,200.0,21.87,VALID,100.1
2026-08-26 18:15:00,B,B2,8016.0,7000.0,0.1,1.0,0.0,200.0,21.89,VALID,101.6
2026-08-26 18:15:00,B,B3,8004.0,7000.0,0.1,1.0,0.0,200.0,22.23,VALID,100.4
2026-08-26 18:15:00,C,C1,8335.0,7000.0,0.1,1.0,0.0,200.0,22.0,VALID,133.5
2026-08-26 18:15:00,C,C2,8371.0,7000.0,0.1,1.0,0.0,200.0,22.01,VALID,137.1
2026-08-26 18:15:00,C,C3,10500.0,7000.0,0.1,1.0,0.0,200.0,21.77,VALID,350.0
2026-08-26 18:15:00,D,D1,7931.0,7000.0,0.1,1.0,0.0,200.0,22.22,VALID,93.1
2026-08-26 18:15:00,D,D2,7954.0,7000.0,0.1,1.0,0.0,200.0,22.11,VALID,95.4
2026-08-26 18:15:00,D,D3,7941.0,7000.0,0.1,1.0,0.0,200.0,21.94,VALID,94.1
2026-08-26 18:30:00,A,A1,8179.0,7000.0,0.1,1.0,0.0,200.0,21.91,VALID,117.9
2026-08-26 18:30:00,A,A2,8202.0,7000.0,0.1,1.0,0.0,200.0,22.27,VALID,120.2
2026-08-26 18:30:00,A,A3,8175.0,7000.0,0.1,1.0,0.0,200.0,21.89,VALID,117.5
2026-08-26 18:30:00,B,B1,7999.0,7000.0,0.1,1.0,0.0,200.0,21.73,VALID,99.9
2026-08-26 18:30:00,B,B2,8015.0,7000.0,0.1,1.0,0.0,200.0,22.29,VALID,101.5
2026-08-26 18:30:00,B,B3,8003.0,7000.0,0.1,1.0,0.0,200.0,22.29,VALID,100.3
2026-08-26 18:30:00,C,C1,8338.0,7000.0,0.1,1.0,0.0,200.0,22.45,VALID,133.8
2026-08-26 18:30:00,C,C2,8378.0,7000.0,0.1,1.0,0.0,200.0,22.0,VALID,137.8
2026-08-26 18:30:00,C,C3,10500.0,7000.0,0.1,1.0,0.0,200.0,21.89,VALID,350.0
2026-08-26 18:30:00,D,D1,7944.0,7000.0,0.1,1.0,0.0,200.0,22.12,VALID,94.4
2026-08-26 18:30:00,D,D2,7959.0,7000.0,0.1,1.0,0.0,200.0,21.76,VALID,95.9
2026-08-26 18:30:00,D,D3,7948.0,7000.0,0.1,1.0,0.0,200.0,21.83,VALID,94.8
2026-08-26 18:45:00,A,A1,8160.0,7000.0,0.1,1.0,0.0,200.0,22.11,VALID,116.0
2026-08-26 18:45:00,A,A2,8196.0,7000.0,0.1,1.0,0.0,200.0,22.07,VALID,119.6
2026-08-26 18:45:00,A,A3,8189.0,7000.0,0.1,1.0,0.0,200.0,22.23,VALID,118.9
2026-08-26 18:45:00,B,B1,8018.0,7000.0,0.1,1.0,0.0,200.0,21.82,VALID,101.8
2026-08-26 18:45:00,B,B2,8033.0,7000.0,0.1,1.0,0.0,200.0,22.43,VALID,103.3
2026-08-26 18:45:00,B,B3,8009.0,7000.0,0.1,1.0,0.0,200.0,21.72,VALID,100.9
2026-08-26 18:45:00,C,C1,8330.0,7000.0,0.1,1.0,0.0,200.0,21.97,VALID,133.0
2026-08-26 18:45:00,C,C2,8402.0,7000.0,0.1,1.0,0.0,200.0,22.06,VALID,140.2
2026-08-26 18:45:00,C,C3,6000.0,7000.0,0.1,1.0,0.0,200.0,21.92,VALID,-100.0
2026-08-26 18:45:00,D,D1,7920.0,7000.0,0.1,1.0,0.0,200.0,22.23,VALID,92.0
2026-08-26 18:45:00,D,D2,7950.0,7000.0,0.1,1.0,0.0,200.0,22.48,VALID,95.0
2026-08-26 18:45:00,D,D3,7948.0,7000.0,0.1,1.0,0.0,200.0,22.22,VALID,94.8
2026-08-26 19:00:00,A,A1,8171.0,7000.0,0.1,1.0,0.0,200.0,21.88,VALID,117.1
2026-08-26 19:00:00,A,A2,8187.0,7000.0,0.1,1.0,0.0,200.0,21.83,VALID,118.7
2026-08-26 19:00:00,A,A3,8191.0,7000.0,0.1,1.0,0.0,200.0,22.03,VALID,119.1
2026-08-26 19:00:00,B,B1,8013.0,7000.0,0.1,1.0,0.0,200.0,22.13,VALID,101.3
2026-08-26 19:00:00,B,B2,8017.0,7000.0,0.1,1.0,0.0,200.0,21.87,VALID,101.7
2026-08-26 19:00:00,B,B3,8015.0,7000.0,0.1,1.0,0.0,200.0,22.06,VALID,101.5
2026-08-26 19:00:00,C,C1,8351.0,7000.0,0.1,1.0,0.0,200.0,21.96,VALID,135.1
2026-08-26 19:00:00,C,C2,8390.0,7000.0,0.1,1.0,0.0,200.0,22.43,VALID,139.0
2026-08-26 19:00:00,C,C3,6000.0,7000.0,0.1,1.0,0.0,200.0,22.26,VALID,-100.0
2026-08-26 19:00:00,D,D1,7938.0,7000.0,0.1,1.0,0.0,200.0,22.48,VALID,93.8
2026-08-26 19:00:00,D,D2,7954.0,7000.0,0.1,1.0,0.0,200.0,22.24,VALID,95.4
2026-08-26 19:00:00,D,D3,7942.0,7000.0,0.1,1.0,0.0,200.0,21.95,VALID,94.2
2026-08-26 19:15:00,A,A1,8162.0,7000.0,0.1,1.0,0.0,200.0,22.41,VALID,116.2
2026-08-26 19:15:00,A,A2,8186.0,7000.0,0.1,1.0,0.0,200.0,22.31,VALID,118.6
2026-08-26 19:15:00,A,A3,8187.0,7000.0,0.1,1.0,0.0,200.0,22.34,VALID,118.7
2026-08-26 19:15:00,B,B1,8000.0,7000.0,0.1,1.0,0.0,200.0,22.0,VALID,100.0
2026-08-26 19:15:00,B,B2,8024.0,7000.0,0.1,1.0,0.0,200.0,22.1,VALID,102.4
2026-08-26 19:15:00,B,B3,8002.0,7000.0,0.1,1.0,0.0,200.0,22.55,VALID,100.2
2026-08-26 19:15:00,C,C1,8336.0,7000.0,0.1,1.0,0.0,200.0,21.96,VALID,133.6
2026-08-26 19:15:00,C,C2,8383.0,7000.0,0.1,1.0,0.0,200.0,22.41,VALID,138.3
2026-08-26 19:15:00,C,C3,6000.0,7000.0,0.1,1.0,0.0,200.0,22.39,VALID,-100.0
2026-08-26 19:15:00,D,D1,7925.0,7000.0,0.1,1.0,0.0,200.0,22.21,VALID,92.5
2026-08-26 19:15:00,D,D2,7945.0,7000.0,0.1,1.0,0.0,200.0,22.56,VALID,94.5
2026-08-26 19:15:00,D,D3,7944.0,7000.0,0.1,1.0,0.0,200.0,22.02,VALID,94.4
2026-08-26 19:30:00,A,A1,8171.0,7000.0,0.1,1.0,0.0,200.0,22.25,VALID,117.1
2026-08-26 19:30:00,A,A2,8197.0,7000.0,0.1,1.0,0.0,200.0,22.32,VALID,119.7
2026-08-26 19:30:00,A,A3,8184.0,7000.0,0.1,1.0,0.0,200.0,21.95,VALID,118.4
2026-08-26 19:30:00,B,B1,8003.0,7000.0,0.1,1.0,0.0,200.0,22.35,VALID,100.3
2026-08-26 19:30:00,B,B2,8015.0,7000.0,0.1,1.0,0.0,200.0,22.36,VALID,101.5
2026-08-26 19:30:00,B,B3,8014.0,7000.0,0.1,1.0,0.0,200.0,22.18,VALID,101.4
2026-08-26 19:30:00,C,C1,8354.0,7000.0,0.1,1.0,0.0,200.0,21.88,VALID,135.4
2026-08-26 19:30:00,C,C2,8380.0,7000.0,0.1,1.0,0.0,200.0,22.47,VALID,138.0
2026-08-26 19:30:00,C,C3,6000.0,7000.0,0.1,1.0,0.0,200.0,22.69,VALID,-100.0
2026-08-26 19:30:00,D,D1,7934.0,7000.0,0.1,1.0,0.0,200.0,22.32,VALID,93.4
2026-08-26 19:30:00,D,D2,7959.0,7000.0,0.1,1.0,0.0,200.0,22.48,VALID,95.9
2026-08-26 19:30:00,D,D3,7947.0,7000.0,0.1,1.0,0.0,200.0,22.41,VALID,94.7
2026-08-26 19:45:00,A,A1,8179.0,7000.0,0.1,1.0,0.0,200.0,22.41,VALID,117.9
2026-08-26 19:45:00,A,A2,8188.0,7000.0,0.1,1.0,0.0,200.0,22.24,VALID,118.8
2026-08-26 19:45:00,A,A3,8180.0,7000.0,0.1,1.0,0.0,200.0,22.07,VALID,118.0
2026-08-26 19:45:00,B,B1,7992.0,7000.0,0.1,1.0,0.0,200.0,22.22,VALID,99.2
2026-08-26 19:45:00,B,B2,8019.0,7000.0,0.1,1.0,0.0,200.0,22.33,VALID,101.9
2026-08-26 19:45:00,B,B3,8019.0,7000.0,0.1,1.0,0.0,200.0,22.35,VALID,101.9
2026-08-26 19:45:00,C,C1,8342.0,7000.0,0.1,1.0,0.0,200.0,22.13,VALID,134.2
2026-08-26 19:45:00,C,C2,8394.0,7000.0,0.1,1.0,0.0,200.0,22.29,VALID,139.4
2026-08-26 19:45:00,C,C3,6000.0,7000.0,0.1,1.0,0.0,200.0,22.27,VALID,-100.0
2026-08-26 19:45:00,D,D1,7928.0,7000.0,0.1,1.0,0.0,200.0,22.2,VALID,92.8
2026-08-26 19:45:00,D,D2,7947.0,7000.0,0.1,1.0,0.0,200.0,22.25,VALID,94.7
2026-08-26 19:45:00,D,D3,7950.0,7000.0,0.1,1.0,0.0,200.0,22.39,VALID,95.0
2026-08-26 20:00:00,A,A1,8189.0,7000.0,0.1,1.0,0.0,200.0,22.64,VALID,118.9
2026-08-26 20:00:00,A,A2,8215.0,7000.0,0.1,1.0,0.0,200.0,22.51,VALID,121.5
2026-08-26 20:00:00,A,A3,8190.0,7000.0,0.1,1.0,0.0,200.0,22.3,VALID,119.0
2026-08-26 20:00:00,B,B1,8015.0,7000.0,0.1,1.0,0.0,200.0,22.27,VALID,101.5
2026-08-26 20:00:00,B,B2,8009.0,7000.0,0.1,1.0,0.0,200.0,22.71,VALID,100.9
2026-08-26 20:00:00,B,B3,8004.0,7000.0,0.1,1.0,0.0,200.0,22.49,VALID,100.4
2026-08-26 20:00:00,C,C1,8337.0,7000.0,0.1,1.0,0.0,200.0,22.63,VALID,133.7
2026-08-26 20:00:00,C,C2,8399.0,7000.0,0.1,1.0,0.0,200.0,22.51,VALID,139.9
2026-08-26 20:00:00,C,C3,8376.0,7000.0,0.1,1.0,0.0,200.0,22.4,VALID,137.6
2026-08-26 20:00:00,D,D1,7955.0,7000.0,0.1,1.0,0.0,200.0,22.55,VALID,95.5
2026-08-26 20:00:00,D,D2,7945.0,7000.0,0.1,1.0,0.0,200.0,22.42,VALID,94.5
2026-08-26 20:00:00,D,D3,7944.0,7000.0,0.1,1.0,0.0,200.0,22.35,VALID,94.4
2026-08-26 20:15:00,A,A1,8161.0,7000.0,0.1,1.0,0.0,200.0,22.58,VALID,116.1
2026-08-26 20:15:00,A,A2,8186.0,7000.0,0.1,1.0,0.0,200.0,22.0,VALID,118.6
2026-08-26 20:15:00,A,A3,8183.0,7000.0,0.1,1.0,0.0,200.0,22.35,VALID,118.3
2026-08-26 20:15:00,B,B1,8000.0,7000.0,0.1,1.0,0.0,200.0,21.88,VALID,100.0
2026-08-26 20:15:00,B,B2,8015.0,7000.0,0.1,1.0,0.0,200.0,22.47,VALID,101.5
2026-08-26 20:15:00,B,B3,8010.0,7000.0,0.1,1.0,0.0,200.0,22.58,VALID,101.0
2026-08-26 20:15:00,C,C1,8359.0,7000.0,0.1,1.0,0.0,200.0,22.61,VALID,135.9
2026-08-26 20:15:00,C,C2,8397.0,7000.0,0.1,1.0,0.0,200.0,22.73,VALID,139.7
2026-08-26 20:15:00,C,C3,8357.0,7000.0,0.1,1.0,0.0,200.0,22.59,VALID,135.7
2026-08-26 20:15:00,D,D1,7945.0,7000.0,0.1,1.0,0.0,200.0,22.42,VALID,94.5
2026-08-26 20:15:00,D,D2,7947.0,7000.0,0.1,1.0,0.0,200.0,22.61,VALID,94.7
2026-08-26 20:15:00,D,D3,7933.0,7000.0,0.1,1.0,0.0,200.0,22.29,VALID,93.3
2026-08-26 20:30:00,A,A1,8171.0,7000.0,0.1,1.0,0.0,200.0,22.71,VALID,117.1
2026-08-26 20:30:00,A,A2,8201.0,7000.0,0.1,1.0,0.0,200.0,22.83,VALID,120.1
2026-08-26 20:30:00,A,A3,8179.0,7000.0,0.1,1.0,0.0,200.0,22.42,VALID,117.9
2026-08-26 20:30:00,B,B1,8014.0,7000.0,0.1,1.0,0.0,200.0,22.46,VALID,101.4
2026-08-26 20:30:00,B,B2,8019.0,7000.0,0.1,1.0,0.0,200.0,22.25,VALID,101.9
2026-08-26 20:30:00,B,B3,8020.0,7000.0,0.1,1.0,0.0,200.0,22.93,VALID,102.0
2026-08-26 20:30:00,C,C1,8338.0,7000.0,0.1,1.0,0.0,200.0,22.82,VALID,133.8
2026-08-26 20:30:00,C,C2,8389.0,7000.0,0.1,1.0,0.0,200.0,22.27,VALID,138.9
2026-08-26 20:30:00,C,C3,8359.0,7000.0,0.1,1.0,0.0,200.0,22.43,VALID,135.9
2026-08-26 20:30:00,D,D1,7934.0,7000.0,0.1,1.0,0.0,200.0,22.7,VALID,93.4
2026-08-26 20:30:00,D,D2,7972.0,7000.0,0.1,1.0,0.0,200.0,22.33,VALID,97.2
2026-08-26 20:30:00,D,D3,7943.0,7000.0,0.1,1.0,0.0,200.0,22.44,VALID,94.3
2026-08-26 20:45:00,A,A1,8167.0,7000.0,0.1,1.0,0.0,200.0,22.76,VALID,116.7
2026-08-26 20:45:00,A,A2,8200.0,7000.0,0.1,1.0,0.0,200.0,22.38,VALID,120.0
2026-08-26 20:45:00,A,A3,8188.0,7000.0,0.1,1.0,0.0,200.0,22.5,VALID,118.8
2026-08-26 20:45:00,B,B1,8010.0,7000.0,0.1,1.0,0.0,200.0,23.0,VALID,101.0
2026-08-26 20:45:00,B,B2,8029.0,7000.0,0.1,1.0,0.0,200.0,22.78,VALID,102.9
2026-08-26 20:45:00,B,B3,8013.0,7000.0,0.1,1.0,0.0,200.0,22.76,VALID,101.3
2026-08-26 20:45:00,C,C1,8353.0,7000.0,0.1,1.0,0.0,200.0,22.84,VALID,135.3
2026-08-26 20:45:00,C,C2,8389.0,7000.0,0.1,1.0,0.0,200.0,22.79,VALID,138.9
2026-08-26 20:45:00,C,C3,8356.0,7000.0,0.1,1.0,0.0,200.0,22.6,VALID,135.6
2026-08-26 20:45:00,D,D1,7945.0,7000.0,0.1,1.0,0.0,200.0,22.91,VALID,94.5
2026-08-26 20:45:00,D,D2,7957.0,7000.0,0.1,1.0,0.0,200.0,23.04,VALID,95.7
2026-08-26 20:45:00,D,D3,7953.0,7000.0,0.1,1.0,0.0,200.0,22.7,VALID,95.3
2026-08-26 21:00:00,A,A1,8168.0,7000.0,0.1,1.0,0.0,200.0,23.17,VALID,116.8
2026-08-26 21:00:00,A,A2,8208.0,7000.0,0.1,1.0,0.0,200.0,23.24,VALID,120.8
2026-08-26 21:00:00,A,A3,8209.0,7000.0,0.1,1.0,0.0,200.0,22.62,VALID,120.9
2026-08-26 21:00:00,B,B1,8000.0,7000.0,0.1,1.0,0.0,200.0,22.31,VALID,100.0
2026-08-26 21:00:00,B,B2,8035.0,7000.0,0.1,1.0,0.0,200.0,23.01,VALID,103.5
2026-08-26 21:00:00,B,B3,8020.0,7000.0,0.1,1.0,0.0,200.0,22.63,VALID,102.0
2026-08-26 21:00:00,C,C1,8349.0,7000.0,0.1,1.0,0.0,200.0,22.92,VALID,134.9
2026-08-26 21:00:00,C,C2,8398.0,7000.0,0.1,1.0,0.0,200.0,22.93,VALID,139.8
2026-08-26 21:00:00,C,C3,8375.0,7000.0,0.1,1.0,0.0,200.0,22.85,VALID,137.5
2026-08-26 21:00:00,D,D1,7950.0,7000.0,0.1,1.0,0.0,200.0,23.01,VALID,95.0
2026-08-26 21:00:00,D,D2,7947.0,7000.0,0.1,1.0,0.0,200.0,23.16,VALID,94.7
2026-08-26 21:00:00,D,D3,7960.0,7000.0,0.1,1.0,0.0,200.0,22.97,VALID,96.0
2026-08-26 21:15:00,A,A1,8183.0,7000.0,0.1,1.0,0.0,200.0,23.35,VALID,118.3
2026-08-26 21:15:00,A,A2,8188.0,7000.0,0.1,1.0,0.0,200.0,23.27,VALID,118.8
2026-08-26 21:15:00,A,A3,8186.0,7000.0,0.1,1.0,0.0,200.0,23.24,VALID,118.6
2026-08-26 21:15:00,B,B1,8014.0,7000.0,0.1,1.0,0.0,200.0,22.77,VALID,101.4
2026-08-26 21:15:00,B,B2,8023.0,7000.0,0.1,1.0,0.0,200.0,23.23,VALID,102.3
2026-08-26 21:15:00,B,B3,8019.0,7000.0,0.1,1.0,0.0,200.0,22.9,VALID,101.9
2026-08-26 21:15:00,C,C1,8345.0,7000.0,0.1,1.0,0.0,200.0,23.15,VALID,134.5
2026-08-26 21:15:00,C,C2,8408.0,7000.0,0.1,1.0,0.0,200.0,22.59,VALID,140.8
2026-08-26 21:15:00,C,C3,8396.0,7000.0,0.1,1.0,0.0,200.0,23.06,VALID,139.6
2026-08-26 21:15:00,D,D1,7946.0,7000.0,0.1,1.0,0.0,200.0,22.93,VALID,94.6
2026-08-26 21:15:00,D,D2,7959.0,7000.0,0.1,1.0,0.0,200.0,23.06,VALID,95.9
2026-08-26 21:15:00,D,D3,7941.0,7000.0,0.1,1.0,0.0,200.0,22.86,VALID,94.1
2026-08-26 21:30:00,A,A1,8193.0,7000.0,0.1,1.0,0.0,200.0,22.86,VALID,119.3
2026-08-26 21:30:00,A,A2,8208.0,7000.0,0.1,1.0,0.0,200.0,23.1,VALID,120.8
2026-08-26 21:30:00,A,A3,8183.0,7000.0,0.1,1.0,0.0,200.0,23.57,VALID,118.3
2026-08-26 21:30:00,B,B1,8005.0,7000.0,0.1,1.0,0.0,200.0,22.95,VALID,100.5
2026-08-26 21:30:00,B,B2,8027.0,7000.0,0.1,1.0,0.0,200.0,23.02,VALID,102.7
2026-08-26 21:30:00,B,B3,8022.0,7000.0,0.1,1.0,0.0,200.0,23.2,VALID,102.2
2026-08-26 21:30:00,C,C1,8354.0,7000.0,0.1,1.0,0.0,200.0,23.15,VALID,135.4
2026-08-26 21:30:00,C,C2,8388.0,7000.0,0.1,1.0,0.0,200.0,23.3,VALID,138.8
2026-08-26 21:30:00,C,C3,8371.0,7000.0,0.1,1.0,0.0,200.0,23.07,VALID,137.1
2026-08-26 21:30:00,D,D1,7955.0,7000.0,0.1,1.0,0.0,200.0,23.15,VALID,95.5
2026-08-26 21:30:00,D,D2,7970.0,7000.0,0.1,1.0,0.0,200.0,23.42,VALID,97.0
2026-08-26 21:30:00,D,D3,7964.0,7000.0,0.1,1.0,0.0,200.0,23.31,VALID,96.4
2026-08-26 21:45:00,A,A1,8184.0,7000.0,0.1,1.0,0.0,200.0,23.32,VALID,118.4
2026-08-26 21:45:00,A,A2,8203.0,7000.0,0.1,1.0,0.0,200.0,22.9,VALID,120.3
2026-08-26 21:45:00,A,A3,8200.0,7000.0,0.1,1.0,0.0,200.0,23.38,VALID,120.0
2026-08-26 21:45:00,B,B1,8023.0,7000.0,0.1,1.0,0.0,200.0,23.31,VALID,102.3
2026-08-26 21:45:00,B,B2,8036.0,7000.0,0.1,1.0,0.0,200.0,23.06,VALID,103.6
2026-08-26 21:45:00,B,B3,8013.0,7000.0,0.1,1.0,0.0,200.0,22.84,VALID,101.3
2026-08-26 21:45:00,C,C1,8352.0,7000.0,0.1,1.0,0.0,200.0,23.18,VALID,135.2
2026-08-26 21:45:00,C,C2,8387.0,7000.0,0.1,1.0,0.0,200.0,23.4,VALID,138.7
2026-08-26 21:45:00,C,C3,8370.0,7000.0,0.1,1.0,0.0,200.0,23.05,VALID,137.0
2026-08-26 21:45:00,D,D1,7966.0,7000.0,0.1,1.0,0.0,200.0,23.33,VALID,96.6
2026-08-26 21:45:00,D,D2,7952.0,7000.0,0.1,1.0,0.0,200.0,23.2,VALID,95.2
2026-08-26 21:45:00,D,D3,7952.0,7000.0,0.1,1.0,0.0,200.0,23.3,VALID,95.2
2026-08-26 22:00:00,A,A1,8197.0,7000.0,0.1,1.0,0.0,200.0,23.48,VALID,119.7
2026-08-26 22:00:00,A,A2,8224.0,7000.0,0.1,1.0,0.0,200.0,23.41,VALID,122.4
2026-08-26 22:00:00,A,A3,8199.0,7000.0,0.1,1.0,0.0,200.0,23.7,VALID,119.9
2026-08-26 22:00:00,B,B1,8028.0,7000.0,0.1,1.0,0.0,200.0,23.76,VALID,102.8
2026-08-26 22:00:00,B,B2,8030.0,7000.0,0.1,1.0,0.0,200.0,23.5,VALID,103.0
2026-08-26 22:00:00,B,B3,8003.0,7000.0,0.1,1.0,0.0,200.0,23.46,VALID,100.3
2026-08-26 22:00:00,C,C1,8365.0,7000.0,0.1,1.0,0.0,200.0,23.68,VALID,136.5
2026-08-26 22:00:00,C,C2,8396.0,7000.0,0.1,1.0,0.0,200.0,23.84,VALID,139.6
2026-08-26 22:00:00,C,C3,8372.0,7000.0,0.1,1.0,0.0,200.0,23.36,VALID,137.2
2026-08-26 22:00:00,D,D1,7941.0,7000.0,0.1,1.0,0.0,200.0,23.28,VALID,94.1
2026-08-26 22:00:00,D,D2,7969.0,7000.0,0.1,1.0,0.0,200.0,23.56,VALID,96.9
2026-08-26 22:00:00,D,D3,7961.0,7000.0,0.1,1.0,0.0,200.0,23.42,VALID,96.1
2026-08-26 22:15:00,A,A1,8186.0,7000.0,0.1,1.0,0.0,200.0,23.24,VALID,118.6
2026-08-26 22:15:00,A,A2,8212.0,7000.0,0.1,1.0,0.0,200.0,23.69,VALID,121.2
2026-08-26 22:15:00,A,A3,8187.0,7000.0,0.1,1.0,0.0,200.0,23.65,VALID,118.7
2026-08-26 22:15:00,B,B1,8016.0,7000.0,0.1,1.0,0.0,200.0,24.03,VALID,101.6
2026-08-26 22:15:00,B,B2,8024.0,7000.0,0.1,1.0,0.0,200.0,23.74,VALID,102.4
2026-08-26 22:15:00,B,B3,8017.0,7000.0,0.1,1.0,0.0,200.0,23.56,VALID,101.7
2026-08-26 22:15:00,C,C1,8359.0,7000.0,0.1,1.0,0.0,200.0,23.63,VALID,135.9
2026-08-26 22:15:00,C,C2,8399.0,7000.0,0.1,1.0,0.0,200.0,23.74,VALID,139.9
2026-08-26 22:15:00,C,C3,8372.0,7000.0,0.1,1.0,0.0,200.0,23.85,VALID,137.2
2026-08-26 22:15:00,D,D1,7944.0,7000.0,0.1,1.0,0.0,200.0,23.65,VALID,94.4
2026-08-26 22:15:00,D,D2,,7000.0,0.1,1.0,0.0,200.0,23.72,INVALID,
2026-08-26 22:15:00,D,D3,7962.0,7000.0,0.1,1.0,0.0,200.0,23.74,VALID,96.2
2026-08-26 22:30:00,A,A1,8192.0,7000.0,0.1,1.0,0.0,200.0,23.79,VALID,119.2
2026-08-26 22:30:00,A,A2,8201.0,7000.0,0.1,1.0,0.0,200.0,23.57,VALID,120.1
2026-08-26 22:30:00,A,A3,8183.0,7000.0,0.1,1.0,0.0,200.0,24.2,VALID,118.3
2026-08-26 22:30:00,B,B1,8000.0,7000.0,0.1,1.0,0.0,200.0,24.09,VALID,100.0
2026-08-26 22:30:00,B,B2,8028.0,7000.0,0.1,1.0,0.0,200.0,24.09,VALID,102.8
2026-08-26 22:30:00,B,B3,8008.0,7000.0,0.1,1.0,0.0,200.0,23.8,VALID,100.8
2026-08-26 22:30:00,C,C1,8371.0,7000.0,0.1,1.0,0.0,200.0,23.99,VALID,137.1
2026-08-26 22:30:00,C,C2,8397.0,7000.0,0.1,1.0,0.0,200.0,23.46,VALID,139.7
2026-08-26 22:30:00,C,C3,8366.0,7000.0,0.1,1.0,0.0,200.0,24.13,VALID,136.6
2026-08-26 22:30:00,D,D1,7945.0,7000.0,0.1,1.0,0.0,200.0,23.84,VALID,94.5
2026-08-26 22:30:00,D,D2,,7000.0,0.1,1.0,0.0,200.0,23.59,INVALID,
2026-08-26 22:30:00,D,D3,7962.0,7000.0,0.1,1.0,0.0,200.0,23.77,VALID,96.2
2026-08-26 22:45:00,A,A1,8193.0,7000.0,0.1,1.0,0.0,200.0,23.92,VALID,119.3
2026-08-26 22:45:00,A,A2,8198.0,7000.0,0.1,1.0,0.0,200.0,23.95,VALID,119.8
2026-08-26 22:45:00,A,A3,8206.0,7000.0,0.1,1.0,0.0,200.0,24.11,VALID,120.6
2026-08-26 22:45:00,B,B1,8022.0,7000.0,0.1,1.0,0.0,200.0,24.22,VALID,102.2
2026-08-26 22:45:00,B,B2,8035.0,7000.0,0.1,1.0,0.0,200.0,24.05,VALID,103.5
2026-08-26 22:45:00,B,B3,8026.0,7000.0,0.1,1.0,0.0,200.0,24.23,VALID,102.6
2026-08-26 22:45:00,C,C1,8363.0,7000.0,0.1,1.0,0.0,200.0,23.92,VALID,136.3
2026-08-26 22:45:00,C,C2,8389.0,7000.0,0.1,1.0,0.0,200.0,24.26,VALID,138.9
2026-08-26 22:45:00,C,C3,8373.0,7000.0,0.1,1.0,0.0,200.0,24.05,VALID,137.3
2026-08-26 22:45:00,D,D1,7971.0,7000.0,0.1,1.0,0.0,200.0,24.2,VALID,97.1
2026-08-26 22:45:00,D,D2,,7000.0,0.1,1.0,0.0,200.0,23.93,INVALID,
2026-08-26 22:45:00,D,D3,7970.0,7000.0,0.1,1.0,0.0,200.0,24.04,VALID,97.0
2026-08-26 23:00:00,A,A1,8195.0,7000.0,0.1,1.0,0.0,200.0,24.63,VALID,119.5
2026-08-26 23:00:00,A,A2,8211.0,7000.0,0.1,1.0,0.0,200.0,24.23,VALID,121.1
2026-08-26 23:00:00,A,A3,8194.0,7000.0,0.1,1.0,0.0,200.0,24.4,VALID,119.4
2026-08-26 23:00:00,B,B1,8019.0,7000.0,0.1,1.0,0.0,200.0,24.43,VALID,101.9
2026-08-26 23:00:00,B,B2,8024.0,7000.0,0.1,1.0,0.0,200.0,24.33,VALID,102.4
2026-08-26 23:00:00,B,B3,8026.0,7000.0,0.1,1.0,0.0,200.0,24.37,VALID,102.6
2026-08-26 23:00:00,C,C1,8362.0,7000.0,0.1,1.0,0.0,200.0,24.12,VALID,136.2
2026-08-26 23:00:00,C,C2,8400.0,7000.0,0.1,1.0,0.0,200.0,24.05,VALID,140.0
2026-08-26 23:00:00,C,C3,8389.0,7000.0,0.1,1.0,0.0,200.0,24.01,VALID,138.9
2026-08-26 23:00:00,D,D1,7949.0,7000.0,0.1,1.0,0.0,200.0,24.29,VALID,94.9
2026-08-26 23:00:00,D,D2,,7000.0,0.1,1.0,0.0,200.0,24.22,INVALID,
2026-08-26 23:00:00,D,D3,7959.0,7000.0,0.1,1.0,0.0,200.0,24.28,VALID,95.9
2026-08-26 23:15:00,A,A1,8175.0,7000.0,0.1,1.0,0.0,200.0,24.17,VALID,117.5
2026-08-26 23:15:00,A,A2,8212.0,7000.0,0.1,1.0,0.0,200.0,24.27,VALID,121.2
2026-08-26 23:15:00,A,A3,8189.0,7000.0,0.1,1.0,0.0,200.0,24.59,VALID,118.9
2026-08-26 23:15:00,B,B1,8028.0,7000.0,0.1,1.0,0.0,200.0,24.44,VALID,102.8
2026-08-26 23:15:00,B,B2,8034.0,7000.0,0.1,1.0,0.0,200.0,24.43,VALID,103.4
2026-08-26 23:15:00,B,B3,8038.0,7000.0,0.1,1.0,0.0,200.0,24.36,VALID,103.8
2026-08-26 23:15:00,C,C1,8367.0,7000.0,0.1,1.0,0.0,200.0,24.26,VALID,136.7
2026-08-26 23:15:00,C,C2,8406.0,7000.0,0.1,1.0,0.0,200.0,24.64,VALID,140.6
2026-08-26 23:15:00,C,C3,8395.0,7000.0,0.1,1.0,0.0,200.0,24.68,VALID,139.5
2026-08-26 23:15:00,D,D1,7956.0,7000.0,0.1,1.0,0.0,200.0,24.42,VALID,95.6
2026-08-26 23:15:00,D,D2,,7000.0,0.1,1.0,0.0,200.0,24.05,INVALID,
2026-08-26 23:15:00,D,D3,7951.0,7000.0,0.1,1.0,0.0,200.0,24.38,VALID,95.1
2026-08-26 23:30:00,A,A1,8194.0,7000.0,0.1,1.0,0.0,200.0,24.89,VALID,119.4
2026-08-26 23:30:00,A,A2,8229.0,7000.0,0.1,1.0,0.0,200.0,24.47,VALID,122.9
2026-08-26 23:30:00,A,A3,8213.0,7000.0,0.1,1.0,0.0,200.0,24.51,VALID,121.3
2026-08-26 23:30:00,B,B1,8033.0,7000.0,0.1,1.0,0.0,200.0,24.77,VALID,103.3
2026-08-26 23:30:00,B,B2,8053.0,7000.0,0.1,1.0,0.0,200.0,24.51,VALID,105.3
2026-08-26 23:30:00,B,B3,8044.0,7000.0,0.1,1.0,0.0,200.0,24.23,VALID,104.4
2026-08-26 23:30:00,C,C1,8377.0,7000.0,0.1,1.0,0.0,200.0,24.6,VALID,137.7
2026-08-26 23:30:00,C,C2,8407.0,7000.0,0.1,1.0,0.0,200.0,24.2,VALID,140.7
2026-08-26 23:30:00,C,C3,8382.0,7000.0,0.1,1.0,0.0,200.0,24.88,VALID,138.2
2026-08-26 23:30:00,D,D1,7951.0,7000.0,0.1,1.0,0.0,200.0,24.75,VALID,95.1
2026-08-26 23:30:00,D,D2,,7000.0,0.1,1.0,0.0,200.0,24.82,INVALID,
2026-08-26 23:30:00,D,D3,7967.0,7000.0,0.1,1.0,0.0,200.0,24.42,VALID,96.7
2026-08-26 23:45:00,A,A1,8198.0,7000.0,0.1,1.0,0.0,200.0,25.12,VALID,119.8
2026-08-26 23:45:00,A,A2,8223.0,7000.0,0.1,1.0,0.0,200.0,24.78,VALID,122.3
2026-08-26 23:45:00,A,A3,8227.0,7000.0,0.1,1.0,0.0,200.0,25.04,VALID,122.7
2026-08-26 23:45:00,B,B1,8036.0,7000.0,0.1,1.0,0.0,200.0,24.87,VALID,103.6
2026-08-26 23:45:00,B,B2,8051.0,7000.0,0.1,1.0,0.0,200.0,24.96,VALID,105.1
2026-08-26 23:45:00,B,B3,8017.0,7000.0,0.1,1.0,0.0,200.0,24.88,VALID,101.7
2026-08-26 23:45:00,C,C1,8366.0,7000.0,0.1,1.0,0.0,200.0,24.7,VALID,136.6
2026-08-26 23:45:00,C,C2,8407.0,7000.0,0.1,1.0,0.0,200.0,24.49,VALID,140.7
2026-08-26 23:45:00,C,C3,8371.0,7000.0,0.1,1.0,0.0,200.0,25.05,VALID,137.1
2026-08-26 23:45:00,D,D1,7961.0,7000.0,0.1,1.0,0.0,200.0,24.32,VALID,96.1
2026-08-26 23:45:00,D,D2,,7000.0,0.1,1.0,0.0,200.0,24.98,INVALID,
2026-08-26 23:45:00,D,D3,7964.0,7000.0,0.1,1.0,0.0,200.0,25.05,VALID,96.4
